Workbook

Sheet Indicadores
A1: ID | B1: Nome | C1: 2024 | K1: 2023 | S1: 2022 | AA1: 2021 | AI1: 2020
C2: Receita per capita | D2: Participação dos gastos operacionais | E2: Cobertura de despesas | F2: Recursos para cobertura de queda de receita | G2: Recursos para cobertura de obrigações correntes | H2: Compromentimento das receitas com as obrigações correntes | I2: Dívida per capita | J2: Comprometimento das receitas correntes com o endividamento | K2: Receita per capita | L2: Participação dos gastos operacionais | M2: Cobertura de despesas | N2: Recursos para cobertura de queda de receita | O2: Recursos para cobertura de obrigações correntes | P2: Compromentimento das receitas com as obrigações correntes | Q2: Dívida per capita | R2: Comprometimento das receitas correntes com o endividamento | S2: Receita per capita | T2: Participação dos gastos operacionais | U2: Cobertura de despesas | V2: Recursos para cobertura de queda de receita | W2: Recursos para cobertura de obrigações correntes | X2: Compromentimento das receitas com as obrigações correntes | Y2: Dívida per capita | Z2: Comprometimento das receitas correntes com o endividamento | AA2: Receita per capita | AB2: Participação dos gastos operacionais | AC2: Cobertura de despesas | AD2: Recursos para cobertura de queda de receita | AE2: Recursos para cobertura de obrigações correntes | AF2: Compromentimento das receitas com as obrigações correntes | AG2: Dívida per capita | AH2: Comprometimento das receitas correntes com o endividamento | AI2: Receita per capita | AJ2: Participação dos gastos operacionais | AK2: Cobertura de despesas | AL2: Recursos para cobertura de queda de receita | AM2: Recursos para cobertura de obrigações correntes | AN2: Compromentimento das receitas com as obrigações correntes | AO2: Dívida per capita | AP2: Comprometimento das receitas correntes com o endividamento
A3: 9 | B3: Consórcio Público da Região Polo Sul - CIM POLO SUL | C3: =Dados!F3/Dados!G3 -> 131.98121 | D3: =Dados!H3/Dados!I3 -> 0.99379144 | E3: =Dados!F3/Dados!I3 -> 1.0458449 | F3: =Dados!J3/Dados!F3 -> 0.043835287 | G3: =Dados!K3/Dados!M3 -> 4876.8989 | H3: =Dados!M3/Dados!F3 -> 2.9992424e-06 | I3: =Dados!N3/Dados!G3 -> 0 | J3: =Dados!N3/Dados!L3 -> 0 | K3: =Dados!O3/Dados!P3 -> 118.12805 | L3: =Dados!Q3/Dados!R3 -> 0.98602512 | M3: =Dados!O3/Dados!R3 -> 1.0012242 | N3: =Dados!S3/Dados!O3 -> 0.0012227107 | O3: =Dados!T3/Dados!V3 -> 145.02036 | P3: =Dados!V3/Dados!O3 -> 0.00067837287 | Q3: =Dados!W3/Dados!P3 -> 0 | R3: =Dados!W3/Dados!U3 -> 0 | S3: =Dados!X3/Dados!Y3 -> 88.942868 | T3: =Dados!Z3/Dados!AA3 -> 0.97864604 | U3: =Dados!X3/Dados!AA3 -> 1.0223186 | V3: =Dados!AB3/Dados!X3 -> 0.021831333 | W3: =Dados!AC3/Dados!AE3 -> 16.740434 | X3: =Dados!AE3/Dados!X3 -> 0.0076911137 | Y3: =Dados!AF3/Dados!Y3 -> 0 | Z3: =Dados!AF3/Dados!AD3 -> 0 | AA3: =Dados!AG3/Dados!AH3 -> 68.96868 | AB3: =Dados!AI3/Dados!AJ3 -> 0.99949881 | AC3: =Dados!AG3/Dados!AJ3 -> 1.0632336 | AD3: =Dados!AK3/Dados!AG3 -> 0.059472904 | AE3: =Dados!AL3/Dados!AN3 -> 258.86675 | AF3: =Dados!AN3/Dados!AG3 -> 0.00049883075 | AG3: =Dados!AO3/Dados!AH3 -> 0 | AH3: =Dados!AO3/Dados!AM3 -> 0 | AI3: =Dados!AP3/Dados!AQ3 -> 34.956594 | AJ3: =Dados!AR3/Dados!AS3 -> 0.99561601 | AK3: =Dados!AP3/Dados!AS3 -> 1.0691754 | AL3: =Dados!AT3/Dados!AP3 -> 0.06469975 | AM3: =Dados!AU3/Dados!AW3 -> 153.86168 | AN3: =Dados!AW3/Dados!AP3 -> 0.00089588769 | AO3: =Dados!AX3/Dados!AQ3 -> 0 | AP3: =Dados!AX3/Dados!AV3 -> 0
A4: 20 | B4: Consórcio Público Intermunicipal de Saúde do Alto Paranaíba - CISALP | C4: =Dados!F4/Dados!G4 -> 298.14327 | D4: =Dados!H4/Dados!I4 -> 0.95393904 | E4: =Dados!F4/Dados!I4 -> 1.0798705 | F4: =Dados!J4/Dados!F4 -> 0.073963013 | G4: =Dados!K4/Dados!M4 -> 61.770847 | H4: =Dados!M4/Dados!F4 -> 0.0048483245 | I4: =Dados!N4/Dados!G4 -> 0 | J4: =Dados!N4/Dados!L4 -> 0 | K4: =Dados!O4/Dados!P4 -> 192.56048 | L4: =Dados!Q4/Dados!R4 -> 0.98686509 | M4: =Dados!O4/Dados!R4 -> 1.1597657 | N4: =Dados!S4/Dados!O4 -> 0.13775689 | O4: =Dados!T4/Dados!V4 -> 24.202512 | P4: =Dados!V4/Dados!O4 -> 0.010297431 | Q4: =Dados!W4/Dados!P4 -> 0 | R4: =Dados!W4/Dados!U4 -> 0 | S4: =Dados!X4/Dados!Y4 -> 76.994652 | T4: =Dados!Z4/Dados!AA4 -> 0.99767172 | U4: =Dados!X4/Dados!AA4 -> 1.0936365 | V4: =Dados!AB4/Dados!X4 -> 0.085619375 | W4: =Dados!AC4/Dados!AE4 -> 55.53288 | X4: =Dados!AE4/Dados!X4 -> 0.0032764694 | Y4: =Dados!AF4/Dados!Y4 -> 0 | Z4: =Dados!AF4/Dados!AD4 -> 0 | AA4: =Dados!AG4/Dados!AH4 -> 30.96375 | AB4: =Dados!AI4/Dados!AJ4 -> 0.99410858 | AC4: =Dados!AG4/Dados!AJ4 -> 0.99688525 | AD4: =Dados!AK4/Dados!AG4 -> -0.0031244836 | AE4: =Dados!AL4/Dados!AN4 -> 4.4063119 | AF4: =Dados!AN4/Dados!AG4 -> 0.028615469 | AG4: =Dados!AO4/Dados!AH4 -> 0 | AH4: =Dados!AO4/Dados!AM4 -> 0 | AI4: =Dados!AP4/Dados!AQ4 -> 14.982399 | AJ4: =Dados!AR4/Dados!AS4 -> 0.99770234 | AK4: =Dados!AP4/Dados!AS4 -> 0.9623125 | AL4: =Dados!AT4/Dados!AP4 -> -0.039163478 | AM4: =Dados!AU4/Dados!AW4 -> 7.4026333 | AN4: =Dados!AW4/Dados!AP4 -> 0.013662892 | AO4: =Dados!AX4/Dados!AQ4 -> 0 | AP4: =Dados!AX4/Dados!AV4 -> 0
A5: 21 | B5: Consórcio Intermunicipal de Saúde da Mata Leste CISLESTE | C5: =Dados!F5/Dados!G5 -> 192.19075 | D5: =Dados!H5/Dados!I5 -> 0.94680416 | E5: =Dados!F5/Dados!I5 -> 1.0847602 | F5: =Dados!J5/Dados!F5 -> 0.078137228 | G5: =Dados!K5/Dados!M5 -> #DIV/0! | H5: =Dados!M5/Dados!F5 -> 0 | I5: =Dados!N5/Dados!G5 -> 0 | J5: =Dados!N5/Dados!L5 -> 0 | K5: =Dados!O5/Dados!P5 -> 144.36714 | L5: =Dados!Q5/Dados!R5 -> 0.99332918 | M5: =Dados!O5/Dados!R5 -> 1.142129 | N5: =Dados!S5/Dados!O5 -> 0.12444218 | O5: =Dados!T5/Dados!V5 -> #DIV/0! | P5: =Dados!V5/Dados!O5 -> 0 | Q5: =Dados!W5/Dados!P5 -> 0 | R5: =Dados!W5/Dados!U5 -> 0 | S5: =Dados!X5/Dados!Y5 -> 109.27206 | T5: =Dados!Z5/Dados!AA5 -> 0.99794734 | U5: =Dados!X5/Dados!AA5 -> 1.1075066 | V5: =Dados!AB5/Dados!X5 -> 0.097070841 | W5: =Dados!AC5/Dados!AE5 -> #DIV/0! | X5: =Dados!AE5/Dados!X5 -> 0 | Y5: =Dados!AF5/Dados!Y5 -> 0 | Z5: =Dados!AF5/Dados!AD5 -> 0 | AA5: =Dados!AG5/Dados!AH5 -> 71.91703 | AB5: =Dados!AI5/Dados!AJ5 -> 0.99105927 | AC5: =Dados!AG5/Dados!AJ5 -> 0.98457617 | AD5: =Dados!AK5/Dados!AG5 -> -0.015665447 | AE5: =Dados!AL5/Dados!AN5 -> #DIV/0! | AF5: =Dados!AN5/Dados!AG5 -> 0 | AG5: =Dados!AO5/Dados!AH5 -> 0 | AH5: =Dados!AO5/Dados!AM5 -> 0 | AI5: =Dados!AP5/Dados!AQ5 -> 46.537106 | AJ5: =Dados!AR5/Dados!AS5 -> 0.97749583 | AK5: =Dados!AP5/Dados!AS5 -> 0.97551813 | AL5: =Dados!AT5/Dados!AP5 -> -0.025096274 | AM5: =Dados!AU5/Dados!AW5 -> #DIV/0! | AN5: =Dados!AW5/Dados!AP5 -> 0 | AO5: =Dados!AX5/Dados!AQ5 -> 0 | AP5: =Dados!AX5/Dados!AV5 -> 0
A6: 28 | B6: Consórcio Intermunicipal de Saúde da Microrregião de Viçosa CISMIV | C6: =Dados!F6/Dados!G6 -> 149.17299 | D6: =Dados!H6/Dados!I6 -> 0.74115328 | E6: =Dados!F6/Dados!I6 -> 0.99155557 | F6: =Dados!J6/Dados!F6 -> -0.0085163423 | G6: =Dados!K6/Dados!M6 -> 294.43769 | H6: =Dados!M6/Dados!F6 -> 0.0015851836 | I6: =Dados!N6/Dados!G6 -> 0 | J6: =Dados!N6/Dados!L6 -> 0 | K6: =Dados!O6/Dados!P6 -> 121.54991 | L6: =Dados!Q6/Dados!R6 -> 0.86459488 | M6: =Dados!O6/Dados!R6 -> 1.3073137 | N6: =Dados!S6/Dados!O6 -> 0.23507266 | O6: =Dados!T6/Dados!V6 -> 40.287197 | P6: =Dados!V6/Dados!O6 -> 0.01466005 | Q6: =Dados!W6/Dados!P6 -> 0 | R6: =Dados!W6/Dados!U6 -> 0 | S6: =Dados!X6/Dados!Y6 -> 98.931082 | T6: =Dados!Z6/Dados!AA6 -> 0.96782592 | U6: =Dados!X6/Dados!AA6 -> 1.2282707 | V6: =Dados!AB6/Dados!X6 -> 0.18584725 | W6: =Dados!AC6/Dados!AE6 -> 15.745738 | X6: =Dados!AE6/Dados!X6 -> 0.022206006 | Y6: =Dados!AF6/Dados!Y6 -> 0 | Z6: =Dados!AF6/Dados!AD6 -> 0 | AA6: =Dados!AG6/Dados!AH6 -> 68.220395 | AB6: =Dados!AI6/Dados!AJ6 -> 0.99558674 | AC6: =Dados!AG6/Dados!AJ6 -> 1.0641193 | AD6: =Dados!AK6/Dados!AG6 -> 0.06025575 | AE6: =Dados!AL6/Dados!AN6 -> 6.6373693 | AF6: =Dados!AN6/Dados!AG6 -> 0.033210694 | AG6: =Dados!AO6/Dados!AH6 -> 0 | AH6: =Dados!AO6/Dados!AM6 -> 0 | AI6: =Dados!AP6/Dados!AQ6 -> 47.760847 | AJ6: =Dados!AR6/Dados!AS6 -> 0.97341422 | AK6: =Dados!AP6/Dados!AS6 -> 1.1436009 | AL6: =Dados!AT6/Dados!AP6 -> 0.11842353 | AM6: =Dados!AU6/Dados!AW6 -> 5.8236486 | AN6: =Dados!AW6/Dados!AP6 -> 0.041164439 | AO6: =Dados!AX6/Dados!AQ6 -> 0 | AP6: =Dados!AX6/Dados!AV6 -> 0
A7: 29 | B7: Consórcio Intermunicipal de Saúde do Alto das Vertentes - CISALV | C7: =Dados!F7/Dados!G7 -> 141.08762 | D7: =Dados!H7/Dados!I7 -> 0.9223693 | E7: =Dados!F7/Dados!I7 -> 1.4088142 | F7: =Dados!J7/Dados!F7 -> 0.2901832 | G7: =Dados!K7/Dados!M7 -> 46.497676 | H7: =Dados!M7/Dados!F7 -> 0.010215208 | I7: =Dados!N7/Dados!G7 -> 0 | J7: =Dados!N7/Dados!L7 -> 0 | K7: =Dados!O7/Dados!P7 -> 84.098522 | L7: =Dados!Q7/Dados!R7 -> 0.76632518 | M7: =Dados!O7/Dados!R7 -> 1.0892972 | N7: =Dados!S7/Dados!O7 -> 0.081976882 | O7: =Dados!T7/Dados!V7 -> 60.602593 | P7: =Dados!V7/Dados!O7 -> 0.006774024 | Q7: =Dados!W7/Dados!P7 -> 0 | R7: =Dados!W7/Dados!U7 -> 0 | S7: =Dados!X7/Dados!Y7 -> 62.810079 | T7: =Dados!Z7/Dados!AA7 -> 0.9798645 | U7: =Dados!X7/Dados!AA7 -> 1.3544978 | V7: =Dados!AB7/Dados!X7 -> 0.26171901 | W7: =Dados!AC7/Dados!AE7 -> 221.28946 | X7: =Dados!AE7/Dados!X7 -> 0.0013991096 | Y7: =Dados!AF7/Dados!Y7 -> 0 | Z7: =Dados!AF7/Dados!AD7 -> 0 | AA7: =Dados!AG7/Dados!AH7 -> 33.105997 | AB7: =Dados!AI7/Dados!AJ7 -> 0.98506872 | AC7: =Dados!AG7/Dados!AJ7 -> 1.0303373 | AD7: =Dados!AK7/Dados!AG7 -> 0.029444017 | AE7: =Dados!AL7/Dados!AN7 -> 226.29762 | AF7: =Dados!AN7/Dados!AG7 -> 0.0012052133 | AG7: =Dados!AO7/Dados!AH7 -> 0 | AH7: =Dados!AO7/Dados!AM7 -> 0 | AI7: =Dados!AP7/Dados!AQ7 -> 25.454376 | AJ7: =Dados!AR7/Dados!AS7 -> 0.98998414 | AK7: =Dados!AP7/Dados!AS7 -> 1.0417823 | AL7: =Dados!AT7/Dados!AP7 -> 0.040106592 | AM7: =Dados!AU7/Dados!AW7 -> 42.702597 | AN7: =Dados!AW7/Dados!AP7 -> 0.0032152328 | AO7: =Dados!AX7/Dados!AQ7 -> 0 | AP7: =Dados!AX7/Dados!AV7 -> 0
A8: 31 | B8: Consorcio Intermunicipal de Especialidades - CIESP | C8: =Dados!F8/Dados!G8 -> 113.84361 | D8: =Dados!H8/Dados!I8 -> 0.8088657 | E8: =Dados!F8/Dados!I8 -> 1.6741895 | F8: =Dados!J8/Dados!F8 -> 0.40269603 | G8: =Dados!K8/Dados!M8 -> 23.97661 | H8: =Dados!M8/Dados!F8 -> 0.021598212 | I8: =Dados!N8/Dados!G8 -> 0 | J8: =Dados!N8/Dados!L8 -> 0 | K8: =Dados!O8/Dados!P8 -> 81.067086 | L8: =Dados!Q8/Dados!R8 -> 0.7858529 | M8: =Dados!O8/Dados!R8 -> 1.5564725 | N8: =Dados!S8/Dados!O8 -> 0.35752156 | O8: =Dados!T8/Dados!V8 -> 23.743864 | P8: =Dados!V8/Dados!O8 -> 0.020880114 | Q8: =Dados!W8/Dados!P8 -> 0 | R8: =Dados!W8/Dados!U8 -> 0 | S8: =Dados!X8/Dados!Y8 -> 60.889554 | T8: =Dados!Z8/Dados!AA8 -> 0.9849943 | U8: =Dados!X8/Dados!AA8 -> 1.4709891 | V8: =Dados!AB8/Dados!X8 -> 0.32018529 | W8: =Dados!AC8/Dados!AE8 -> 29.416035 | X8: =Dados!AE8/Dados!X8 -> 0.013077873 | Y8: =Dados!AF8/Dados!Y8 -> 0 | Z8: =Dados!AF8/Dados!AD8 -> 0 | AA8: =Dados!AG8/Dados!AH8 -> 37.591366 | AB8: =Dados!AI8/Dados!AJ8 -> 0.99247945 | AC8: =Dados!AG8/Dados!AJ8 -> 1.1372946 | AD8: =Dados!AK8/Dados!AG8 -> 0.12072034 | AE8: =Dados!AL8/Dados!AN8 -> 3.582357 | AF8: =Dados!AN8/Dados!AG8 -> 0.093652921 | AG8: =Dados!AO8/Dados!AH8 -> 0 | AH8: =Dados!AO8/Dados!AM8 -> 0 | AI8: =Dados!AP8/Dados!AQ8 -> 28.357114 | AJ8: =Dados!AR8/Dados!AS8 -> 0.98605302 | AK8: =Dados!AP8/Dados!AS8 -> 1.0588013 | AL8: =Dados!AT8/Dados!AP8 -> 0.055535747 | AM8: =Dados!AU8/Dados!AW8 -> 3.2915997 | AN8: =Dados!AW8/Dados!AP8 -> 0.10685843 | AO8: =Dados!AX8/Dados!AQ8 -> 0 | AP8: =Dados!AX8/Dados!AV8 -> 0
A9: 33 | B9: Consórcio Público Intermunicipal de Saúde do Triângulo Mineiro CISTM | C9: =Dados!F9/Dados!G9 -> 0 | D9: =Dados!H9/Dados!I9 -> #DIV/0! | E9: =Dados!F9/Dados!I9 -> #DIV/0! | F9: =Dados!J9/Dados!F9 -> #DIV/0! | G9: =Dados!K9/Dados!M9 -> #DIV/0! | H9: =Dados!M9/Dados!F9 -> #DIV/0! | I9: =Dados!N9/Dados!G9 -> 0 | J9: =Dados!N9/Dados!L9 -> #DIV/0! | K9: =Dados!O9/Dados!P9 -> 0 | L9: =Dados!Q9/Dados!R9 -> #DIV/0! | M9: =Dados!O9/Dados!R9 -> #DIV/0! | N9: =Dados!S9/Dados!O9 -> #DIV/0! | O9: =Dados!T9/Dados!V9 -> #DIV/0! | P9: =Dados!V9/Dados!O9 -> #DIV/0! | Q9: =Dados!W9/Dados!P9 -> 0 | R9: =Dados!W9/Dados!U9 -> #DIV/0! | S9: =Dados!X9/Dados!Y9 -> 0 | T9: =Dados!Z9/Dados!AA9 -> #DIV/0! | U9: =Dados!X9/Dados!AA9 -> #DIV/0! | V9: =Dados!AB9/Dados!X9 -> #DIV/0! | W9: =Dados!AC9/Dados!AE9 -> #DIV/0! | X9: =Dados!AE9/Dados!X9 -> #DIV/0! | Y9: =Dados!AF9/Dados!Y9 -> 0 | Z9: =Dados!AF9/Dados!AD9 -> #DIV/0! | AA9: =Dados!AG9/Dados!AH9 -> 19.347946 | AB9: =Dados!AI9/Dados!AJ9 -> 0.9646851 | AC9: =Dados!AG9/Dados!AJ9 -> 0.98531075 | AD9: =Dados!AK9/Dados!AG9 -> -0.014908237 | AE9: =Dados!AL9/Dados!AN9 -> 134.20373 | AF9: =Dados!AN9/Dados!AG9 -> 0.0023500074 | AG9: =Dados!AO9/Dados!AH9 -> 0 | AH9: =Dados!AO9/Dados!AM9 -> 0 | AI9: =Dados!AP9/Dados!AQ9 -> 16.01279 | AJ9: =Dados!AR9/Dados!AS9 -> 0.96270633 | AK9: =Dados!AP9/Dados!AS9 -> 1.121282 | AL9: =Dados!AT9/Dados!AP9 -> 0.10816372 | AM9: =Dados!AU9/Dados!AW9 -> 26.740109 | AN9: =Dados!AW9/Dados!AP9 -> 0.013626377 | AO9: =Dados!AX9/Dados!AQ9 -> 0 | AP9: =Dados!AX9/Dados!AV9 -> 0
A10: 36 | B10: Consórcio Intermunicipal de Saúde da Rede de Urgência e Emergência da Região Ampliada do Noroeste CISREUNO | C10: =Dados!F10/Dados!G10 -> 61.134074 | D10: =Dados!H10/Dados!I10 -> 0.97218914 | E10: =Dados!F10/Dados!I10 -> 0.95479087 | F10: =Dados!J10/Dados!F10 -> -0.047349767 | G10: =Dados!K10/Dados!M10 -> 12.417569 | H10: =Dados!M10/Dados!F10 -> 0.039151113 | I10: =Dados!N10/Dados!G10 -> 0 | J10: =Dados!N10/Dados!L10 -> 0 | K10: =Dados!O10/Dados!P10 -> 59.471803 | L10: =Dados!Q10/Dados!R10 -> 0.98452569 | M10: =Dados!O10/Dados!R10 -> 1.1374787 | N10: =Dados!S10/Dados!O10 -> 0.12086263 | O10: =Dados!T10/Dados!V10 -> 73.579807 | P10: =Dados!V10/Dados!O10 -> 0.0070071869 | Q10: =Dados!W10/Dados!P10 -> 0 | R10: =Dados!W10/Dados!U10 -> 0 | S10: =Dados!X10/Dados!Y10 -> 11.529927 | T10: =Dados!Z10/Dados!AA10 -> 0.32061169 | U10: =Dados!X10/Dados!AA10 -> 0.45311475 | V10: =Dados!AB10/Dados!X10 -> -1.2069465 | W10: =Dados!AC10/Dados!AE10 -> 634.25152 | X10: =Dados!AE10/Dados!X10 -> 0.0025232998 | Y10: =Dados!AF10/Dados!Y10 -> 0 | Z10: =Dados!AF10/Dados!AD10 -> 0 | AA10: =Dados!AG10/Dados!AH10 -> 0 | AB10: =Dados!AI10/Dados!AJ10 -> #DIV/0! | AC10: =Dados!AG10/Dados!AJ10 -> #DIV/0! | AD10: =Dados!AK10/Dados!AG10 -> #DIV/0! | AE10: =Dados!AL10/Dados!AN10 -> 10549.048 | AF10: =Dados!AN10/Dados!AG10 -> #DIV/0! | AG10: =Dados!AO10/Dados!AH10 -> 0 | AH10: =Dados!AO10/Dados!AM10 -> #DIV/0! | AI10: =Dados!AP10/Dados!AQ10 -> 0 | AJ10: =Dados!AR10/Dados!AS10 -> #DIV/0! | AK10: =Dados!AP10/Dados!AS10 -> #DIV/0! | AL10: =Dados!AT10/Dados!AP10 -> #DIV/0! | AM10: =Dados!AU10/Dados!AW10 -> #DIV/0! | AN10: =Dados!AW10/Dados!AP10 -> #DIV/0! | AO10: =Dados!AX10/Dados!AQ10 -> 0 | AP10: =Dados!AX10/Dados!AV10 -> #DIV/0!
A11: 37 | B11: Consórcio Intermunicipal Multifinalitário do Vale de Paraibuna - CIMPAR | C11: =Dados!F11/Dados!G11 -> 19.787759 | D11: =Dados!H11/Dados!I11 -> 1 | E11: =Dados!F11/Dados!I11 -> 0.97959103 | F11: =Dados!J11/Dados!F11 -> -0.020834178 | G11: =Dados!K11/Dados!M11 -> 6.0059356 | H11: =Dados!M11/Dados!F11 -> 0.020442819 | I11: =Dados!N11/Dados!G11 -> 0 | J11: =Dados!N11/Dados!L11 -> 0 | K11: =Dados!O11/Dados!P11 -> 15.653826 | L11: =Dados!Q11/Dados!R11 -> 0.9974628 | M11: =Dados!O11/Dados!R11 -> 1.0476682 | N11: =Dados!S11/Dados!O11 -> 0.045499366 | O11: =Dados!T11/Dados!V11 -> 1.6183073 | P11: =Dados!V11/Dados!O11 -> 0.096841777 | Q11: =Dados!W11/Dados!P11 -> 0 | R11: =Dados!W11/Dados!U11 -> 0 | S11: =Dados!X11/Dados!Y11 -> 0 | T11: =Dados!Z11/Dados!AA11 -> #DIV/0! | U11: =Dados!X11/Dados!AA11 -> #DIV/0! | V11: =Dados!AB11/Dados!X11 -> #DIV/0! | W11: =Dados!AC11/Dados!AE11 -> #DIV/0! | X11: =Dados!AE11/Dados!X11 -> #DIV/0! | Y11: =Dados!AF11/Dados!Y11 -> 0 | Z11: =Dados!AF11/Dados!AD11 -> #DIV/0! | AA11: =Dados!AG11/Dados!AH11 -> 0 | AB11: =Dados!AI11/Dados!AJ11 -> #DIV/0! | AC11: =Dados!AG11/Dados!AJ11 -> #DIV/0! | AD11: =Dados!AK11/Dados!AG11 -> #DIV/0! | AE11: =Dados!AL11/Dados!AN11 -> #DIV/0! | AF11: =Dados!AN11/Dados!AG11 -> #DIV/0! | AG11: =Dados!AO11/Dados!AH11 -> 0 | AH11: =Dados!AO11/Dados!AM11 -> #DIV/0! | AI11: =Dados!AP11/Dados!AQ11 -> 0 | AJ11: =Dados!AR11/Dados!AS11 -> #DIV/0! | AK11: =Dados!AP11/Dados!AS11 -> #DIV/0! | AL11: =Dados!AT11/Dados!AP11 -> #DIV/0! | AM11: =Dados!AU11/Dados!AW11 -> #DIV/0! | AN11: =Dados!AW11/Dados!AP11 -> #DIV/0! | AO11: =Dados!AX11/Dados!AQ11 -> 0 | AP11: =Dados!AX11/Dados!AV11 -> #DIV/0!
A12: 39 | B12: Consórcio Intermunicipal de Saúde do Médio Espinhaço CISAME | C12: =Dados!F12/Dados!G12 -> 123.45463 | D12: =Dados!H12/Dados!I12 -> 0.79776564 | E12: =Dados!F12/Dados!I12 -> 2.4677845 | F12: =Dados!J12/Dados!F12 -> 0.59477823 | G12: =Dados!K12/Dados!M12 -> 42.179628 | H12: =Dados!M12/Dados!F12 -> 0.016695941 | I12: =Dados!N12/Dados!G12 -> 0 | J12: =Dados!N12/Dados!L12 -> 0 | K12: =Dados!O12/Dados!P12 -> 38.496369 | L12: =Dados!Q12/Dados!R12 -> 0.98399692 | M12: =Dados!O12/Dados!R12 -> 0.71464137 | N12: =Dados!S12/Dados!O12 -> -0.39930326 | O12: =Dados!T12/Dados!V12 -> 1.7945236 | P12: =Dados!V12/Dados!O12 -> 0.057917431 | Q12: =Dados!W12/Dados!P12 -> 0 | R12: =Dados!W12/Dados!U12 -> 0 | S12: =Dados!X12/Dados!Y12 -> 45.151685 | T12: =Dados!Z12/Dados!AA12 -> 1 | U12: =Dados!X12/Dados!AA12 -> 1.1475783 | V12: =Dados!AB12/Dados!X12 -> 0.12859978 | W12: =Dados!AC12/Dados!AE12 -> 16.118241 | X12: =Dados!AE12/Dados!X12 -> 0.032483966 | Y12: =Dados!AF12/Dados!Y12 -> 0 | Z12: =Dados!AF12/Dados!AD12 -> 0 | AA12: =Dados!AG12/Dados!AH12 -> 0 | AB12: =Dados!AI12/Dados!AJ12 -> #DIV/0! | AC12: =Dados!AG12/Dados!AJ12 -> #DIV/0! | AD12: =Dados!AK12/Dados!AG12 -> #DIV/0! | AE12: =Dados!AL12/Dados!AN12 -> #DIV/0! | AF12: =Dados!AN12/Dados!AG12 -> #DIV/0! | AG12: =Dados!AO12/Dados!AH12 -> 0 | AH12: =Dados!AO12/Dados!AM12 -> #DIV/0! | AI12: =Dados!AP12/Dados!AQ12 -> 0 | AJ12: =Dados!AR12/Dados!AS12 -> #DIV/0! | AK12: =Dados!AP12/Dados!AS12 -> #DIV/0! | AL12: =Dados!AT12/Dados!AP12 -> #DIV/0! | AM12: =Dados!AU12/Dados!AW12 -> #DIV/0! | AN12: =Dados!AW12/Dados!AP12 -> #DIV/0! | AO12: =Dados!AX12/Dados!AQ12 -> 0 | AP12: =Dados!AX12/Dados!AV12 -> #DIV/0!
A13: 41 | B13: Consórcio Intermunicipal de Saúde do Sistema Microrregional de Saúde de São Lourenço Cis Circuito das Águas | C13: =Dados!F13/Dados!G13 -> 412.47529 | D13: =Dados!H13/Dados!I13 -> 0.92680335 | E13: =Dados!F13/Dados!I13 -> 1.1939181 | F13: =Dados!J13/Dados!F13 -> 0.1624216 | G13: =Dados!K13/Dados!M13 -> 6.1431975 | H13: =Dados!M13/Dados!F13 -> 0.032326429 | I13: =Dados!N13/Dados!G13 -> 0 | J13: =Dados!N13/Dados!L13 -> 0 | K13: =Dados!O13/Dados!P13 -> 231.45549 | L13: =Dados!Q13/Dados!R13 -> 0.98612613 | M13: =Dados!O13/Dados!R13 -> 1.0744025 | N13: =Dados!S13/Dados!O13 -> 0.069250096 | O13: =Dados!T13/Dados!V13 -> 4.157465 | P13: =Dados!V13/Dados!O13 -> 0.015819072 | Q13: =Dados!W13/Dados!P13 -> 0.530392 | R13: =Dados!W13/Dados!U13 -> 0.0024598947 | S13: =Dados!X13/Dados!Y13 -> 185.84369 | T13: =Dados!Z13/Dados!AA13 -> 0.99899017 | U13: =Dados!X13/Dados!AA13 -> 1.0246988 | V13: =Dados!AB13/Dados!X13 -> 0.024103442 | W13: =Dados!AC13/Dados!AE13 -> 0.78701704 | X13: =Dados!AE13/Dados!X13 -> 0.018388819 | Y13: =Dados!AF13/Dados!Y13 -> 0.306508 | Z13: =Dados!AF13/Dados!AD13 -> 0.0016554342 | AA13: =Dados!AG13/Dados!AH13 -> 138.69522 | AB13: =Dados!AI13/Dados!AJ13 -> 0.99632332 | AC13: =Dados!AG13/Dados!AJ13 -> 1.0123366 | AD13: =Dados!AK13/Dados!AG13 -> 0.012186263 | AE13: =Dados!AL13/Dados!AN13 -> 0.50656635 | AF13: =Dados!AN13/Dados!AG13 -> 0.025421543 | AG13: =Dados!AO13/Dados!AH13 -> 0.17247887 | AH13: =Dados!AO13/Dados!AM13 -> 0.0012444156 | AI13: =Dados!AP13/Dados!AQ13 -> 143.21339 | AJ13: =Dados!AR13/Dados!AS13 -> 0.99591495 | AK13: =Dados!AP13/Dados!AS13 -> 1.0406775 | AL13: =Dados!AT13/Dados!AP13 -> 0.039087513 | AM13: =Dados!AU13/Dados!AW13 -> 4.0353105 | AN13: =Dados!AW13/Dados!AP13 -> 0.012740122 | AO13: =Dados!AX13/Dados!AQ13 -> 0.5907435 | AP13: =Dados!AX13/Dados!AV13 -> 0.0041249182
A14: 53 | B14: Consórcio Intermunicipal de Desenvolvimento da Região Leste Fluminense - CONLESTE | C14: =Dados!F14/Dados!G14 -> 0.29722135 | D14: =Dados!H14/Dados!I14 -> 0.90257792 | E14: =Dados!F14/Dados!I14 -> 0.88779129 | F14: =Dados!J14/Dados!F14 -> -0.12639087 | G14: =Dados!K14/Dados!M14 -> 3.4187612 | H14: =Dados!M14/Dados!F14 -> 0.028715113 | I14: =Dados!N14/Dados!G14 -> 0.027191403 | J14: =Dados!N14/Dados!L14 -> 0.091485365 | K14: =Dados!O14/Dados!P14 -> 0.34843856 | L14: =Dados!Q14/Dados!R14 -> 0.88714441 | M14: =Dados!O14/Dados!R14 -> 1.0963676 | N14: =Dados!S14/Dados!O14 -> 0.087897141 | O14: =Dados!T14/Dados!V14 -> 7.0576662 | P14: =Dados!V14/Dados!O14 -> 0.027313964 | Q14: =Dados!W14/Dados!P14 -> 0.050445024 | R14: =Dados!W14/Dados!U14 -> 0.14477452 | S14: =Dados!X14/Dados!Y14 -> 0.272956 | T14: =Dados!Z14/Dados!AA14 -> 0.88969793 | U14: =Dados!X14/Dados!AA14 -> 0.86471058 | V14: =Dados!AB14/Dados!X14 -> -0.1564563 | W14: =Dados!AC14/Dados!AE14 -> 60.731619 | X14: =Dados!AE14/Dados!X14 -> 0.0020593399 | Y14: =Dados!AF14/Dados!Y14 -> 0.05544417 | Z14: =Dados!AF14/Dados!AD14 -> 0.20312493 | AA14: =Dados!AG14/Dados!AH14 -> 0.30807154 | AB14: =Dados!AI14/Dados!AJ14 -> 0.94411051 | AC14: =Dados!AG14/Dados!AJ14 -> 1.1424518 | AD14: =Dados!AK14/Dados!AG14 -> 0.12468953 | AE14: =Dados!AL14/Dados!AN14 -> 2.1196335 | AF14: =Dados!AN14/Dados!AG14 -> 0.1313013 | AG14: =Dados!AO14/Dados!AH14 -> 0.057516882 | AH14: =Dados!AO14/Dados!AM14 -> 0.18669976 | AI14: =Dados!AP14/Dados!AQ14 -> 0.21964176 | AJ14: =Dados!AR14/Dados!AS14 -> 0.97805807 | AK14: =Dados!AP14/Dados!AS14 -> 0.8781118 | AL14: =Dados!AT14/Dados!AP14 -> -0.13880715 | AM14: =Dados!AU14/Dados!AW14 -> 0.15552767 | AN14: =Dados!AW14/Dados!AP14 -> 0.34262326 | AO14: =Dados!AX14/Dados!AQ14 -> 0.023179883 | AP14: =Dados!AX14/Dados!AV14 -> 0.10553495
... A31: 172 | B31: Consórcio Intermunicipal de Saúde Verde - CISVERDE | C31: =Dados!F31/Dados!G31 -> 92.000696 | D31: =Dados!H31/Dados!I31 -> 0.74123679 | E31: =Dados!F31/Dados!I31 -> 1.0259376 | F31: =Dados!J31/Dados!F31 -> 0.025281816 | G31: =Dados!K31/Dados!M31 -> 4.6927901 | H31: =Dados!M31/Dados!F31 -> 0.092646134 | I31: =Dados!N31/Dados!G31 -> 0 | J31: =Dados!N31/Dados!L31 -> 0 | K31: =Dados!O31/Dados!P31 -> 76.151179 | L31: =Dados!Q31/Dados!R31 -> 1 | M31: =Dados!O31/Dados!R31 -> 1.5349145 | N31: =Dados!S31/Dados!O31 -> 0.34849792 | O31: =Dados!T31/Dados!V31 -> 9.8843316 | P31: =Dados!V31/Dados!O31 -> 0.042376922 | Q31: =Dados!W31/Dados!P31 -> 0 | R31: =Dados!W31/Dados!U31 -> 0 | S31: =Dados!X31/Dados!Y31 -> 34.128627 | T31: =Dados!Z31/Dados!AA31 -> 0.99326002 | U31: =Dados!X31/Dados!AA31 -> 0.99495304 | V31: =Dados!AB31/Dados!X31 -> -0.0050725643 | W31: =Dados!AC31/Dados!AE31 -> 2.8597262 | X31: =Dados!AE31/Dados!X31 -> 0.028584783 | Y31: =Dados!AF31/Dados!Y31 -> 0 | Z31: =Dados!AF31/Dados!AD31 -> 0 | AA31: =Dados!AG31/Dados!AH31 -> 25.261352 | AB31: =Dados!AI31/Dados!AJ31 -> 1 | AC31: =Dados!AG31/Dados!AJ31 -> 1.0195045 | AD31: =Dados!AK31/Dados!AG31 -> 0.01913138 | AE31: =Dados!AL31/Dados!AN31 -> 2.3924769 | AF31: =Dados!AN31/Dados!AG31 -> 0.050323125 | AG31: =Dados!AO31/Dados!AH31 -> 0 | AH31: =Dados!AO31/Dados!AM31 -> 0 | AI31: =Dados!AP31/Dados!AQ31 -> 19.957968 | AJ31: =Dados!AR31/Dados!AS31 -> 1 | AK31: =Dados!AP31/Dados!AS31 -> 1.1122712 | AL31: =Dados!AT31/Dados!AP31 -> 0.1009387 | AM31: =Dados!AU31/Dados!AW31 -> 3.5620962 | AN31: =Dados!AW31/Dados!AP31 -> 0.022335244 | AO31: =Dados!AX31/Dados!AQ31 -> 0 | AP31: =Dados!AX31/Dados!AV31 -> 0
A32: 176 | B32: Consórcio Intermunicipal de Desenvolvimento Economico e Social dos Municipios do Leste de Minas - CIDES-LESTE | C32: =Dados!F32/Dados!G32 -> 128.63067 | D32: =Dados!H32/Dados!I32 -> 0.84690782 | E32: =Dados!F32/Dados!I32 -> 1.317925 | F32: =Dados!J32/Dados!F32 -> 0.2412315 | G32: =Dados!K32/Dados!M32 -> 208.00623 | H32: =Dados!M32/Dados!F32 -> 0.0018775937 | I32: =Dados!N32/Dados!G32 -> 0 | J32: =Dados!N32/Dados!L32 -> 0 | K32: =Dados!#REF!/Dados!#REF! -> #REF! | L32: =Dados!Q32/Dados!R32 -> 0.69648088 | M32: =Dados!O32/Dados!R32 -> 0.96731008 | N32: =Dados!#REF!/Dados!#REF! -> #REF! | O32: =Dados!#REF!/Dados!#REF! -> #REF! | P32: =Dados!V32/Dados!O32 -> 0.033544546 | Q32: =Dados!#REF!/Dados!#REF! -> #REF! | R32: =Dados!#REF!/Dados!#REF! -> #REF! | S32: =Dados!#REF!/Dados!#REF! -> #REF! | T32: =Dados!Z32/Dados!AA32 -> 0.99902739 | U32: =Dados!X32/Dados!AA32 -> 1.3116678 | V32: =Dados!#REF!/Dados!#REF! -> #REF! | W32: =Dados!#REF!/Dados!#REF! -> #REF! | X32: =Dados!AE32/Dados!X32 -> 0.0004591948 | Y32: =Dados!#REF!/Dados!#REF! -> #REF! | Z32: =Dados!#REF!/Dados!#REF! -> #REF! | AA32: =Dados!#REF!/Dados!#REF! -> #REF! | AB32: =Dados!AI32/Dados!AJ32 -> 0.98691967 | AC32: =Dados!AG32/Dados!AJ32 -> 1.1092902 | AD32: =Dados!#REF!/Dados!#REF! -> #REF! | AE32: =Dados!#REF!/Dados!#REF! -> #REF! | AF32: =Dados!AN32/Dados!AG32 -> 0.0043454791 | AG32: =Dados!#REF!/Dados!#REF! -> #REF! | AH32: =Dados!#REF!/Dados!#REF! -> #REF! | AI32: =Dados!#REF!/Dados!#REF! -> #REF! | AJ32: =Dados!AR32/Dados!AS32 -> 0.9567385 | AK32: =Dados!AP32/Dados!AS32 -> 1.143657 | AL32: =Dados!#REF!/Dados!#REF! -> #REF! | AM32: =Dados!#REF!/Dados!#REF! -> #REF! | AN32: =Dados!AW32/Dados!AP32 -> 0.035913729 | AO32: =Dados!#REF!/Dados!#REF! -> #REF! | AP32: =Dados!#REF!/Dados!#REF! -> #REF!
A33: 181 | B33: Consórcio Intermunicipal de Saúde dos Municípios da Microrregião do Alto Sapucaí - CISMAS | C33: =Dados!F33/Dados!G33 -> 394.02165 | D33: =Dados!H33/Dados!I33 -> 0.89672252 | E33: =Dados!F33/Dados!I33 -> 1.4158462 | F33: =Dados!J33/Dados!F33 -> 0.29370861 | G33: =Dados!K33/Dados!M33 -> 26.920483 | H33: =Dados!M33/Dados!F33 -> 0.016196603 | I33: =Dados!N33/Dados!G33 -> 0 | J33: =Dados!N33/Dados!L33 -> 0 | K33: =Dados!O32/Dados!P32 -> 88.63164 | L33: =Dados!Q33/Dados!R33 -> 0.89004508 | M33: =Dados!O33/Dados!R33 -> 1.1074334 | N33: =Dados!S32/Dados!O32 -> -0.033794661 | O33: =Dados!T32/Dados!V32 -> 14.587907 | P33: =Dados!V33/Dados!O33 -> 0.03075476 | Q33: =Dados!W32/Dados!P32 -> 0 | R33: =Dados!W32/Dados!U32 -> 0 | S33: =Dados!X32/Dados!Y32 -> 60.654414 | T33: =Dados!Z33/Dados!AA33 -> 0.96240035 | U33: =Dados!X33/Dados!AA33 -> 1.2125858 | V33: =Dados!AB32/Dados!X32 -> 0.23761183 | W33: =Dados!AC32/Dados!AE32 -> 776.81886 | X33: =Dados!AE33/Dados!X33 -> 0.065713013 | Y33: =Dados!AF32/Dados!Y32 -> 0 | Z33: =Dados!AF32/Dados!AD32 -> 0 | AA33: =Dados!AG32/Dados!AH32 -> 35.716226 | AB33: =Dados!AI33/Dados!AJ33 -> 0.86692349 | AC33: =Dados!AG33/Dados!AJ33 -> 1.5049172 | AD33: =Dados!AK32/Dados!AG32 -> 0.098522612 | AE33: =Dados!AL32/Dados!AN32 -> 48.746383 | AF33: =Dados!AN33/Dados!AG33 -> 0.038315186 | AG33: =Dados!AO32/Dados!AH32 -> 0 | AH33: =Dados!AO32/Dados!AM32 -> 0 | AI33: =Dados!AP32/Dados!AQ32 -> 25.96374 | AJ33: =Dados!AR33/Dados!AS33 -> 0.96078554 | AK33: =Dados!AP33/Dados!AS33 -> 1.2680474 | AL33: =Dados!AT32/Dados!AP32 -> 0.12561193 | AM33: =Dados!AU32/Dados!AW32 -> 5.2389226 | AN33: =Dados!AW33/Dados!AP33 -> 0.050449252 | AO33: =Dados!AX32/Dados!AQ32 -> 0 | AP33: =Dados!AX32/Dados!AV32 -> 0
A34: 183 | B34: Agência de Cooperação Intermunicipal em Saúde Pé da Serra - ACISPES | C34: =Dados!F34/Dados!G34 -> 62.117001 | D34: =Dados!H34/Dados!I34 -> 0.9998747 | E34: =Dados!F34/Dados!I34 -> 1.0449942 | F34: =Dados!J34/Dados!F34 -> 0.043056852 | G34: =Dados!K34/Dados!M34 -> #DIV/0! | H34: =Dados!M34/Dados!F34 -> 0 | I34: =Dados!N34/Dados!G34 -> 0 | J34: =Dados!N34/Dados!L34 -> 0 | K34: =Dados!O33/Dados!P33 -> 263.18835 | L34: =Dados!Q34/Dados!R34 -> 0.99960487 | M34: =Dados!O34/Dados!R34 -> 0.9093874 | N34: =Dados!S33/Dados!O33 -> 0.097011139 | O34: =Dados!T33/Dados!V33 -> 13.482101 | P34: =Dados!V34/Dados!O34 -> 0 | Q34: =Dados!W33/Dados!P33 -> 0 | R34: =Dados!W33/Dados!U33 -> 0 | S34: =Dados!X33/Dados!Y33 -> 253.17485 | T34: =Dados!Z34/Dados!AA34 -> 0.9995956 | U34: =Dados!X34/Dados!AA34 -> 1.0848688 | V34: =Dados!AB33/Dados!X33 -> 0.1753161 | W34: =Dados!AC33/Dados!AE33 -> 6.4531772 | X34: =Dados!AE34/Dados!X34 -> 0 | Y34: =Dados!AF33/Dados!Y33 -> 0 | Z34: =Dados!AF33/Dados!AD33 -> 0 | AA34: =Dados!AG33/Dados!AH33 -> 246.39711 | AB34: =Dados!AI34/Dados!AJ34 -> #DIV/0! | AC34: =Dados!AG34/Dados!AJ34 -> #DIV/0! | AD34: =Dados!AK33/Dados!AG33 -> 0.33551164 | AE34: =Dados!AL33/Dados!AN33 -> 11.211187 | AF34: =Dados!AN34/Dados!AG34 -> #DIV/0! | AG34: =Dados!AO33/Dados!AH33 -> 0 | AH34: =Dados!AO33/Dados!AM33 -> 0 | AI34: =Dados!AP33/Dados!AQ33 -> 152.28863 | AJ34: =Dados!AR34/Dados!AS34 -> #DIV/0! | AK34: =Dados!AP34/Dados!AS34 -> #DIV/0! | AL34: =Dados!AT33/Dados!AP33 -> 0.21138595 | AM34: =Dados!AU33/Dados!AW33 -> 2.5377474 | AN34: =Dados!AW34/Dados!AP34 -> #DIV/0! | AO34: =Dados!AX33/Dados!AQ33 -> 0 | AP34: =Dados!AX33/Dados!AV33 -> 0
A35: 234 | B35: Consórcio Público Intermunicipal de Saúde do Norte e Noroeste Fluminense - CISNOVO | C35: =Dados!F35/Dados!G35 -> 14.273871 | D35: =Dados!H35/Dados!I35 -> 0.99729691 | E35: =Dados!F35/Dados!I35 -> 1.008187 | F35: =Dados!J35/Dados!F35 -> 0.0081204941 | G35: =Dados!K35/Dados!M35 -> 2.3733865 | H35: =Dados!M35/Dados!F35 -> 0.014771113 | I35: =Dados!N35/Dados!G35 -> 0.022172527 | J35: =Dados!N35/Dados!L35 -> 0.0015533647 | K35: =Dados!O34/Dados!P34 -> 49.64261 | L35: =Dados!Q35/Dados!R35 -> 0.98980862 | M35: =Dados!O35/Dados!R35 -> 0.75552354 | N35: =Dados!S34/Dados!O34 -> -0.099641364 | O35: =Dados!T34/Dados!V34 -> #DIV/0! | P35: =Dados!V35/Dados!O35 -> 0.044553035 | Q35: =Dados!W34/Dados!P34 -> 0 | R35: =Dados!W34/Dados!U34 -> 0 | S35: =Dados!X34/Dados!Y34 -> 46.933522 | T35: =Dados!Z35/Dados!AA35 -> 0.99116973 | U35: =Dados!X35/Dados!AA35 -> 0.90139933 | V35: =Dados!AB34/Dados!X34 -> 0.078229541 | W35: =Dados!AC34/Dados!AE34 -> #DIV/0! | X35: =Dados!AE35/Dados!X35 -> 0.094074041 | Y35: =Dados!AF34/Dados!Y34 -> 0 | Z35: =Dados!AF34/Dados!AD34 -> 0 | AA35: =Dados!AG34/Dados!AH34 -> 0 | AB35: =Dados!AI35/Dados!AJ35 -> 1 | AC35: =Dados!AG35/Dados!AJ35 -> 6.8980723 | AD35: =Dados!AK34/Dados!AG34 -> #DIV/0! | AE35: =Dados!AL34/Dados!AN34 -> #DIV/0! | AF35: =Dados!AN35/Dados!AG35 -> 0.077182049 | AG35: =Dados!AO34/Dados!AH34 -> 0 | AH35: =Dados!AO34/Dados!AM34 -> #DIV/0! | AI35: =Dados!AP34/Dados!AQ34 -> 0 | AJ35: =Dados!AR35/Dados!AS35 -> 0.97646157 | AK35: =Dados!AP35/Dados!AS35 -> 1 | AL35: =Dados!AT34/Dados!AP34 -> #DIV/0! | AM35: =Dados!AU34/Dados!AW34 -> #DIV/0! | AN35: =Dados!AW35/Dados!AP35 -> 0.16468894 | AO35: =Dados!AX34/Dados!AQ34 -> 0 | AP35: =Dados!AX34/Dados!AV34 -> #DIV/0!
A36: 236 | B36: Consórcio Intermunicipal de Saúde da Região Serrana - CIS-SERRA | C36: =Dados!F36/Dados!G36 -> 267.73442 | D36: =Dados!H36/Dados!I36 -> 0.9882184 | E36: =Dados!F36/Dados!I36 -> 0.95191701 | F36: =Dados!J36/Dados!F36 -> -0.050511741 | G36: =Dados!K36/Dados!M36 -> 0.073529327 | H36: =Dados!M36/Dados!F36 -> 0.073452838 | I36: =Dados!N36/Dados!G36 -> 0 | J36: =Dados!N36/Dados!L36 -> 0 | K36: =Dados!O35/Dados!P35 -> 2.1170133 | L36: =Dados!Q36/Dados!R36 -> 0.99798257 | M36: =Dados!O36/Dados!R36 -> 0.98483214 | N36: =Dados!S35/Dados!O35 -> -0.32358551 | O36: =Dados!T35/Dados!V35 -> 3.4020915 | P36: =Dados!V36/Dados!O36 -> 0.044180482 | Q36: =Dados!W35/Dados!P35 -> 0.022027054 | R36: =Dados!W35/Dados!U35 -> 0.010404779 | S36: =Dados!X35/Dados!Y35 -> 2.6110502 | T36: =Dados!Z36/Dados!AA36 -> 0.9969248 | U36: =Dados!X36/Dados!AA36 -> 0.98139478 | V36: =Dados!AB35/Dados!X35 -> -0.10938622 | W36: =Dados!AC35/Dados!AE35 -> 0.49729079 | X36: =Dados!AE36/Dados!X36 -> 0.040593246 | Y36: =Dados!AF35/Dados!Y35 -> 0.034524177 | Z36: =Dados!AF35/Dados!AD35 -> 0.013222334 | AA36: =Dados!AG35/Dados!AH35 -> 0.23343533 | AB36: =Dados!AI36/Dados!AJ36 -> 0.98249184 | AC36: =Dados!AG36/Dados!AJ36 -> 1.0057624 | AD36: =Dados!AK35/Dados!AG35 -> 0.85503196 | AE36: =Dados!AL35/Dados!AN35 -> 14.337355 | AF36: =Dados!AN36/Dados!AG36 -> 0.013067734 | AG36: =Dados!AO35/Dados!AH35 -> 0.021741762 | AH36: =Dados!AO35/Dados!AM35 -> 0.093138267 | AI36: =Dados!AP35/Dados!AQ35 -> 0.15191577 | AJ36: =Dados!AR36/Dados!AS36 -> #DIV/0! | AK36: =Dados!AP36/Dados!AS36 -> #DIV/0! | AL36: =Dados!AT35/Dados!AP35 -> 0 | AM36: =Dados!AU35/Dados!AW35 -> 1.0219159 | AN36: =Dados!AW36/Dados!AP36 -> #DIV/0! | AO36: =Dados!AX35/Dados!AQ35 -> 0.021841556 | AP36: =Dados!AX35/Dados!AV35 -> 0.49995557
A37: 265 | B37: Consórcio Público Intermunicipal de Saúde da Região dos Grandes Lagos - CONSAGRA | C37: =Dados!F37/Dados!G37 -> 199.68691 | D37: =Dados!H37/Dados!I37 -> 0.99740548 | E37: =Dados!F37/Dados!I37 -> 1.0252353 | F37: =Dados!J37/Dados!F37 -> 0.024614113 | G37: =Dados!K37/Dados!M37 -> 5.9210339 | H37: =Dados!M37/Dados!F37 -> 0.01998859 | I37: =Dados!N37/Dados!G37 -> 0 | J37: =Dados!N37/Dados!L37 -> 0 | K37: =Dados!O36/Dados!P36 -> 238.51116 | L37: =Dados!Q37/Dados!R37 -> 0.9523596 | M37: =Dados!O37/Dados!R37 -> 1.0006078 | N37: =Dados!S36/Dados!O36 -> -0.015401471 | O37: =Dados!T36/Dados!V36 -> 0.48907828 | P37: =Dados!V37/Dados!O37 -> 0.019148735 | Q37: =Dados!W36/Dados!P36 -> 0 | R37: =Dados!W36/Dados!U36 -> 0 | S37: =Dados!X36/Dados!Y36 -> 226.1246 | T37: =Dados!Z37/Dados!AA37 -> 0.98485615 | U37: =Dados!X37/Dados!AA37 -> 1.0246025 | V37: =Dados!AB36/Dados!X36 -> -0.018957941 | W37: =Dados!AC36/Dados!AE36 -> 0.80575746 | X37: =Dados!AE37/Dados!X37 -> 0.015681515 | Y37: =Dados!AF36/Dados!Y36 -> 0 | Z37: =Dados!AF36/Dados!AD36 -> 0 | AA37: =Dados!AG36/Dados!AH36 -> 217.2564 | AB37: =Dados!AI37/Dados!AJ37 -> 0.99949195 | AC37: =Dados!AG37/Dados!AJ37 -> 1.0181435 | AD37: =Dados!AK36/Dados!AG36 -> 0.0057294134 | AE37: =Dados!AL36/Dados!AN36 -> 1.9989961 | AF37: =Dados!AN37/Dados!AG37 -> 0.012414879 | AG37: =Dados!AO36/Dados!AH36 -> 0 | AH37: =Dados!AO36/Dados!AM36 -> 0 | AI37: =Dados!AP36/Dados!AQ36 -> 0 | AJ37: =Dados!AR37/Dados!AS37 -> 0.99968281 | AK37: =Dados!AP37/Dados!AS37 -> 1.0112414 | AL37: =Dados!AT36/Dados!AP36 -> #DIV/0! | AM37: =Dados!AU36/Dados!AW36 -> 1.8780773 | AN37: =Dados!AW37/Dados!AP37 -> 0.020135958 | AO37: =Dados!AX36/Dados!AQ36 -> 0 | AP37: =Dados!AX36/Dados!AV36 -> #DIV/0!
A38: 266 | B38: Consórcio Intermunicipal do Extremo Noroeste de São Paulo - CIENSP | C38: =Dados!F38/Dados!G38 -> 88.252679 | D38: =Dados!H38/Dados!I38 -> 0.99916978 | E38: =Dados!F38/Dados!I38 -> 1.0179033 | F38: =Dados!J38/Dados!F38 -> 0.017588387 | G38: =Dados!K38/Dados!M38 -> 10.190327 | H38: =Dados!M38/Dados!F38 -> 0.0094174845 | I38: =Dados!N38/Dados!G38 -> 0 | J38: =Dados!N38/Dados!L38 -> 0 | K38: =Dados!O37/Dados!P37 -> 191.32132 | L38: =Dados!Q38/Dados!R38 -> 0.99821598 | M38: =Dados!O38/Dados!R38 -> 0.96646177 | N38: =Dados!S37/Dados!O37 -> 0.00060746435 | O38: =Dados!T37/Dados!V37 -> 5.706746 | P38: =Dados!V38/Dados!O38 -> 0.017396841 | Q38: =Dados!W37/Dados!P37 -> 0 | R38: =Dados!W37/Dados!U37 -> 0 | S38: =Dados!X37/Dados!Y37 -> 158.28871 | T38: =Dados!Z38/Dados!AA38 -> 0.99928387 | U38: =Dados!X38/Dados!AA38 -> 1.0199163 | V38: =Dados!AB37/Dados!X37 -> 0.02401174 | W38: =Dados!AC37/Dados!AE37 -> 7.737539 | X38: =Dados!AE38/Dados!X38 -> 0.044162823 | Y38: =Dados!AF37/Dados!Y37 -> 0 | Z38: =Dados!AF37/Dados!AD37 -> 0 | AA38: =Dados!AG37/Dados!AH37 -> 114.09731 | AB38: =Dados!AI38/Dados!AJ38 -> 0.97362117 | AC38: =Dados!AG38/Dados!AJ38 -> 0.97848273 | AD38: =Dados!AK37/Dados!AG37 -> 0.01782017 | AE38: =Dados!AL37/Dados!AN37 -> 9.5642369 | AF38: =Dados!AN38/Dados!AG38 -> 0.060482926 | AG38: =Dados!AO37/Dados!AH37 -> 0 | AH38: =Dados!AO37/Dados!AM37 -> 0 | AI38: =Dados!AP37/Dados!AQ37 -> 107.03684 | AJ38: =Dados!AR38/Dados!AS38 -> 0.99861534 | AK38: =Dados!AP38/Dados!AS38 -> 0.99347538 | AL38: =Dados!AT37/Dados!AP37 -> 0.01111648 | AM38: =Dados!AU37/Dados!AW37 -> 5.8993905 | AN38: =Dados!AW38/Dados!AP38 -> 0.063845604 | AO38: =Dados!AX37/Dados!AQ37 -> 0 | AP38: =Dados!AX37/Dados!AV37 -> 0
A39: 267 | B39: Consórcio Intermunicipal de Saúde - CIMSA | C39: =Dados!F39/Dados!G39 -> 207.88211 | D39: =Dados!H39/Dados!I39 -> 0.98982626 | E39: =Dados!F39/Dados!I39 -> 1.004639 | F39: =Dados!J39/Dados!F39 -> 0.0046175833 | G39: =Dados!K39/Dados!M39 -> 0.32478472 | H39: =Dados!M39/Dados!F39 -> 0.11263021 | I39: =Dados!N39/Dados!G39 -> 12.345007 | J39: =Dados!N39/Dados!L39 -> 0.059384651 | K39: =Dados!O38/Dados!P38 -> 43.536888 | L39: =Dados!Q39/Dados!R39 -> 0.9775834 | M39: =Dados!O39/Dados!R39 -> 0.92788315 | N39: =Dados!S38/Dados!O38 -> -0.034702076 | O39: =Dados!T38/Dados!V38 -> 5.0241849 | P39: =Dados!V39/Dados!O39 -> 0.13149722 | Q39: =Dados!W38/Dados!P38 -> 0 | R39: =Dados!W38/Dados!U38 -> 0 | S39: =Dados!X38/Dados!Y38 -> 33.956805 | T39: =Dados!Z39/Dados!AA39 -> 0.94630635 | U39: =Dados!X39/Dados!AA39 -> 0.994606 | V39: =Dados!AB38/Dados!X38 -> 0.019527405 | W39: =Dados!AC38/Dados!AE38 -> 1.8623354 | X39: =Dados!AE39/Dados!X39 -> 0.099012475 | Y39: =Dados!AF38/Dados!Y38 -> 0 | Z39: =Dados!AF38/Dados!AD38 -> 0 | AA39: =Dados!AG38/Dados!AH38 -> 26.203372 | AB39: =Dados!AI39/Dados!AJ39 -> 0.99151123 | AC39: =Dados!AG39/Dados!AJ39 -> 1.063454 | AD39: =Dados!AK38/Dados!AG38 -> -0.021990441 | AE39: =Dados!AL38/Dados!AN38 -> 1.3900067 | AF39: =Dados!AN39/Dados!AG39 -> 0.12877928 | AG39: =Dados!AO38/Dados!AH38 -> 0 | AH39: =Dados!AO38/Dados!AM38 -> 0 | AI39: =Dados!AP38/Dados!AQ38 -> 19.377816 | AJ39: =Dados!AR39/Dados!AS39 -> 1 | AK39: =Dados!AP39/Dados!AS39 -> 1.1297187 | AL39: =Dados!AT38/Dados!AP38 -> -0.0065674712 | AM39: =Dados!AU38/Dados!AW38 -> 1.9695762 | AN39: =Dados!AW39/Dados!AP39 -> 0.2222973 | AO39: =Dados!AX38/Dados!AQ38 -> 0 | AP39: =Dados!AX38/Dados!AV38 -> 0
A40: 268 | B40: Consórcio Intermunicipal de Saúde da Microrregião de Penápolis - CIMPE | C40: =Dados!F40/Dados!G40 -> 300.36235 | D40: =Dados!H40/Dados!I40 -> 0.99964897 | E40: =Dados!F40/Dados!I40 -> 1.0487193 | F40: =Dados!J40/Dados!F40 -> 0.046456015 | G40: =Dados!K40/Dados!M40 -> 2.5334053 | H40: =Dados!M40/Dados!F40 -> 0.086157869 | I40: =Dados!N40/Dados!G40 -> 0 | J40: =Dados!N40/Dados!L40 -> 0 | K40: =Dados!O39/Dados!P39 -> 131.5078 | L40: =Dados!Q40/Dados!R40 -> 0.99985417 | M40: =Dados!O40/Dados!R40 -> 0.99938805 | N40: =Dados!S39/Dados!O39 -> -0.077721907 | O40: =Dados!T39/Dados!V39 -> 0.045475729 | P40: =Dados!V40/Dados!O40 -> 0.082177361 | Q40: =Dados!W39/Dados!P39 -> 13.715292 | R40: =Dados!W39/Dados!U39 -> 0.10429262 | S40: =Dados!X39/Dados!Y39 -> 108.79084 | T40: =Dados!Z40/Dados!AA40 -> 0.99993076 | U40: =Dados!X40/Dados!AA40 -> 1.0118492 | V40: =Dados!AB39/Dados!X39 -> -0.0054232565 | W40: =Dados!AC39/Dados!AE39 -> 0.40213694 | X40: =Dados!AE40/Dados!X40 -> 0.079015611 | Y40: =Dados!AF39/Dados!Y39 -> 15.771432 | Z40: =Dados!AF39/Dados!AD39 -> 0.14497022 | AA40: =Dados!AG39/Dados!AH39 -> 87.859226 | AB40: =Dados!AI40/Dados!AJ40 -> 0.99983051 | AC40: =Dados!AG40/Dados!AJ40 -> 1.0523656 | AD40: =Dados!AK39/Dados!AG39 -> 0.059667849 | AE40: =Dados!AL39/Dados!AN39 -> 0.8690959 | AF40: =Dados!AN40/Dados!AG40 -> 0.081619352 | AG40: =Dados!AO39/Dados!AH39 -> 19.454741 | AH40: =Dados!AO39/Dados!AM39 -> 0.22143083 | AI40: =Dados!AP39/Dados!AQ39 -> 80.022064 | AJ40: =Dados!AR40/Dados!AS40 -> #DIV/0! | AK40: =Dados!AP40/Dados!AS40 -> #DIV/0! | AL40: =Dados!AT39/Dados!AP39 -> 0.11482393 | AM40: =Dados!AU39/Dados!AW39 -> 0.40308725 | AN40: =Dados!AW40/Dados!AP40 -> #DIV/0! | AO40: =Dados!AX39/Dados!AQ39 -> 24.423984 | AP40: =Dados!AX39/Dados!AV39 -> 0.30521562
A41: 269 | B41: Consórcio Regional Intermunicipal de Saúde - CRIS | C41: =Dados!F41/Dados!G41 -> 2.0101335 | D41: =Dados!H41/Dados!I41 -> 0.91145107 | E41: =Dados!F41/Dados!I41 -> 0.85195808 | F41: =Dados!J41/Dados!F41 -> -0.17376667 | G41: =Dados!K41/Dados!M41 -> 12.330177 | H41: =Dados!M41/Dados!F41 -> 0.011254394 | I41: =Dados!N41/Dados!G41 -> 0 | J41: =Dados!N41/Dados!L41 -> 0 | K41: =Dados!O40/Dados!P40 -> 264.47028 | L41: =Dados!Q41/Dados!R41 -> 0.75439087 | M41: =Dados!O41/Dados!R41 -> 0.6297879 | N41: =Dados!S40/Dados!O40 -> -0.00061232033 | O41: =Dados!T40/Dados!V40 -> 2.0934425 | P41: =Dados!V41/Dados!O41 -> 0.019573336 | Q41: =Dados!W40/Dados!P40 -> 0 | R41: =Dados!W40/Dados!U40 -> 0 | S41: =Dados!X40/Dados!Y40 -> 230.98794 | T41: =Dados!Z41/Dados!AA41 -> 0.13765128 | U41: =Dados!X41/Dados!AA41 -> 0.8702825 | V41: =Dados!AB40/Dados!X40 -> 0.011710422 | W41: =Dados!AC40/Dados!AE40 -> 2.1646162 | X41: =Dados!AE41/Dados!X41 -> 0.0067538148 | Y41: =Dados!AF40/Dados!Y40 -> 0 | Z41: =Dados!AF40/Dados!AD40 -> 0 | AA41: =Dados!AG40/Dados!AH40 -> 216.21328 | AB41: =Dados!AI41/Dados!AJ41 -> 1 | AC41: =Dados!AG41/Dados!AJ41 -> 2.0183929 | AD41: =Dados!AK40/Dados!AG40 -> 0.049759856 | AE41: =Dados!AL40/Dados!AN40 -> 1.7180559 | AF41: =Dados!AN41/Dados!AG41 -> 0.060537889 | AG41: =Dados!AO40/Dados!AH40 -> 0 | AH41: =Dados!AO40/Dados!AM40 -> 0 | AI41: =Dados!AP40/Dados!AQ40 -> 0 | AJ41: =Dados!AR41/Dados!AS41 -> 0.82565327 | AK41: =Dados!AP41/Dados!AS41 -> 1.5700668 | AL41: =Dados!AT40/Dados!AP40 -> #DIV/0! | AM41: =Dados!AU40/Dados!AW40 -> 1.3082511 | AN41: =Dados!AW41/Dados!AP41 -> 0.040218743 | AO41: =Dados!AX40/Dados!AQ40 -> 0 | AP41: =Dados!AX40/Dados!AV40 -> #DIV/0!
A42: 270 | B42: Consórcio de Desenvolvimento do Vale do Rio Grande - CODEVAR | C42: =Dados!F42/Dados!G42 -> 0 | D42: =Dados!H42/Dados!I42 -> #DIV/0! | E42: =Dados!F42/Dados!I42 -> #DIV/0! | F42: =Dados!J42/Dados!F42 -> #DIV/0! | G42: =Dados!K42/Dados!M42 -> #DIV/0! | H42: =Dados!M42/Dados!F42 -> #DIV/0! | I42: =Dados!N42/Dados!G42 -> 0 | J42: =Dados!N42/Dados!L42 -> #DIV/0! | K42: =Dados!O41/Dados!P41 -> 1.0267853 | L42: =Dados!Q42/Dados!R42 -> 0.99794858 | M42: =Dados!O42/Dados!R42 -> 1.0151627 | N42: =Dados!S41/Dados!O41 -> -0.58783616 | O42: =Dados!T41/Dados!V41 -> 32.494075 | P42: =Dados!V42/Dados!O42 -> 0.0058622017 | Q42: =Dados!W41/Dados!P41 -> 0 | R42: =Dados!W41/Dados!U41 -> 0 | S42: =Dados!X41/Dados!Y41 -> 3.8152427 | T42: =Dados!Z42/Dados!AA42 -> 0.98901208 | U42: =Dados!X42/Dados!AA42 -> 0.98476215 | V42: =Dados!AB41/Dados!X41 -> -0.14905217 | W42: =Dados!AC41/Dados!AE41 -> 46.344235 | X42: =Dados!AE42/Dados!X42 -> 0.010433704 | Y42: =Dados!AF41/Dados!Y41 -> 0 | Z42: =Dados!AF41/Dados!AD41 -> 0 | AA42: =Dados!AG41/Dados!AH41 -> 1.0650083 | AB42: =Dados!AI42/Dados!AJ42 -> 0.9963678 | AC42: =Dados!AG42/Dados!AJ42 -> 1.0105659 | AD42: =Dados!AK41/Dados!AG41 -> 0.50455632 | AE42: =Dados!AL41/Dados!AN41 -> 15.255996 | AF42: =Dados!AN42/Dados!AG42 -> 0.0093642689 | AG42: =Dados!AO41/Dados!AH41 -> 0 | AH42: =Dados!AO41/Dados!AM41 -> 0 | AI42: =Dados!AP41/Dados!AQ41 -> 0.88737385 | AJ42: =Dados!AR42/Dados!AS42 -> #DIV/0! | AK42: =Dados!AP42/Dados!AS42 -> #DIV/0! | AL42: =Dados!AT41/Dados!AP41 -> 0.36308444 | AM42: =Dados!AU41/Dados!AW41 -> 11.494049 | AN42: =Dados!AW42/Dados!AP42 -> #DIV/0! | AO42: =Dados!AX41/Dados!AQ41 -> 0 | AP42: =Dados!AX41/Dados!AV41 -> 0
A43: 272 | B43: Consórcio Intermunicipal de Saúde do Circuito das Águas - CONISCA | C43: =Dados!F43/Dados!G43 -> 233.9133 | D43: =Dados!H43/Dados!I43 -> 0.99984661 | E43: =Dados!F43/Dados!I43 -> 0.98541276 | F43: =Dados!J43/Dados!F43 -> -0.014803176 | G43: =Dados!K43/Dados!M43 -> 0.001700513 | H43: =Dados!M43/Dados!F43 -> 0.039764691 | I43: =Dados!N43/Dados!G43 -> 1.6858244 | J43: =Dados!N43/Dados!L43 -> 0.007207048 | K43: =Dados!O42/Dados!P42 -> 355.51107 | L43: =Dados!Q43/Dados!R43 -> 0.99958002 | M43: =Dados!O43/Dados!R43 -> 1.0041249 | N43: =Dados!S42/Dados!O42 -> 0.014936238 | O43: =Dados!T42/Dados!V42 -> 4.0757052 | P43: =Dados!V43/Dados!O43 -> 0.015472851 | Q43: =Dados!W42/Dados!P42 -> 4.9512326 | R43: =Dados!W42/Dados!U42 -> 0.013927084 | S43: =Dados!X42/Dados!Y42 -> 282.31583 | T43: =Dados!Z43/Dados!AA43 -> 0.99687903 | U43: =Dados!X43/Dados!AA43 -> 1.0030715 | V43: =Dados!AB42/Dados!X42 -> -0.015473631 | W43: =Dados!AC42/Dados!AE42 -> 1.5251162 | X43: =Dados!AE43/Dados!X43 -> 0.014444084 | Y43: =Dados!AF42/Dados!Y42 -> 5.802077 | Z43: =Dados!AF42/Dados!AD42 -> 0.020591466 | AA43: =Dados!AG42/Dados!AH42 -> 225.1247 | AB43: =Dados!AI43/Dados!AJ43 -> 0.99171288 | AC43: =Dados!AG43/Dados!AJ43 -> 1.0090422 | AD43: =Dados!AK42/Dados!AG42 -> 0.010455393 | AE43: =Dados!AL42/Dados!AN42 -> 3.5632482 | AF43: =Dados!AN43/Dados!AG43 -> 0.020919745 | AG43: =Dados!AO42/Dados!AH42 -> 6.3294807 | AH43: =Dados!AO42/Dados!AM42 -> 0.028115443 | AI43: =Dados!AP42/Dados!AQ42 -> 0 | AJ43: =Dados!AR43/Dados!AS43 -> 0.9998933 | AK43: =Dados!AP43/Dados!AS43 -> 1.00876 | AL43: =Dados!AT42/Dados!AP42 -> #DIV/0! | AM43: =Dados!AU42/Dados!AW42 -> 1.9277199 | AN43: =Dados!AW43/Dados!AP43 -> 0.031110101 | AO43: =Dados!AX42/Dados!AQ42 -> 7.0016192 | AP43: =Dados!AX42/Dados!AV42 -> #DIV/0!
A44: 273 | B44: Consórcio Intermunicipal de Saúde da Região Metropolitana de Campinas - CISMETRO | C44: =Dados!F44/Dados!G44 -> 112.36952 | D44: =Dados!H44/Dados!I44 -> 0.97978232 | E44: =Dados!F44/Dados!I44 -> 0.9843818 | F44: =Dados!J44/Dados!F44 -> -0.015865999 | G44: =Dados!K44/Dados!M44 -> 0.45037824 | H44: =Dados!M44/Dados!F44 -> 0.053109815 | I44: =Dados!N44/Dados!G44 -> 1.436708 | J44: =Dados!N44/Dados!L44 -> 0.012911032 | K44: =Dados!O43/Dados!P43 -> 192.28957 | L44: =Dados!Q44/Dados!R44 -> 0.99835853 | M44: =Dados!O44/Dados!R44 -> 1.0163283 | N44: =Dados!S43/Dados!O43 -> 0.0041079722 | O44: =Dados!T43/Dados!V43 -> 0.040555501 | P44: =Dados!V44/Dados!O44 -> 0.023937377 | Q44: =Dados!W43/Dados!P43 -> 1.6741579 | R44: =Dados!W43/Dados!U43 -> 0.0087064416 | S44: =Dados!X43/Dados!Y43 -> 155.14064 | T44: =Dados!Z44/Dados!AA44 -> #DIV/0! | U44: =Dados!X44/Dados!AA44 -> #DIV/0! | V44: =Dados!AB43/Dados!X43 -> 0.0030620825 | W44: =Dados!AC43/Dados!AE43 -> 0.057999294 | X44: =Dados!AE44/Dados!X44 -> #DIV/0! | Y44: =Dados!AF43/Dados!Y43 -> 0 | Z44: =Dados!AF43/Dados!AD43 -> 0 | AA44: =Dados!AG43/Dados!AH43 -> 98.626899 | AB44: =Dados!AI44/Dados!AJ44 -> 0.99845103 | AC44: =Dados!AG44/Dados!AJ44 -> 0.99417898 | AD44: =Dados!AK43/Dados!AG43 -> 0.0089612082 | AE44: =Dados!AL43/Dados!AN43 -> 0.0058557053 | AF44: =Dados!AN44/Dados!AG44 -> 0.087065154 | AG44: =Dados!AO43/Dados!AH43 -> 0 | AH44: =Dados!AO43/Dados!AM43 -> 0 | AI44: =Dados!AP43/Dados!AQ43 -> 67.146119 | AJ44: =Dados!AR44/Dados!AS44 -> 0.99589227 | AK44: =Dados!AP44/Dados!AS44 -> 1.0237198 | AL44: =Dados!AT43/Dados!AP43 -> 0.0086839679 | AM44: =Dados!AU43/Dados!AW43 -> 0.0058557053 | AN44: =Dados!AW44/Dados!AP44 -> 0.017787155 | AO44: =Dados!AX43/Dados!AQ43 -> 0 | AP44: =Dados!AX43/Dados!AV43 -> 0
... A114: 13 | B114: Consórcio Intermunicipal de Saúde da Região do Garças/Araguaia CISRGA | C114: =Dados!F114/Dados!G114 -> 0 | D114: =Dados!H114/Dados!I114 -> #DIV/0! | E114: =Dados!F114/Dados!I114 -> #DIV/0! | F114: =Dados!J114/Dados!F114 -> #DIV/0! | G114: =Dados!K114/Dados!M114 -> #DIV/0! | H114: =Dados!M114/Dados!F114 -> #DIV/0! | I114: =Dados!N114/Dados!G114 -> 0 | J114: =Dados!N114/Dados!L114 -> #DIV/0! | K114: =Dados!O113/Dados!P113 -> 42.196487 | L114: =Dados!Q114/Dados!R114 -> #DIV/0! | M114: =Dados!O114/Dados!R114 -> #DIV/0! | N114: =Dados!S113/Dados!O113 -> 0.062919712 | O114: =Dados!T113/Dados!V113 -> 6.563383 | P114: =Dados!V114/Dados!O114 -> #DIV/0! | Q114: =Dados!W113/Dados!P113 -> 0 | R114: =Dados!W113/Dados!U113 -> 0 | S114: =Dados!X113/Dados!Y113 -> 0 | T114: =Dados!Z114/Dados!AA114 -> 0.59742755 | U114: =Dados!X114/Dados!AA114 -> 1.1998917 | V114: =Dados!AB113/Dados!X113 -> #DIV/0! | W114: =Dados!AC113/Dados!AE113 -> #DIV/0! | X114: =Dados!AE114/Dados!X114 -> 0.00063369164 | Y114: =Dados!AF113/Dados!Y113 -> 0 | Z114: =Dados!AF113/Dados!AD113 -> #DIV/0! | AA114: =Dados!AG113/Dados!AH113 -> 0 | AB114: =Dados!AI114/Dados!AJ114 -> 0.99074351 | AC114: =Dados!AG114/Dados!AJ114 -> 1.1722029 | AD114: =Dados!AK113/Dados!AG113 -> #DIV/0! | AE114: =Dados!AL113/Dados!AN113 -> #DIV/0! | AF114: =Dados!AN114/Dados!AG114 -> 0.54915335 | AG114: =Dados!AO113/Dados!AH113 -> 0 | AH114: =Dados!AO113/Dados!AM113 -> #DIV/0! | AI114: =Dados!AP113/Dados!AQ113 -> 0 | AJ114: =Dados!AR114/Dados!AS114 -> 0.43077001 | AK114: =Dados!AP114/Dados!AS114 -> 1.0577937 | AL114: =Dados!AT113/Dados!AP113 -> #DIV/0! | AM114: =Dados!AU113/Dados!AW113 -> #DIV/0! | AN114: =Dados!AW114/Dados!AP114 -> 0.53858001 | AO114: =Dados!AX113/Dados!AQ113 -> 0 | AP114: =Dados!AX113/Dados!AV113 -> #DIV/0!
A115: 17 | B115: Consórcio Intermunicipal Para o Desenvolvimento Sustentável da Bacia do Rio Taquari COINTA | C115: =Dados!F115/Dados!G115 -> 0.0019758849 | D115: =Dados!H115/Dados!I115 -> 1 | E115: =Dados!F115/Dados!I115 -> 0.204339 | F115: =Dados!J115/Dados!F115 -> 0 | G115: =Dados!K115/Dados!M115 -> 75.241941 | H115: =Dados!M115/Dados!F115 -> 0.062554623 | I115: =Dados!N115/Dados!G115 -> 0 | J115: =Dados!N115/Dados!L115 -> 0 | K115: =Dados!O114/Dados!P114 -> 0 | L115: =Dados!Q115/Dados!R115 -> 1 | M115: =Dados!O115/Dados!R115 -> 0.64660781 | N115: =Dados!S114/Dados!O114 -> #DIV/0! | O115: =Dados!T114/Dados!V114 -> #DIV/0! | P115: =Dados!V115/Dados!O115 -> 0.015243687 | Q115: =Dados!W114/Dados!P114 -> 0 | R115: =Dados!W114/Dados!U114 -> #DIV/0! | S115: =Dados!X114/Dados!#REF! -> #REF! | T115: =Dados!Z115/Dados!AA115 -> #DIV/0! | U115: =Dados!X115/Dados!AA115 -> #DIV/0! | V115: =Dados!AB114/Dados!X114 -> 0.16659142 | W115: =Dados!AC114/Dados!AE114 -> 372.49804 | X115: =Dados!AE115/Dados!X115 -> #DIV/0! | Y115: =Dados!AF114/Dados!#REF! -> #REF! | Z115: =Dados!AF114/Dados!AD114 -> 0 | AA115: =Dados!AG114/Dados!AH114 -> 6.6925431 | AB115: =Dados!AI115/Dados!AJ115 -> #DIV/0! | AC115: =Dados!AG115/Dados!AJ115 -> #DIV/0! | AD115: =Dados!AK114/Dados!AG114 -> 0.14690536 | AE115: =Dados!AL114/Dados!AN114 -> 0.5342478 | AF115: =Dados!AN115/Dados!AG115 -> #DIV/0! | AG115: =Dados!AO114/Dados!AH114 -> 0 | AH115: =Dados!AO114/Dados!AM114 -> 0 | AI115: =Dados!AP114/Dados!AQ114 -> 6.7377147 | AJ115: =Dados!AR115/Dados!AS115 -> #DIV/0! | AK115: =Dados!AP115/Dados!AS115 -> #DIV/0! | AL115: =Dados!AT114/Dados!AP114 -> 0.054636103 | AM115: =Dados!AU114/Dados!AW114 -> 0.25202574 | AN115: =Dados!AW115/Dados!AP115 -> #DIV/0! | AO115: =Dados!AX114/Dados!AQ114 -> 0 | AP115: =Dados!AX114/Dados!AV114 -> 0
A116: 84 | B116: Consórcio Nacional de Vacinas das Cidades Brasileiras - CONECTAR | C116: =Dados!F116/Dados!G116 -> 4.7726828 | D116: =Dados!H116/Dados!I116 -> 1 | E116: =Dados!F116/Dados!I116 -> 1.7269848 | F116: =Dados!J116/Dados!F116 -> 0.42095612 | G116: =Dados!K116/Dados!M116 -> 22.229598 | H116: =Dados!M116/Dados!F116 -> 0.023958399 | I116: =Dados!N116/Dados!G116 -> 0 | J116: =Dados!N116/Dados!L116 -> 0 | K116: =Dados!O115/Dados!P115 -> 0.005376303 | L116: =Dados!Q116/Dados!R116 -> 1 | M116: =Dados!O116/Dados!R116 -> 0.88471937 | N116: =Dados!S115/Dados!O115 -> -0.54653251 | O116: =Dados!T115/Dados!V115 -> 206.39106 | P116: =Dados!V116/Dados!O116 -> 0 | Q116: =Dados!W115/Dados!P115 -> 0 | R116: =Dados!W115/Dados!U115 -> 0 | S116: =Dados!X115/Dados!Y114 -> 0 | T116: =Dados!Z116/Dados!AA116 -> 1 | U116: =Dados!X116/Dados!AA116 -> 0.83222669 | V116: =Dados!AB115/Dados!X115 -> #DIV/0! | W116: =Dados!AC115/Dados!AE115 -> #DIV/0! | X116: =Dados!AE116/Dados!X116 -> 0 | Y116: =Dados!AF115/Dados!Y114 -> 0 | Z116: =Dados!AF115/Dados!AD115 -> #DIV/0! | AA116: =Dados!AG115/Dados!AH115 -> 0 | AB116: =Dados!AI116/Dados!AJ116 -> 1 | AC116: =Dados!AG116/Dados!AJ116 -> 1.0757296 | AD116: =Dados!AK115/Dados!AG115 -> #DIV/0! | AE116: =Dados!AL115/Dados!AN115 -> #DIV/0! | AF116: =Dados!AN116/Dados!AG116 -> 0 | AG116: =Dados!AO115/Dados!AH115 -> 0 | AH116: =Dados!AO115/Dados!AM115 -> #DIV/0! | AI116: =Dados!AP115/Dados!AQ115 -> 0 | AJ116: =Dados!AR116/Dados!AS116 -> 1 | AK116: =Dados!AP116/Dados!AS116 -> 1.1028839 | AL116: =Dados!AT115/Dados!AP115 -> #DIV/0! | AM116: =Dados!AU115/Dados!AW115 -> #DIV/0! | AN116: =Dados!AW116/Dados!AP116 -> 0 | AO116: =Dados!AX115/Dados!AQ115 -> 0 | AP116: =Dados!AX115/Dados!AV115 -> #DIV/0!
A117: 184 | B117: Consórcio Intermunicipal Para o Desenvolvimento da Costa Leste - CIDECOL | C117: =Dados!F117/Dados!G117 -> 104.61993 | D117: =Dados!H117/Dados!I117 -> 1 | E117: =Dados!F117/Dados!I117 -> 1.0524169 | F117: =Dados!J117/Dados!F117 -> 0.049806201 | G117: =Dados!K117/Dados!M117 -> 1552.1083 | H117: =Dados!M117/Dados!F117 -> 7.902467e-05 | I117: =Dados!N117/Dados!G117 -> 0 | J117: =Dados!N117/Dados!L117 -> 0 | K117: =Dados!O116/Dados!P116 -> 2.1493666 | L117: =Dados!Q117/Dados!R117 -> 0.99876881 | M117: =Dados!O117/Dados!R117 -> 1.0113765 | N117: =Dados!S116/Dados!O116 -> -0.13030192 | O117: =Dados!T116/Dados!V116 -> #DIV/0! | P117: =Dados!V117/Dados!O117 -> 0.0052826633 | Q117: =Dados!W116/Dados!P116 -> 0 | R117: =Dados!W116/Dados!U116 -> 0 | S117: =Dados!X116/Dados!Y116 -> 1.5361761 | T117: =Dados!Z117/Dados!AA117 -> 0.99782619 | U117: =Dados!X117/Dados!AA117 -> 1.0570024 | V117: =Dados!AB116/Dados!X116 -> -0.20159569 | W117: =Dados!AC116/Dados!AE116 -> #DIV/0! | X117: =Dados!AE117/Dados!X117 -> 0.00096720393 | Y117: =Dados!AF116/Dados!Y116 -> 0 | Z117: =Dados!AF116/Dados!AD116 -> 0 | AA117: =Dados!AG116/Dados!AH116 -> 1.702322 | AB117: =Dados!AI117/Dados!AJ117 -> 0.99959616 | AC117: =Dados!AG117/Dados!AJ117 -> 1.0018604 | AD117: =Dados!AK116/Dados!AG116 -> 0.070398331 | AE117: =Dados!AL116/Dados!AN116 -> #DIV/0! | AF117: =Dados!AN117/Dados!AG117 -> 0 | AG117: =Dados!AO116/Dados!AH116 -> 0 | AH117: =Dados!AO116/Dados!AM116 -> 0 | AI117: =Dados!AP116/Dados!AQ116 -> 1.4232872 | AJ117: =Dados!AR117/Dados!AS117 -> #DIV/0! | AK117: =Dados!AP117/Dados!AS117 -> #DIV/0! | AL117: =Dados!AT116/Dados!AP116 -> 0.093286222 | AM117: =Dados!AU116/Dados!AW116 -> #DIV/0! | AN117: =Dados!AW117/Dados!AP117 -> #DIV/0! | AO117: =Dados!AX116/Dados!AQ116 -> 0 | AP117: =Dados!AX116/Dados!AV116 -> 0
A118: 185 | B118: Consórcio Intermunicipal de Saúde da Região do Alto Tapajós - CISRAT | C118: =Dados!F118/Dados!G118 -> 58.832739 | D118: =Dados!H118/Dados!I118 -> 1 | E118: =Dados!F118/Dados!I118 -> 1.0380477 | F118: =Dados!J118/Dados!F118 -> -0.074437078 | G118: =Dados!K118/Dados!M118 -> #DIV/0! | H118: =Dados!M118/Dados!F118 -> 0 | I118: =Dados!N118/Dados!G118 -> 0 | J118: =Dados!N118/Dados!L118 -> 0 | K118: =Dados!O117/Dados!P117 -> 62.386913 | L118: =Dados!Q118/Dados!R118 -> #DIV/0! | M118: =Dados!O118/Dados!R118 -> #DIV/0! | N118: =Dados!S117/Dados!O117 -> 0.01124849 | O118: =Dados!T117/Dados!V117 -> 16.406477 | P118: =Dados!V118/Dados!O118 -> 0 | Q118: =Dados!W117/Dados!P117 -> 0 | R118: =Dados!W117/Dados!U117 -> 0 | S118: =Dados!X117/Dados!Y117 -> 47.696951 | T118: =Dados!Z118/Dados!AA118 -> #DIV/0! | U118: =Dados!X118/Dados!AA118 -> #DIV/0! | V118: =Dados!AB117/Dados!X117 -> 0.053928386 | W118: =Dados!AC117/Dados!AE117 -> 95.844318 | X118: =Dados!AE118/Dados!X118 -> #DIV/0! | Y118: =Dados!AF117/Dados!Y117 -> 0 | Z118: =Dados!AF117/Dados!AD117 -> 0 | AA118: =Dados!AG117/Dados!AH117 -> 35.615252 | AB118: =Dados!AI118/Dados!AJ118 -> #DIV/0! | AC118: =Dados!AG118/Dados!AJ118 -> #DIV/0! | AD118: =Dados!AK117/Dados!AG117 -> 0.001856942 | AE118: =Dados!AL117/Dados!AN117 -> #DIV/0! | AF118: =Dados!AN118/Dados!AG118 -> #DIV/0! | AG118: =Dados!AO117/Dados!AH117 -> 0 | AH118: =Dados!AO117/Dados!AM117 -> 0 | AI118: =Dados!AP117/Dados!AQ117 -> 0 | AJ118: =Dados!AR118/Dados!AS118 -> #DIV/0! | AK118: =Dados!AP118/Dados!AS118 -> #DIV/0! | AL118: =Dados!AT117/Dados!AP117 -> #DIV/0! | AM118: =Dados!AU117/Dados!AW117 -> #DIV/0! | AN118: =Dados!AW118/Dados!AP118 -> #DIV/0! | AO118: =Dados!AX117/Dados!AQ117 -> 0 | AP118: =Dados!AX117/Dados!AV117 -> #DIV/0!
A119: 186 | B119: Consórcio Intermunicipal de Saúde da Região Norte Matogrossense - CISRNM | C119: =Dados!F119/Dados!G119 -> 150.9136 | D119: =Dados!H119/Dados!I119 -> 0.97912805 | E119: =Dados!F119/Dados!I119 -> 0.92009523 | F119: =Dados!J119/Dados!F119 -> -0.086844021 | G119: =Dados!K119/Dados!M119 -> 39.548007 | H119: =Dados!M119/Dados!F119 -> 0.0074966953 | I119: =Dados!N119/Dados!G119 -> 0 | J119: =Dados!N119/Dados!L119 -> 0 | K119: =Dados!O118/Dados!P118 -> 59.658309 | L119: =Dados!Q119/Dados!R119 -> 0.98201148 | M119: =Dados!O119/Dados!R119 -> 1.153587 | N119: =Dados!S118/Dados!O118 -> 0 | O119: =Dados!T118/Dados!V118 -> #DIV/0! | P119: =Dados!V119/Dados!O119 -> 0.00011132668 | Q119: =Dados!W118/Dados!P118 -> 0 | R119: =Dados!W118/Dados!U118 -> 0 | S119: =Dados!X118/Dados!Y118 -> 0 | T119: =Dados!Z119/Dados!AA119 -> 0.99547191 | U119: =Dados!X119/Dados!AA119 -> 1.0371629 | V119: =Dados!AB118/Dados!X118 -> #DIV/0! | W119: =Dados!AC118/Dados!AE118 -> #DIV/0! | X119: =Dados!AE119/Dados!X119 -> 0.00081693157 | Y119: =Dados!AF118/Dados!Y118 -> 0 | Z119: =Dados!AF118/Dados!AD118 -> #DIV/0! | AA119: =Dados!AG118/Dados!AH118 -> 0 | AB119: =Dados!AI119/Dados!AJ119 -> 0.95404704 | AC119: =Dados!AG119/Dados!AJ119 -> 1.2658528 | AD119: =Dados!AK118/Dados!AG118 -> #DIV/0! | AE119: =Dados!AL118/Dados!AN118 -> #DIV/0! | AF119: =Dados!AN119/Dados!AG119 -> 0 | AG119: =Dados!AO118/Dados!AH118 -> 0 | AH119: =Dados!AO118/Dados!AM118 -> #DIV/0! | AI119: =Dados!AP118/Dados!AQ118 -> 0 | AJ119: =Dados!AR119/Dados!AS119 -> 0.94431699 | AK119: =Dados!AP119/Dados!AS119 -> 1.0294759 | AL119: =Dados!AT118/Dados!AP118 -> #DIV/0! | AM119: =Dados!AU118/Dados!AW118 -> #DIV/0! | AN119: =Dados!AW119/Dados!AP119 -> 0.00010377432 | AO119: =Dados!AX118/Dados!AQ118 -> 0 | AP119: =Dados!AX118/Dados!AV118 -> #DIV/0!
A120: 187 | B120: Consórcio Público de Saúde Vale do Teles Pires - CONSÓRCIO VALE DO TELES PIRES | C120: =Dados!F120/Dados!G120 -> 0 | D120: =Dados!H120/Dados!I120 -> #DIV/0! | E120: =Dados!F120/Dados!I120 -> #DIV/0! | F120: =Dados!J120/Dados!F120 -> #DIV/0! | G120: =Dados!K120/Dados!M120 -> #DIV/0! | H120: =Dados!M120/Dados!F120 -> #DIV/0! | I120: =Dados!N120/Dados!G120 -> 0 | J120: =Dados!N120/Dados!L120 -> #DIV/0! | K120: =Dados!O119/Dados!P119 -> 147.37848 | L120: =Dados!Q120/Dados!R120 -> 1 | M120: =Dados!O120/Dados!R120 -> 0.60554602 | N120: =Dados!S119/Dados!O119 -> 0.13313866 | O120: =Dados!T119/Dados!V119 -> 3406.5285 | P120: =Dados!V120/Dados!O120 -> 0.47404789 | Q120: =Dados!W119/Dados!P119 -> 0 | R120: =Dados!W119/Dados!U119 -> 0 | S120: =Dados!X119/Dados!Y119 -> 105.98701 | T120: =Dados!Z120/Dados!AA120 -> 0.99806747 | U120: =Dados!X120/Dados!AA120 -> 0.38107367 | V120: =Dados!AB119/Dados!X119 -> 0.035831321 | W120: =Dados!AC119/Dados!AE119 -> 416.82579 | X120: =Dados!AE120/Dados!X120 -> 0.45168726 | Y120: =Dados!AF119/Dados!Y119 -> 0 | Z120: =Dados!AF119/Dados!AD119 -> 0 | AA120: =Dados!AG119/Dados!AH119 -> 95.848782 | AB120: =Dados!AI120/Dados!AJ120 -> 0.99855418 | AC120: =Dados!AG120/Dados!AJ120 -> 0.38615995 | AD120: =Dados!AK119/Dados!AG119 -> 0.21001871 | AE120: =Dados!AL119/Dados!AN119 -> #DIV/0! | AF120: =Dados!AN120/Dados!AG120 -> 0.3279217 | AG120: =Dados!AO119/Dados!AH119 -> 0 | AH120: =Dados!AO119/Dados!AM119 -> 0 | AI120: =Dados!AP119/Dados!AQ119 -> 65.675071 | AJ120: =Dados!AR120/Dados!AS120 -> 0.9986319 | AK120: =Dados!AP120/Dados!AS120 -> 0.44194459 | AL120: =Dados!AT119/Dados!AP119 -> 0.028631931 | AM120: =Dados!AU119/Dados!AW119 -> 1630.4984 | AN120: =Dados!AW120/Dados!AP120 -> 0.68878691 | AO120: =Dados!AX119/Dados!AQ119 -> 0 | AP120: =Dados!AX119/Dados!AV119 -> 0
A121: 191 | B121: Consórcio Intermunicipal de Saúde da Região Centro-Norte de Mato Grosso - CISCN | C121: =Dados!F121/Dados!G121 -> 56.390484 | D121: =Dados!H121/Dados!I121 -> 0.97781678 | E121: =Dados!F121/Dados!I121 -> 0.99840346 | F121: =Dados!J121/Dados!F121 -> -0.0015990891 | G121: =Dados!K121/Dados!M121 -> 3.8722215 | H121: =Dados!M121/Dados!F121 -> 0.017491201 | I121: =Dados!N121/Dados!G121 -> 0 | J121: =Dados!N121/Dados!L121 -> 0 | K121: =Dados!O120/Dados!P120 -> 14.217043 | L121: =Dados!Q121/Dados!R121 -> #DIV/0! | M121: =Dados!O121/Dados!R121 -> #DIV/0! | N121: =Dados!S120/Dados!O120 -> -0.65140215 | O121: =Dados!T120/Dados!V120 -> 0.41096116 | P121: =Dados!V121/Dados!O121 -> #DIV/0! | Q121: =Dados!W120/Dados!P120 -> 0 | R121: =Dados!W120/Dados!U120 -> 0 | S121: =Dados!X120/Dados!Y120 -> 12.309538 | T121: =Dados!Z121/Dados!AA121 -> #DIV/0! | U121: =Dados!X121/Dados!AA121 -> #DIV/0! | V121: =Dados!AB120/Dados!X120 -> -1.6241645 | W121: =Dados!AC120/Dados!AE120 -> 0.17299747 | X121: =Dados!AE121/Dados!X121 -> #DIV/0! | Y121: =Dados!AF120/Dados!Y120 -> 0 | Z121: =Dados!AF120/Dados!AD120 -> 0 | AA121: =Dados!AG120/Dados!AH120 -> 15.516344 | AB121: =Dados!AI121/Dados!AJ121 -> #DIV/0! | AC121: =Dados!AG121/Dados!AJ121 -> #DIV/0! | AD121: =Dados!AK120/Dados!AG120 -> -1.5896005 | AE121: =Dados!AL120/Dados!AN120 -> 0.17935868 | AF121: =Dados!AN121/Dados!AG121 -> #DIV/0! | AG121: =Dados!AO120/Dados!AH120 -> 0 | AH121: =Dados!AO120/Dados!AM120 -> 0 | AI121: =Dados!AP120/Dados!AQ120 -> 9.7840758 | AJ121: =Dados!AR121/Dados!AS121 -> #DIV/0! | AK121: =Dados!AP121/Dados!AS121 -> #DIV/0! | AL121: =Dados!AT120/Dados!AP120 -> -1.2627271 | AM121: =Dados!AU120/Dados!AW120 -> 4.4229295 | AN121: =Dados!AW121/Dados!AP121 -> #DIV/0! | AO121: =Dados!AX120/Dados!AQ120 -> 0 | AP121: =Dados!AX120/Dados!AV120 -> 0
A122: 299 | B122: Consórcio Intermunicipal de Saúde do Vale do Juruena - CISVJ | C122: =Dados!F122/Dados!G122 -> #DIV/0! | D122: =Dados!H122/Dados!I122 -> #DIV/0! | E122: =Dados!F122/Dados!I122 -> #DIV/0! | F122: =Dados!J122/Dados!F122 -> #DIV/0! | G122: =Dados!K122/Dados!M122 -> #DIV/0! | H122: =Dados!M122/Dados!F122 -> #DIV/0! | I122: =Dados!N122/Dados!G122 -> #DIV/0! | J122: =Dados!N122/Dados!L122 -> #DIV/0! | K122: =Dados!O121/Dados!P121 -> 0 | L122: =Dados!Q122/Dados!R122 -> #DIV/0! | M122: =Dados!O122/Dados!R122 -> #DIV/0! | N122: =Dados!S121/Dados!O121 -> #DIV/0! | O122: =Dados!T121/Dados!V121 -> #DIV/0! | P122: =Dados!V122/Dados!O122 -> #DIV/0! | Q122: =Dados!W121/Dados!P121 -> 0 | R122: =Dados!W121/Dados!U121 -> #DIV/0! | S122: =Dados!X121/Dados!Y121 -> 0 | T122: =Dados!Z122/Dados!AA122 -> #DIV/0! | U122: =Dados!X122/Dados!AA122 -> #DIV/0! | V122: =Dados!AB121/Dados!X121 -> #DIV/0! | W122: =Dados!AC121/Dados!AE121 -> #DIV/0! | X122: =Dados!AE122/Dados!X122 -> #DIV/0! | Y122: =Dados!AF121/Dados!Y121 -> 0 | Z122: =Dados!AF121/Dados!AD121 -> #DIV/0! | AA122: =Dados!AG121/Dados!AH121 -> 0 | AB122: =Dados!AI122/Dados!AJ122 -> #DIV/0! | AC122: =Dados!AG122/Dados!AJ122 -> #DIV/0! | AD122: =Dados!AK121/Dados!AG121 -> #DIV/0! | AE122: =Dados!AL121/Dados!AN121 -> #DIV/0! | AF122: =Dados!AN122/Dados!AG122 -> #DIV/0! | AG122: =Dados!AO121/Dados!AH121 -> 0 | AH122: =Dados!AO121/Dados!AM121 -> #DIV/0! | AI122: =Dados!AP121/Dados!AQ121 -> 0 | AJ122: =Dados!AR122/Dados!AS122 -> #DIV/0! | AK122: =Dados!AP122/Dados!AS122 -> #DIV/0! | AL122: =Dados!AT121/Dados!AP121 -> #DIV/0! | AM122: =Dados!AU121/Dados!AW121 -> #DIV/0! | AN122: =Dados!AW122/Dados!AP122 -> #DIV/0! | AO122: =Dados!AX121/Dados!AQ121 -> 0 | AP122: =Dados!AX121/Dados!AV121 -> #DIV/0!

Sheet Dados
A1: ID | B1: Nome | C1: CNPJ | D1: Estado | E1: Região | F1: 2024 | O1: 2023 | X1: 2022 | AG1: 2021 | AP1: 2020
F2: Receita total | G2: População atendida | H2: Despesa corrente | I2: Despesa Total Empenhada | J2: Superávit financeiro | K2: Disponibilidades | L2: Receita corrente | M2: Obrigações correntes | N2: Divida consolidada | O2: Receita total | P2: População atendida | Q2: Despesa corrente | R2: Despesa Total Empenhada | S2: Superávit financeiro | T2: Disponibilidades | U2: Receita corrente | V2: Obrigações correntes | W2: Divida consolidada | X2: Receita total | Y2: População atendida | Z2: Despesa corrente | AA2: Despesa Total Empenhada | AB2: Superávit financeiro | AC2: Disponibilidades | AD2: Receita corrente | AE2: Obrigações correntes | AF2: Divida consolidada | AG2: Receita total | AH2: População atendida | AI2: Despesa corrente | AJ2: Despesa Total Empenhada | AK2: Superávit financeiro | AL2: Disponibilidades | AM2: Receita corrente | AN2: Obrigações correntes | AO2: Divida consolidada | AP2: Receita total | AQ2: População atendida | AR2: Despesa corrente | AS2: Despesa Total Empenhada | AT2: Superávit financeiro | AU2: Disponibilidades | AV2: Receita corrente | AW2: Obrigações correntes | AX2: Divida consolidada
A3: 9 | B3: Consórcio Público da Região Polo Sul - CIM POLO SUL | C3: 02.722.566/0001-52 | D3: Espirito Santo | E3: Sudeste | F3: 85951705 | G3: 651242 | H3: 81673743 | I3: 82183987 | J3: 3767717.7 | K3: 1257215.8 | L3: 85951705 | M3: 257.79 | N3: 0 | O3: 76660421 | P3: 648960.33 | Q3: 75496677 | R3: 76566687 | S3: 93733.52 | T3: 7541689.5 | U3: 76660421 | V3: 52004.35 | W3: 0 | X3: 57517455 | Y3: 646678.67 | Z3: 55060361 | AA3: 56261772 | AB3: 1255682.7 | AC3: 7405521 | AD3: 57517455 | AE3: 442373.29 | AF3: 0 | AG3: 44443210 | AH3: 644397 | AI3: 41779094 | AJ3: 41800043 | AK3: 2643166.8 | AL3: 5738982.7 | AM3: 44443210 | AN3: 22169.64 | AO3: 0 | AP3: 22409204 | AQ3: 641058 | AR3: 20867449 | AS3: 20959334 | AT3: 1449869.9 | AU3: 3088947.1 | AV3: 22409204 | AW3: 20076.13 | AX3: 0
A4: 20 | B4: Consórcio Público Intermunicipal de Saúde do Alto Paranaíba - CISALP | C4: 02.319.394/0001-70 | D4: Minas Gerais | E4: Sudeste | F4: 1.2364717e+08 | G4: 414724 | H4: 1.0922779e+08 | I4: 1.1450185e+08 | J4: 9145317.4 | K4: 37030487 | L4: 1.1140236e+08 | M4: 599481.61 | N4: 0 | O4: 78401193 | P4: 407151 | Q4: 66712957 | R4: 67600888 | S4: 10800304 | T4: 19539435 | U4: 74222853 | V4: 807330.86 | W4: 0 | X4: 30765369 | Y4: 399578 | Z4: 28065760 | AA4: 28131257 | AB4: 2634111.7 | AC4: 5597813.7 | AD4: 30407461 | AE4: 100801.79 | AF4: 0 | AG4: 12137945 | AH4: 392005 | AI4: 12104136 | AJ4: 12175870 | AK4: -37924.81 | AL4: 1530457.5 | AM4: 12072645 | AN4: 347332.98 | AO4: 0 | AP4: 5842566.2 | AQ4: 389962 | AR4: 6057431.4 | AS4: 6071381.4 | AT4: -228815.21 | AU4: 590925.2 | AV4: 5716566.2 | AW4: 79826.35 | AX4: 0
A5: 21 | B5: Consórcio Intermunicipal de Saúde da Mata Leste CISLESTE | C5: 00.738.236/0001-20 | D5: Minas Gerais | E5: Sudeste | F5: 47236642 | G5: 245780 | H5: 41229251 | I5: 43545701 | J5: 3690940.2 | L5: 43380066 | O5: 35700790 | P5: 247291.67 | Q5: 31049589 | R5: 31258106 | S5: 4442684.2 | U5: 31979755 | X5: 27187253 | Y5: 248803.33 | Z5: 24497774 | AA5: 24548163 | AB5: 2639089.5 | AD5: 24666510 | AG5: 18001911 | AH5: 250315 | AI5: 18120448 | AJ5: 18283919 | AK5: -282007.99 | AM5: 18001911 | AP5: 11609426 | AQ5: 249466 | AR5: 11632962 | AS5: 11900779 | AT5: -291353.33 | AV5: 11609426
A6: 28 | B6: Consórcio Intermunicipal de Saúde da Microrregião de Viçosa CISMIV | C6: 02.326.365/0001-36 | D6: Minas Gerais | E6: Sudeste | F6: 21747632 | G6: 145788 | H6: 16255598 | I6: 21932843 | J6: -185210.28 | K6: 10150442 | L6: 18434032 | M6: 34473.99 | N6: 0 | O6: 17773757 | P6: 146226 | Q6: 11754715 | R6: 13595633 | S6: 4178124.5 | T6: 10497400 | U6: 13118619 | V6: 260564.17 | W6: 0 | X6: 14509628 | Y6: 146664 | Z6: 11432980 | AA6: 11813054 | AB6: 2696574.5 | AC6: 5073290.8 | AD6: 12353431 | AE6: 322200.89 | AF6: 0 | AG6: 10035357 | AH6: 147102 | AI6: 9389048.7 | AJ6: 9430668.6 | AK6: 604687.94 | AL6: 2212110.1 | AM6: 10035357 | AN6: 333281.16 | AO6: 0 | AP6: =6947346.13+50000 -> 6997346.1 | AQ6: 146508 | AR6: 5956025.4 | AS6: 6118695.7 | AT6: 828650.42 | AU6: 1677454.4 | AV6: 6947346.1 | AW6: 288041.83 | AX6: 0
A7: 29 | B7: Consórcio Intermunicipal de Saúde do Alto das Vertentes - CISALV | C7: 02.334.933/0001-40 | D7: Minas Gerais | E7: Sudeste | F7: 38060503 | G7: 269765 | H7: 24918715 | I7: 27015984 | J7: 11044518 | K7: 18078108 | L7: 28059725 | M7: 388795.95 | N7: 0 | O7: 22976753 | P7: 273212.33 | Q7: 16164243 | R7: 21093191 | S7: 1883562.6 | T7: 9432495.4 | U7: 18146591 | V7: 155645.08 | W7: 0 | X7: 17377016 | Y7: 276659.67 | Z7: 12570800 | AA7: 12829120 | AB7: 4547895.3 | AC7: 5380066.8 | AD7: 13715388 | AE7: 24312.35 | AF7: 0 | AG7: 9273221.5 | AH7: 280107 | AI7: 8865796.4 | AJ7: 9000180.6 | AK7: 273040.89 | AL7: 2529149.8 | AM7: 9188301.3 | AN7: 11176.21 | AO7: 0 | AP7: 7105690.8 | AQ7: 279154 | AR7: 6752390.5 | AS7: 6820705.7 | AT7: 284985.04 | AU7: 975602.75 | AV7: 7035233.7 | AW7: 22846.45 | AX7: 0
A8: 31 | B8: Consorcio Intermunicipal de Especialidades - CIESP | C8: 07.356.999/0001-55 | D8: Minas Gerais | E8: Sudeste | F8: =20212089.93+5080772.36 -> 25292862 | G8: 222172 | H8: 12219960 | I8: 15107527 | J8: 10185335 | K8: 13097957 | L8: 14459110 | M8: 546280.61 | N8: 0 | O8: =13675197.08+4183665.89 -> 17858863 | P8: 220297.33 | Q8: 9016824.6 | R8: 11473934 | S8: 6384928.6 | T8: 8853970.1 | U8: 10525379 | V8: 372895.09 | W8: 0 | X8: =11799839.29+1499819.41 -> 13299659 | Y8: 218422.67 | Z8: 8905632.5 | AA8: 9041303.6 | AB8: 4258355.1 | AC8: 5116367.8 | AD8: 10014905 | AE8: 173931.25 | AF8: 0 | AG8: =7449495.21+690840 -> 8140335.2 | AH8: 216548 | AI8: 7103801.8 | AJ8: 7157631.2 | AK8: 982704.05 | AL8: 2731067.8 | AM8: 7449495.2 | AN8: 762366.17 | AO8: 0 | AP8: =5987923.5+118015.4 -> 6105938.9 | AQ8: 215323 | AR8: 5686411 | AS8: 5766841 | AT8: 339097.88 | AU8: 2147673.5 | AV8: 5987923.5 | AW8: 652471.07 | AX8: 0
A9: 33 | B9: Consórcio Público Intermunicipal de Saúde do Triângulo Mineiro CISTM | C9: 18.151.467/0001-06 | D9: Minas Gerais | E9: Sudeste | G9: 481897 | P9: 480386.67 | Y9: 478876.33 | AG9: =9236051.7 -> 9236051.7 | AH9: 477366 | AI9: 9042712.1 | AJ9: 9373744.9 | AK9: =AG9-AJ9 -> -137693.25 | AL9: 2912863.7 | AM9: 9133251.7 | AN9: 21704.79 | AO9: 0 | AP9: 7612688.7 | AQ9: 475413 | AR9: 6536075.1 | AS9: 6789272 | AT9: 823416.74 | AU9: 2773841.6 | AV9: 7483463.7 | AW9: 103733.37 | AX9: 0
A10: 36 | B10: Consórcio Intermunicipal de Saúde da Rede de Urgência e Emergência da Região Ampliada do Noroeste CISREUNO | C10: 20.433.216/0001-58 | D10: Minas Gerais | E10: Sudeste | F10: 45353475 | G10: 741869 | H10: 46179909 | I10: 47500951 | J10: -2147476.5 | K10: 22049120 | L10: 45353475 | M10: 1775639 | N10: 0 | O10: 43571124 | P10: 732635 | Q10: 37712260 | R10: 38305003 | S10: 5266120.7 | T10: 22464725 | U10: 43571124 | V10: 305311.01 | W10: 0 | X10: 8340760.7 | Y10: 723401 | Z10: 5901695.7 | AA10: 18407612 | AB10: -10066852 | AC10: 13348610 | AD10: 8340760.7 | AE10: 21046.24 | AF10: 0 | AH10: 714167 | AL10: 23393991 | AN10: 2217.64 | AO10: 0 | AQ10: 710130
A11: 37 | B11: Consórcio Intermunicipal Multifinalitário do Vale de Paraibuna - CIMPAR | C11: 21.565.740/0001-45 | D11: Minas Gerais | E11: Sudeste | F11: =13544622.93+1977.81 -> 13546601 | G11: 684595 | H11: 13828833 | I11: 13828833 | J11: -282232.29 | K11: 1663228 | L11: 13544623 | M11: 276930.71 | N11: 0 | O11: 10780174 | P11: 688660.67 | Q11: 10263576 | R11: 10289683 | S11: 490491.09 | T11: 1689466.3 | U11: 10780174 | V11: 1043971.2 | W11: 0 | Y11: 692726.33 | AH11: 696792 | AQ11: 692272
A12: 39 | B12: Consórcio Intermunicipal de Saúde do Médio Espinhaço CISAME | C12: 31.974.558/0001-00 | D12: Minas Gerais | E12: Sudeste | F12: 4151409 | G12: 33627 | H12: 1342034.3 | I12: 1682241.3 | J12: 2469167.7 | K12: 2923540.9 | L12: 1495162.6 | M12: 69311.68 | N12: 0 | O12: 1189961.3 | P12: 30911 | Q12: 1638469.7 | R12: 1665116.7 | S12: -475155.41 | T12: 123677.67 | U12: 1189961.3 | V12: 68919.5 | W12: 0 | X12: 1273051.8 | Y12: 28195 | Z12: 1109337.6 | AA12: 1109337.6 | AB12: 163714.17 | AC12: 666550.03 | AD12: 1273051.8 | AE12: 41353.77 | AF12: 0 | AG12: 0 | AH12: 25479 | AI12: 0 | AJ12: 0 | AK12: 0 | AL12: 0 | AM12: 0 | AN12: 0 | AO12: 0 | AP12: 0 | AQ12: 25559 | AR12: 0 | AS12: 0 | AT12: 0 | AU12: 0 | AV12: 0 | AW12: 0 | AX12: 0
A13: 41 | B13: Consórcio Intermunicipal de Saúde do Sistema Microrregional de Saúde de São Lourenço Cis Circuito das Águas | C13: 71.203.715/0001-90 | D13: Minas Gerais | E13: Sudeste | F13: =72234058.03+2544000 -> 74778058 | G13: 181291 | H13: 58047998 | I13: 62632486 | J13: 12145572 | K13: 14849998 | L13: 60383111 | M13: 2417307.6 | N13: 0 | O13: =46226510.82+1015638.21 -> 47242149 | P13: 204109 | Q13: 43360583 | R13: 43970626 | S13: 3271523.4 | T13: 3106985.7 | U13: 44009111 | V13: 747326.98 | W13: 108257.78 | X13: =37806088.85+62536.25 -> 37868625 | Y13: 203766 | Z13: 36918542 | AA13: 36955861 | AB13: 912764.21 | AC13: 548046.64 | AD13: 37727811 | AE13: 696359.31 | AF13: 62455.91 | AG13: =28194897.51+18900 -> 28213798 | AH13: 203423 | AI13: 27767508 | AJ13: 27869977 | AK13: 343820.77 | AL13: 363328.77 | AM13: 28194898 | AN13: 717238.27 | AO13: 35086.17 | AP13: 25687756 | AQ13: 179367 | AR13: 24582851 | AS13: 24683685 | AT13: 1004070.5 | AU13: 1320616.5 | AV13: 25687756 | AW13: 327265.15 | AX13: 105959.89
A14: 53 | B14: Consórcio Intermunicipal de Desenvolvimento da Região Leste Fluminense - CONLESTE | C14: 08.932.750/0001-03 | D14: Rio de Janeiro | E14: Sudeste | F14: 1014090.4 | G14: 3411903 | H14: 1030980.6 | I14: 1142262.2 | J14: -128171.77 | K14: 99553.37 | L14: 1014090.4 | M14: 29119.72 | N14: 92774.43 | O14: 1199961.7 | P14: 3443825.7 | Q14: 970969.33 | R14: 1094488.5 | S14: 105473.2 | T14: 231320.02 | U14: 1199961.7 | V14: 32775.71 | W14: 173723.87 | X14: 948726.36 | Y14: 3475748.3 | Z14: 976141.5 | AA14: 1097160.6 | AB14: -148434.22 | AC14: 118654.4 | AD14: 948726.36 | AE14: 1953.75 | AF14: 192709.98 | AG14: 1080613.6 | AH14: 3507671 | AI14: 893008.07 | AJ14: 945872.4 | AK14: 134741.2 | AL14: 300746.26 | AM14: 1080613.6 | AN14: 141885.97 | AO14: 201750.3 | AP14: 764336.63 | AQ14: 3479924 | AR14: 851333.06 | AS14: 870432.02 | AT14: -106095.39 | AU14: 40729.51 | AV14: 764336.63 | AW14: 261879.51 | AX14: 80664.23
A15: 71 | B15: Consórcio Intermunicipal de Serviços da Nova Alta Paulista - CISNAP | C15: 02.655.907/0001-14 | D15: São Paulo | E15: Sudeste | F15: 41086361 | G15: 144913 | H15: 40014156 | I15: 40177253 | J15: 909108.11 | K15: 1723981.4 | L15: 41086361 | M15: 86814.75 | N15: 367514.74 | O15: 36246586 | P15: 145326 | Q15: 36048614 | R15: 36377366 | S15: -130779.97 | T15: 1284511.9 | U15: 36246586 | V15: 556333.37 | W15: 483945.12 | X15: 27915916 | Y15: 145739 | Z15: 26906189 | AA15: 27307704 | AB15: 608211.94 | AC15: 1157797.5 | AD15: 27915916 | AE15: 249580.25 | AF15: 1065967.2 | AG15: 20263571 | AH15: 146152 | AI15: 19554881 | AJ15: 20189683 | AK15: 73887.86 | AL15: 939452.29 | AM15: 20263571 | AN15: 459734.51 | AO15: 1386083.4 | AQ15: 145349 | AU15: 682063.46 | AW15: 420587.17 | AX15: 2165961.7
A16: 73 | B16: Consórcio Público Intermunicipal de Saúde da Região de Jales - CONSIRJ | C16: 04.685.273/0001-78 | D16: São Paulo | E16: Sudeste | F16: 21054934 | G16: 156029 | H16: 20638405 | I16: 20752042 | J16: 302891.32 | K16: 2510271.3 | L16: 21054934 | M16: 1900540.8 | N16: 0 | O16: 19192818 | P16: 156617 | Q16: 18830168 | R16: 18915327 | S16: 277490.99 | T16: 750127.38 | U16: 19192818 | V16: 380945.72 | W16: 0 | X16: 16475209 | Y16: 157205 | Z16: 16287920 | AA16: 16399579 | AB16: 75629.52 | AC16: =1135.75+471500.64 -> 472636.39 | AD16: 16475209 | AE16: 380945.72 | AF16: 0 | AG16: 14966782 | AH16: 157793 | AI16: 14755023 | AJ16: 14961064 | AK16: 5717.26 | AL16: 397006.87 | AM16: 14966782 | AN16: 380945.72 | AO16: 172631.52 | AP16: 13818132 | AQ16: 157579 | AR16: 13470960 | AS16: 13600960 | AT16: 217171.59 | AU16: 391289.61 | AV16: 13818132 | AW16: 380945.72 | AX16: 0
A17: 74 | B17: Consórcio Intermunicipal Serra da Mantiqueira - CISMA | C17: 04.894.776/0001-53 | D17: São Paulo | E17: Sudeste | F17: 302301.57 | G17: 296540 | H17: 426437.62 | I17: 429792.62 | J17: -127491.05 | K17: 331093.45 | L17: 302301.57 | M17: 11140.7 | N17: 0 | O17: 483547.14 | P17: 296131.67 | Q17: 245394.66 | R17: 250294.66 | S17: 233252.48 | T17: 456899.08 | U17: 483547.14 | V17: 9455.28 | W17: 0 | Y17: 295723.33 | AC17: 226336.5 | AE17: 12145.18 | AF17: 0 | AH17: 295315 | AQ17: 292667
A18: 75 | B18: Consórcio Intermunicipal do Vale do Paranapanema: Saúde - CIVAP SAÚDE | C18: 04.903.422/0001-28 | D18: São Paulo | E18: Sudeste | F18: 5776014.8 | G18: 240384 | H18: 4031034 | I18: 4663878.2 | J18: 1112136.6 | K18: 3641835.6 | L18: 5776014.8 | M18: 19717.25 | N18: 0 | O18: 5890594.2 | P18: 243569 | Q18: 3587399.1 | R18: 4697919.5 | S18: 1192674.8 | T18: 2214660 | U18: 5806194.2 | V18: 40049.49 | W18: 0 | X18: 5801223.9 | Y18: 246754 | Z18: 2282149.8 | AA18: 5874746.8 | AB18: =X18-AA18 -> -73522.88 | AC18: 1193296.6 | AD18: 2568723.9 | AE18: 47455.72 | AF18: 0 | AG18: 1913445.4 | AH18: 249939 | AI18: 1693035 | AJ18: 1705403 | AK18: =AG18-AJ18 -> 208042.49 | AL18: 958753.43 | AM18: 1913445.4 | AN18: 2736.43 | AO18: 0 | AP18: 1682905.7 | AQ18: 248721 | AR18: 1497863.5 | AS18: 1539174.7 | AT18: 143730.97 | AU18: 746533.3 | AV18: 1682905.7 | AW18: 2628.21 | AX18: 0
A19: 76 | B19: Consórcio Intermunicipal de Saúde 8 de Abril - CON8 | C19: 08.996.378/0001-07 | D19: São Paulo | E19: Sudeste | F19: 91319835 | G19: 505119 | H19: 91161195 | I19: 91412411 | J19: -9575.48 | K19: 4414128.3 | L19: 91319835 | M19: 11390817 | N19: 2822491.9 | O19: 67293759 | P19: 503634 | Q19: 68455622 | R19: 68697676 | S19: -1403916.8 | T19: 2954526.4 | U19: 67293759 | V19: 10106254 | W19: 2633761.3 | X19: 57333346 | Y19: 502149 | Z19: 56112002 | AA19: 56189747 | AB19: 1143599 | AC19: 2775928.7 | AD19: 57333346 | AE19: 9515415.3 | AF19: 2400528.7 | AG19: 47917307 | AH19: 500664 | AI19: 47978938 | AJ19: 48083202 | AK19: -165894.5 | AL19: 1812141 | AM19: 47917307 | AN19: 5251768.5 | AO19: 650730.3 | AP19: 40610132 | AQ19: 497103 | AR19: 41047547 | AS19: 41087585 | AT19: -477453.29 | AU19: 1313389.1 | AV19: 40610132 | AW19: 4810106.3 | AX19: 650730.3
A20: 79 | B20: Consórcio Intermunicipal da Região Oeste Metropolitana de São Paulo - CIOESTE | C20: 20.301.484/0001-16 | D20: São Paulo | E20: Sudeste | F20: 9548778.5 | G20: 2570822 | H20: 6608315.8 | I20: 6608315.8 | J20: 2940462.7 | K20: 14064767 | L20: 9471125.4 | M20: 214312.01 | N20: 0 | O20: 9678588.6 | P20: 2524064 | Q20: 6588664 | R20: 14249426 | S20: =O20-R20 -> -4570837.9 | T20: 10821943 | U20: 9668102.6 | V20: 83760.52 | W20: 0 | X20: 11455928 | Y20: 2477306 | Z20: 4683929.2 | AA20: 7925286.5 | AB20: 3530641.5 | AC20: 16084150 | AD20: 8214822.2 | AE20: 133313.4 | AF20: 0 | AG20: 7019327.8 | AH20: 2430548 | AI20: 4184153 | AJ20: 4192153 | AK20: 2827174.9 | AL20: 12159880 | AM20: 7019327.8 | AN20: 60400.41 | AO20: 0 | AQ20: 2408835
A21: 81 | B21: Consórcio Público Intermunicipal de Saúde da Região de Catanduva - CONSIRC | C21: 25.103.884/0001-30 | D21: São Paulo | E21: Sudeste | F21: 66936517 | G21: 335730 | H21: 66874482 | I21: 66943557 | J21: =F21-I21 -> -7040.33 | K21: 3739958.8 | L21: 66936517 | M21: 3825660.3 | N21: 0 | O21: 58503702 | P21: 343428.67 | Q21: 57750636 | R21: 57803791 | S21: 699910.74 | T21: 3472392.2 | U21: 58503702 | V21: 2842800.4 | W21: 0 | X21: 35891952 | Y21: 351127.33 | Z21: 35808148 | AA21: 35972197 | AB21: =X21-AA21 -> -80245.13 | AC21: 1780803.3 | AD21: 35891952 | AE21: 1733620.9 | AF21: 0 | AG21: 18827244 | AH21: 358826 | AI21: 21037311 | AJ21: 21234863 | AK21: =AG21-AJ21 -> -2407618.9 | AL21: 2248908.5 | AM21: 18827244 | AN21: 1158552.1 | AO21: 0 | AP21: 10794009 | AQ21: 356301 | AR21: 9981357.2 | AS21: 10421052 | AT21: 372956.73 | AU21: 3814179.7 | AV21: 10794009 | AW21: 334339.08 | AX21: 0
A22: 82 | B22: Consórcio Intermunicipal do Centro do Estado de Sao Paulo - Cicesp - CICESP | C22: 36.580.300/0001-34 | D22: São Paulo | E22: Sudeste | F22: 806618.55 | G22: 208035 | H22: 605424.22 | I22: 731933.22 | J22: 74685.33 | K22: 422242.58 | L22: 783964.68 | M22: 2818.58 | N22: 0 | O22: 3289702.1 | P22: 212304 | Q22: 467916.11 | R22: 3173056.1 | S22: 116646.04 | T22: 344738.67 | U22: 571793.23 | V22: 0 | W22: 0 | X22: 914577.03 | Y22: 216573 | Z22: 209860.02 | AA22: 756505.02 | AB22: 158072.01 | AC22: 228092.63 | AD22: 257323.33 | AE22: 0 | AF22: 0 | AG22: 232879.3 | AH22: 220842 | AI22: 217879.3 | AJ22: 162858.68 | AK22: 70020.62 | AL22: 70020.62 | AM22: 216610.8 | AN22: 0 | AO22: 0 | AQ22: 219130
A23: 119 | B23: Consórcio Público da Região Noroeste - CIM NOROESTE | C23: 02.236.721/0001-20 | D23: Espírito Santo | E23: Sudeste | G23: 410727 | K23: 6733112 | M23: 0 | N23: 0 | P23: 412471.67 | T23: 5906117.1 | V23: 0 | W23: 0 | Y23: 414216.33 | AC23: 5793325.6 | AE23: 0 | AF23: 0 | AH23: 415961 | AL23: 4603046.1 | AN23: 0 | AO23: 0 | AQ23: 413585 | AU23: 2463303 | AW23: 0 | AX23: 0
A24: 120 | B24: Consórcio Público da Região Sudoeste Serrana - CIM PEDRA AZUL | C24: 02.760.004/0001-01 | D24: Espírito Santo | E24: Sudeste | G24: 440989 | P24: 435525.33 | X24: 47661216 | Y24: 430061.67 | Z24: 45821105 | AA24: 45829539 | AB24: 1831677.2 | AC24: 7468417.9 | AD24: 47661216 | AE24: 49974.71 | AF24: 0 | AG24: 35114450 | AH24: 424598 | AI24: 33871065 | AJ24: 33874912 | AK24: 1239537.9 | AL24: 5689572.3 | AM24: 35114450 | AN24: 146093.86 | AO24: 0 | AP24: 28309287 | AQ24: 421471 | AR24: 26970939 | AS24: 27001199 | AT24: 1308088.3 | AU24: 4419597.7 | AV24: 28292736 | AW24: 112062.76 | AX24: 0
A25: 121 | B25: Consórcio Público da Região Expandida Sul - CIM EXPANDIDA SUL | C25: 03.657.784/0001-13 | D25: Espírito Santo | E25: Sudeste | F25: 65455818 | G25: 318635 | H25: 62984282 | I25: 63010519 | J25: 2445298.3 | K25: 5760373.8 | L25: 65415818 | M25: 888454.75 | N25: 0 | O25: 59157567 | P25: 311015.33 | Q25: 57309776 | R25: 57346166 | S25: 1811401.6 | T25: 8812551.5 | U25: 59122109 | V25: 809769.58 | W25: 0 | X25: 53954853 | Y25: 303395.67 | Z25: 0 | AA25: 0 | AB25: 53954853 | AC25: 8147135.2 | AD25: 53930311 | AE25: 1319277.7 | AF25: 0 | AG25: 48376842 | AH25: 295776 | AI25: 0 | AJ25: 0 | AK25: 48376842 | AL25: 6715273.3 | AM25: 48355927 | AN25: 427671.65 | AO25: 0 | AP25: 37502519 | AQ25: 292307 | AR25: 0 | AS25: 0 | AT25: 37502519 | AU25: 5173718.5 | AV25: 37488433 | AW25: 2506893.1 | AX25: 0
A26: 152 | B26: Consórcio Intermunicipal de Saúde da Região do Vale do Itapecerica - CISVI | C26: 00.639.952/0001-50 | D26: Minas Gerais | E26: Sudeste | F26: 18016088 | G26: 368774 | H26: 7353340.9 | I26: 16111637 | J26: 1904450.8 | K26: 13226806 | L26: 9738850.8 | M26: 8114132.5 | N26: 0 | O26: 8287386.8 | P26: 366492.33 | Q26: 5980967.4 | R26: 6765375.1 | S26: 1522011.7 | T26: 3785142.3 | U26: 7071586.8 | V26: 577919.89 | W26: 0 | X26: 5421268.3 | Y26: 364210.67 | Z26: 4865120.4 | AA26: 5167595 | AB26: 253673.29 | AC26: 1711668.1 | AD26: 5421268.3 | AE26: 26957.35 | AF26: 0 | AG26: 4444412.2 | AH26: 361929 | AI26: 4260085.3 | AJ26: 4605407.3 | AK26: -160995.09 | AL26: 1524911 | AM26: 4444412.2 | AN26: 94131.63 | AO26: 0 | AP26: 4468396.1 | AQ26: 358827 | AS26: 3770762.3 | AT26: 697633.8 | AU26: 1671152.5 | AV26: 4469789.6 | AW26: 79524.46 | AX26: 0
A27: 157 | B27: Consórcio Intermunicipal de Saúde do Alto Jequitinhonha - CISAJE | C27: 00.699.767/0001-50 | D27: Minas Gerais | E27: Sudeste | F27: 26281149 | G27: 270752 | H27: 13581974 | I27: 15158912 | J27: 11122236 | K27: 24637179 | L27: 20805769 | M27: 2485246 | N27: 0 | O27: 17001773 | P27: 274237 | Q27: 11577389 | R27: 16489171 | S27: 512602.32 | T27: 17137741 | U27: 12050903 | V27: 2766775.2 | W27: 0 | X27: 13603303 | Y27: 277722 | Z27: 9552802.1 | AA27: 11953225 | AB27: 1650077.8 | AC27: 9090285.2 | AD27: 13119237 | AE27: 312593.96 | AF27: 0 | AG27: 8774856.3 | AH27: 281207 | AI27: 7421767.9 | AJ27: 7504217.2 | AK27: 1270639.2 | AL27: 7076817.3 | AM27: 7868392 | AN27: 437945.97 | AO27: 0 | AQ27: 280685 | AU27: 5590910.8 | AW27: 611682.56 | AX27: 0
A28: 162 | B28: Consórcio Intermunicipal de Saúde do Centro Leste - CISCEL | C28: 01.921.228/0001-87 | D28: Minas Gerais | E28: Sudeste | G28: 230175 | P28: 231640.67 | Y28: 233106.33 | AG28: 12857383 | AH28: 234572 | AI28: 13494875 | AJ28: 13898372 | AK28: -1040988.9 | AM28: 12844383 | AP28: 11009348 | AQ28: 233173 | AR28: 11069630 | AS28: 12044828 | AT28: -1035480.9 | AU28: 1807285.5 | AV28: 11009348 | AW28: 106303.39 | AX28: 0
A29: 165 | B29: Consórcio Intermunicipal de Saúde dos Municípios da Região dos Lagos do Sul de Minas - CISLAGOS | C29: 01.243.423/0001-03 | D29: Minas Gerais | E29: Sudeste | F29: 47368203 | G29: 683026 | H29: 19704238 | I29: 19808024 | J29: 27560179 | K29: 31403594 | L29: 21279294 | M29: -2324.63 | N29: 0 | O29: 0 | P29: 684444 | Q29: 0 | R29: 0 | S29: 0 | T29: 0 | U29: 0 | V29: 0 | W29: 0 | X29: 0 | Y29: 685862 | Z29: 0 | AA29: 0 | AB29: 0 | AC29: 0 | AD29: 0 | AE29: 0 | AF29: 0 | AG29: 0 | AH29: 687280 | AI29: 0 | AJ29: 0 | AK29: 0 | AL29: 0 | AM29: 0 | AN29: 0 | AO29: 0 | AP29: 0 | AQ29: 684998 | AR29: 0 | AS29: 0 | AT29: 0 | AU29: 0 | AV29: 0 | AW29: 0 | AX29: 0
A30: 169 | B30: Consórcio Intermunicipal de Saúde das Vertentes - CISVER | C30: 01.098.929/0001-68 | D30: Minas Gerais | E30: Sudeste | F30: 25567026 | G30: 130500 | H30: 16220514 | I30: 17982612 | J30: 7584414.8 | L30: 19714378 | O30: 22834002 | P30: 130293.33 | Q30: 14349556 | R30: 14456158 | S30: 8377844.7 | T30: 13407673 | U30: 16215838 | V30: 394635.9 | W30: 0 | X30: 13515408 | Y30: 130086.67 | Z30: 11408031 | AA30: 11430347 | AB30: 2085061.4 | AC30: 4770952.5 | AD30: 12241215 | AE30: 120214.73 | AF30: 0 | AG30: 9595436.6 | AH30: 129880 | AI30: 9226596.5 | AJ30: 9411471.1 | AK30: 183965.5 | AL30: 2646206.9 | AM30: 9595244.6 | AN30: 10903.2 | AO30: 0 | AP30: 8521233.4 | AQ30: 129447 | AR30: 7325153 | AS30: 7719592 | AT30: 801641.46 | AV30: 8411232.8
A31: 172 | B31: Consórcio Intermunicipal de Saúde Verde - CISVERDE | C31: 02.034.350/0001-02 | D31: Minas Gerais | E31: Sudeste | F31: 26878555 | G31: 292156 | H31: 19419675 | I31: 26199017 | J31: 679538.7 | K31: 11685959 | L31: 22297884 | M31: 2490194.2 | N31: 0 | O31: 22166593 | P31: 291086.67 | Q31: 14441581 | R31: 14441581 | S31: 7725011.6 | T31: 9284866.5 | U31: 13778269 | V31: 939351.98 | W31: 0 | X31: 9897893.3 | Y31: 290017.33 | Z31: 9881051 | AA31: 9948101 | AB31: -50207.7 | AC31: 809099.85 | AD31: 9897893.3 | AE31: 282929.13 | AF31: 0 | AG31: 7299217.2 | AH31: 288948 | AI31: 7159573.1 | AJ31: 7159573.1 | AK31: 139644.1 | AL31: 878803.23 | AM31: 6835713.1 | AN31: 367319.42 | AO31: 0 | AP31: 5735201.4 | AQ31: 287364 | AR31: 5156297.6 | AS31: 5156297.6 | AT31: 578903.8 | AU31: 456294.27 | AV31: 5543701.4 | AW31: 128097.12 | AX31: 0
A32: 181 | B32: Consórcio Intermunicipal de Saúde dos Municípios da Microrregião do Alto Sapucaí - CISMAS | C32: 01.111.142/0001-99 | D32: Minas Gerais | E32: Sudeste | F32: 26648673 | G32: 207172 | H32: 17124623 | I32: 20220174 | J32: 6428499.3 | K32: 10407671 | L32: 19685199 | M32: 50035.38 | N32: 0 | O32: 18335670 | P32: 206875 | Q32: 13202017 | R32: 18955318 | S32: =O32-R32 -> -619647.76 | T32: 8972463.7 | U32: 13609366 | V32: 615061.75 | W32: 0 | X32: 12529868 | Y32: 206578 | Z32: 9543331.7 | AA32: 9552622.7 | AB32: 2977244.8 | AC32: 4469543.8 | AD32: 9832803.4 | AE32: 5753.65 | AF32: 0 | AG32: 7367578.9 | AH32: 206281 | AI32: 6554830 | AJ32: 6641705.8 | AK32: 725873.12 | AL32: 1560647.6 | AM32: 6688979 | AN32: 32015.66 | AO32: 0 | AP32: 5341728 | AQ32: 205738 | AR32: 4468679.9 | AS32: 4670743.2 | AT32: 670984.75 | AU32: 1005042.1 | AV32: 5099228 | AW32: 191841.37 | AX32: 0
A33: 183 | B33: Agência de Cooperação Intermunicipal em Saúde Pé da Serra - ACISPES | C33: 01.203.485/0001-83 | D33: Minas Gerais | E33: Sudeste | F33: =61555191.68+9545620.89 -> 71100813 | G33: 180449 | H33: 45031515 | I33: 50217892 | J33: 20882921 | K33: 31001404 | L33: 42845724 | M33: 1151591.7 | N33: 0 | O33: =41262781.63+6273508.72 -> 47536290 | P33: 180617 | Q33: 38204954 | R33: 42924741 | S33: 4611549.7 | T33: 19710390 | U33: 36712471 | V33: 1461967.2 | W33: 0 | X33: =37109025.4+8661190.73 -> 45770216 | Y33: 180785 | Z33: 36326725 | AA33: 37745960 | AB33: 8024255.7 | AC33: 19409213 | AD33: 35080815 | AE33: 3007698.8 | AF33: 0 | AG33: =44072189.52+514107.55 -> 44586297 | AH33: 180953 | AI33: 25684408 | AJ33: 29627076 | AK33: 14959221 | AL33: 19152433 | AM33: 40213540 | AN33: 1708332.2 | AO33: 0 | AP33: =27562566.62 -> 27562567 | AQ33: 180989 | AR33: 20883853 | AS33: 21736227 | AT33: 5826339.2 | AU33: 3528765.4 | AV33: 26359675 | AW33: 1390510.9 | AX33: 0
A34: 234 | B34: Consórcio Público Intermunicipal de Saúde do Norte e Noroeste Fluminense - CISNOVO | C34: 27.927.406/0001-70 | D34: Rio de Janeiro | E34: Sudeste | F34: 8504376.5 | G34: 136909 | H34: 8137185.2 | I34: 8138204.8 | J34: 366171.68 | L34: 8504376.5 | O34: 6766354 | P34: 136301.33 | Q34: 7437622.7 | R34: 7440562.7 | S34: -674208.74 | U34: 6766354 | X34: 6368581.7 | Y34: 135693.67 | Z34: 5867996.5 | AA34: 5870370.5 | AB34: 498211.22 | AD34: 6368581.7 | AG34: 0 | AH34: 135086 | AI34: 0 | AJ34: 0 | AK34: 0 | AM34: 0 | AP34: 0 | AQ34: 134858 | AR34: 0 | AS34: 0 | AT34: 0 | AV34: 0
A35: 236 | B35: Consórcio Intermunicipal de Saúde da Região Serrana - CIS-SERRA | C35: 07.015.626/0001-10 | D35: Rio de Janeiro | E35: Sudeste | F35: 13074509 | G35: 915975 | H35: 12933283 | I35: 12968337 | J35: 106171.47 | K35: 458360.38 | L35: 13074509 | M35: 193125.05 | N35: 20309.48 | O35: 1951937.7 | P35: 922024.33 | Q35: 2557226.5 | R35: 2583556.5 | S35: =O35-R35 -> -631618.76 | T35: 295862.04 | U35: 1951937.7 | V35: 86964.75 | W35: 20309.48 | X35: 2423246.9 | Y35: 928073.67 | Z35: 2664578.2 | AA35: 2688316.8 | AB35: =X35-AA35 -> -265069.83 | AC35: 113364.71 | AD35: 2423246.9 | AE35: 227964.63 | AF35: 32040.98 | AG35: 218057.31 | AH35: 934123 | AI35: 31611.34 | AJ35: 31611.34 | AK35: 186445.97 | AL35: 241299.26 | AM35: 218057.31 | AN35: 16830.11 | AO35: 20309.48 | AP35: 141259.64 | AQ35: 929855 | AR35: 137934.61 | AS35: 141259.64 | AT35: 0 | AU35: 23773.75 | AV35: 40622.57 | AW35: 23263.9 | AX35: 20309.48
A36: 265 | B36: Consórcio Público Intermunicipal de Saúde da Região dos Grandes Lagos - CONSAGRA | C36: 00.973.293/0001-93 | D36: São Paulo | E36: Sudeste | F36: 14618567 | G36: 54601 | H36: 15176046 | I36: 15356976 | J36: -738409.27 | K36: 78953.97 | L36: 14618567 | M36: 1073775.2 | N36: 0 | O36: 12518338 | P36: 52485.333 | Q36: 12685495 | R36: 12711139 | S36: -192800.82 | T36: 270492.66 | U36: 12518338 | V36: 553066.19 | W36: 0 | X36: 11389821 | Y36: 50369.667 | Z36: 11570058 | AA36: 11605748 | AB36: -215927.55 | AC36: 372541.8 | AD36: 11389821 | AE36: 462349.8 | AF36: 0 | AG36: 10483490 | AH36: 48254 | AI36: 10240931 | AJ36: 10423426 | AK36: 60064.25 | AL36: 273853.39 | AM36: 10483490 | AN36: 136995.46 | AO36: 0 | AQ36: 48017 | AU36: 268240.14 | AW36: 142827 | AX36: 0
A37: 266 | B37: Consórcio Intermunicipal do Extremo Noroeste de São Paulo - CIENSP | C37: 07.309.266/0001-60 | D37: São Paulo | E37: Sudeste | F37: 61886568 | G37: 309918 | H37: 60206671 | I37: 60363285 | J37: 1523283 | K37: 7324468.4 | L37: 61886568 | M37: 1237025.2 | N37: 0 | O37: 60065649 | P37: 313951.67 | Q37: 57169348 | R37: 60029161 | S37: 36487.74 | T37: 6563791.8 | U37: 60065649 | V37: 1150181.2 | W37: 0 | X37: 50333489 | Y37: 317985.33 | Z37: 48380954 | AA37: 49124894 | AB37: 1208594.7 | AC37: 6107281.2 | AD37: 50333489 | AE37: 789305.38 | AF37: 0 | AG37: 36741503 | AH37: 322019 | AI37: 36068429 | AJ37: 36086763 | AK37: 654739.84 | AL37: 4362643.5 | AM37: 36741503 | AN37: 456141.31 | AO37: 0 | AP37: 34273089 | AQ37: 320199 | AR37: 33881342 | AS37: 33892092 | AT37: 380996.12 | AU37: 4071296 | AV37: 34273089 | AW37: 690121.46 | AX37: 0
A38: 267 | B38: Consórcio Intermunicipal de Saúde - CIMSA | C38: 03.714.880/0001-56 | D38: São Paulo | E38: Sudeste | F38: 16083345 | G38: 182242 | H38: 15787347 | I38: 15800465 | J38: 282880.1 | K38: 1543474.2 | L38: 16083345 | M38: 151464.65 | N38: 0 | O38: 8075628.3 | P38: 185489.33 | Q38: 8340962.4 | R38: 8355869.4 | S38: -280241.07 | T38: 705849.84 | U38: 8075628.3 | V38: 140490.42 | W38: 0 | X38: 6408894.2 | Y38: 188736.67 | Z38: 6279245.1 | AA38: 6283745.1 | AB38: 125149.07 | AC38: 527105.84 | AD38: 6408894.2 | AE38: 283034.86 | AF38: 0 | AG38: 5030628.2 | AH38: 191984 | AI38: 5005633.6 | AJ38: 5141253.9 | AK38: -110625.73 | AL38: 422933.32 | AM38: 5030628.2 | AN38: 304267.11 | AO38: 0 | AP38: 3685021.1 | AQ38: 190167 | AR38: 3704086.4 | AS38: 3709222.4 | AT38: -24201.27 | AU38: 463386.92 | AV38: 3685021.1 | AW38: 235272.4 | AX38: 0
A39: 268 | B39: Consórcio Intermunicipal de Saúde da Microrregião de Penápolis - CIMPE | C39: 55.750.301/0001-24 | D39: São Paulo | E39: Sudeste | F39: 20515262 | G39: 98687 | H39: 20212778 | I39: 20420531 | J39: 94730.93 | K39: 750459.97 | L39: 20515262 | M39: 2310638.2 | N39: 1218291.7 | O39: 13312973 | P39: 101233.33 | Q39: 14026056 | R39: 14347682 | S39: -1034709.6 | T39: 79610.67 | U39: 13312973 | V39: 1750618.9 | W39: 1388444.8 | X39: 11290277 | Y39: 103779.67 | Z39: 10742004 | AA39: 11351507 | AB39: -61230.07 | AC39: 449540.16 | AD39: 11290277 | AE39: 1117878.3 | AF39: 1636754 | AG39: 9341720.1 | AH39: 106326 | AI39: 8709751.7 | AJ39: 8784319.8 | AK39: 557400.34 | AL39: 1045539.7 | AM39: 9341720.1 | AN39: 1203019.9 | AO39: 2068544.8 | AP39: 8450089.9 | AQ39: 105597 | AR39: 7479817.4 | AS39: 7479817.4 | AT39: 970272.51 | AU39: 757172.06 | AV39: 8450089.9 | AW39: 1878432.2 | AX39: 2579099.5
A40: 269 | B40: Consórcio Regional Intermunicipal de Saúde - CRIS | C40: 07.833.463/0001-83 | D40: São Paulo | E40: Sudeste | F40: 35328019 | G40: 117618 | H40: 33674995 | I40: 33686820 | J40: 1641199 | K40: 7711145.7 | L40: 35328019 | M40: 3043786.9 | N40: 0 | O40: 31113078 | P40: 117643 | Q40: 31127589 | R40: 31132129 | S40: -19051.17 | T40: 5352494.2 | U40: 31113078 | V40: 2556790.6 | W40: 0 | X40: 27179888 | Y40: 117668 | Z40: 26859740 | AA40: 26861600 | AB40: 318287.97 | AC40: 4648806.6 | AD40: 27179888 | AE40: 2147635.5 | AF40: 0 | AG40: 25446789 | AH40: 117693 | AI40: 24176462 | AJ40: 24180561 | AK40: 1266228.6 | AL40: 3568317 | AM40: 25446789 | AN40: 2076950.5 | AO40: 0 | AQ40: 117600 | AU40: 2369421 | AW40: 1811136.3 | AX40: 0
A41: 270 | B41: Consórcio de Desenvolvimento do Vale do Rio Grande - CODEVAR | C41: 23.816.422/0001-35 | D41: São Paulo | E41: Sudeste | F41: 1152761.3 | G41: 573475 | H41: 1233259.6 | I41: 1353072.8 | J41: -200311.49 | K41: 159967.15 | L41: 1152761.3 | M41: 12973.63 | N41: 0 | O41: 595404.37 | P41: 579872.33 | Q41: 713204.59 | R41: 945404.59 | S41: -350000.22 | T41: 378687.58 | U41: 595404.37 | V41: 11654.05 | W41: 0 | X41: 2236761.1 | Y41: 586269.67 | Z41: 353785.15 | AA41: 2570155.1 | AB41: -333394.09 | AC41: 700107.07 | AD41: 736761.06 | AE41: 15106.67 | AF41: 0 | AG41: 631195.28 | AH41: 592667 | AI41: 312721.71 | AJ41: 312721.71 | AK41: 318473.57 | AL41: 582950.39 | AM41: 631195.28 | AN41: 38211.23 | AO41: 0 | AP41: 523111.32 | AQ41: 589505 | AR41: 275089.29 | AS41: 333177.74 | AT41: 189933.58 | AU41: 241821.92 | AV41: 523111.32 | AW41: 21038.88 | AX41: 0
A42: 272 | B42: Consórcio Intermunicipal de Saúde do Circuito das Águas - CONISCA | C42: 06.138.766/0001-13 | D42: São Paulo | E42: Sudeste | G42: 106590 | O42: 37900917 | P42: 106609.67 | Q42: 37258230 | R42: 37334820 | S42: 566097.1 | T42: 905551.68 | U42: 37900917 | V42: 222182.82 | W42: 527849.26 | X42: 30103149 | Y42: 106629.33 | Z42: 30233064 | AA42: 30568954 | AB42: -465805 | AC42: 479019.72 | AD42: 30045049 | AE42: 314087.35 | AF42: 618671.6 | AG42: 24009324 | AH42: 106649 | AI42: 23672002 | AJ42: 23758297 | AK42: 251026.92 | AL42: 801124.27 | AM42: 24009324 | AN42: 224829.77 | AO42: 675032.79 | AQ42: 105815 | AU42: 910070.98 | AW42: 472097.11 | AX42: 740876.34
A43: 273 | B43: Consórcio Intermunicipal de Saúde da Região Metropolitana de Campinas - CISMETRO | C43: 19.947.645/0001-64 | D43: São Paulo | E43: Sudeste | F43: 3.843633e+08 | G43: 1643187 | H43: 3.8999327e+08 | I43: 3.900531e+08 | J43: -5689797.5 | K43: 25990.79 | L43: 3.843633e+08 | M43: 15284088 | N43: 2770124.8 | O43: 3.1816957e+08 | P43: 1654637.7 | Q43: 3.1672946e+08 | R43: 3.1686254e+08 | S43: 1307031.7 | T43: 199654.34 | U43: 3.1816957e+08 | V43: 4922990.3 | W43: 2770124.8 | X43: 2.5847801e+08 | Y43: 1666088.3 | Z43: 2.568823e+08 | AA43: 2.5768653e+08 | AB43: 791481 | AC43: 216539.1 | AD43: 2.5847801e+08 | AE43: 3733478.2 | AF43: 0 | AG43: 1.6545047e+08 | AH43: 1677539 | AI43: 1.6260901e+08 | AJ43: 1.6396783e+08 | AK43: 1482636.1 | AL43: 20267.66 | AM43: 1.6545047e+08 | AN43: 3461181.7 | AO43: 0 | AP43: 1.1125588e+08 | AQ43: 1656922 | AR43: 1.1027797e+08 | AS43: 1.1028974e+08 | AT43: 966142.51 | AU43: 20267.66 | AV43: 1.1125588e+08 | AW43: 3461181.7 | AX43: 0
A44: 274 | B44: União dos Municípios da Média Sorocabana - UMMES | C44: 01.488.169/0001-03 | D44: São Paulo | E44: Sudeste | F44: 34479463 | G44: 306840 | H44: =34132161.88+186197.07 -> 34318359 | I44: 35026514 | J44: -547051.11 | K44: 824731.67 | L44: 34144403 | M44: 1831197.9 | N44: 440839.47 | O44: 51378656 | P44: 310460 | Q44: =49846637.19+623588.26 -> 50470225 | R44: 50553207 | S44: 825448.89 | T44: 1760081.4 | U44: 51277156 | V44: 1229870.3 | W44: 485961.01 | Y44: 314080 | AC44: 311123.12 | AE44: 1668366.5 | AF44: 198392.69 | AG44: 31000473 | AH44: 317700 | AI44: =28127227.51+3006456.45 -> 31133684 | AJ44: 31181984 | AK44: -181510.84 | AL44: 797025.84 | AM44: 31000473 | AN44: 2699061 | AO44: 0 | AP44: 26027125 | AQ44: 316157 | AR44: =19580443.93+5739192.89 -> 25319637 | AS44: 25424072 | AT44: 603052.89 | AU44: 978536.68 | AV44: 25902725 | AW44: 462948.51 | AX44: 67932.64
A45: 275 | B45: Consórcio Intermunicipal do Alto Vale do Paranapanema - AMVAPA | C45: 03.753.263/0001-60 | D45: São Paulo | E45: Sudeste | G45: 360324 | O45: 9889475.5 | P45: 358981.33 | Q45: 5643417.2 | R45: 8339376.6 | S45: 1550098.9 | U45: 9889475.5 | X45: 6748113.1 | Y45: 357638.67 | Z45: 4654090.5 | AA45: 5209885.6 | AB45: 1538227.5 | AD45: 6748113.1 | AG45: 2934524.2 | AH45: 356296 | AI45: 2815552.8 | AJ45: 2827494.4 | AK45: 107029.87 | AM45: 2934524.2 | AP45: 2537805.6 | AQ45: 354266 | AR45: 2501573.9 | AS45: 2501573.9 | AT45: 36231.71 | AU45: 321014.73 | AV45: 2537805.6 | AW45: 64626.8 | AX45: 0
A46: 276 | B46: Consórcio de Desenvolvimento das Regiões Sul e Sudoeste do Estado de São Paulo - CONDERSUL | C46: 01.089.454/0001-43 | D46: São Paulo | E46: Sudeste | G46: 254874 | K46: 406535.21 | M46: 2382.6 | N46: 0 | P46: 255452 | T46: 260318.04 | V46: 1230.45 | W46: 0 | Y46: 256030 | AC46: 260318.04 | AE46: 1230.45 | AF46: 0 | AG46: 187830.58 | AH46: 256608 | AI46: 136813.09 | AJ46: 136813.09 | AK46: 51017.49 | AL46: 104787.04 | AM46: 182798.88 | AN46: 0 | AO46: 0 | AQ46: 256247
A47: 277 | B47: Consórcio Intermunicipal Três Rios - COINTRI | C47: 04.611.637/0001-75 | D47: São Paulo | E47: Sudeste | F47: 7406250.9 | G47: 936049 | H47: 6813854.8 | I47: 7053395.3 | J47: 352855.66 | K47: 1487146 | L47: 7406250.9 | M47: 108325.64 | N47: 0 | O47: 5925168.8 | P47: 929133 | Q47: 5572552.9 | R47: 5669712.7 | S47: 255456.12 | T47: 1443238.9 | U47: 5925168.8 | V47: 424806.39 | W47: 0 | X47: 8253555.1 | Y47: 922217 | Z47: 4680509 | AA47: 7913759 | AB47: 339796.17 | AC47: 1153766.9 | AD47: 5021055.1 | AE47: 384294.26 | AF47: 0 | AG47: 2873447.7 | AH47: 915301 | AI47: 2974029 | AJ47: 3499929 | AK47: -626481.36 | AL47: 708844.85 | AM47: 2803947.7 | AN47: 289223.48 | AO47: 0 | AP47: 2545368.4 | AQ47: 906034 | AR47: 2394581.3 | AS47: 2396650.4 | AT47: 148718.02 | AU47: 1079930.4 | AV47: 2545368.4 | AW47: 38714 | AX47: 0
A48: 278 | B48: Consórcio de Desenvolvimento dos Municípios do Alto Tietê - CONDEMAT | C48: 13.569.532/0001-96 | D48: São Paulo | E48: Sudeste | F48: 12087660 | G48: 3043922 | H48: 12269206 | I48: 12269206 | J48: -181546.95 | K48: 1740153.3 | L48: 12087660 | M48: 13563.66 | N48: 0 | O48: 10667110 | P48: 3065162 | Q48: 9579053 | R48: 9697011 | S48: 970099.17 | T48: 1467226.6 | U48: 10667110 | V48: 19923.92 | W48: 0 | X48: 9341159.3 | Y48: 3086402 | Z48: 6485425.8 | AA48: 9742112.8 | AB48: -400953.49 | AC48: 794656.55 | AD48: 6108659.3 | AE48: 16611.28 | AF48: 0 | AG48: 6413566.5 | AH48: 3107642 | AI48: 6833947.5 | AJ48: 6980052.6 | AK48: -566486.1 | AL48: 1437019.9 | AM48: 6413566.5 | AN48: 114974.11 | AO48: 0 | AP48: 5347857.1 | AQ48: 3077629 | AR48: 5439628 | AS48: 5475785.9 | AT48: -127928.83 | AU48: 1246448 | AV48: 5347857.1 | AW48: 103508.97 | AX48: 0
A49: 279 | B49: Consórcio Intermunicipal Grande Abc - CIGABC | C49: 58.151.580/0001-06 | D49: São Paulo | E49: Sudeste | F49: 9297471.2 | G49: 2789011 | H49: 10303429 | I49: 10412429 | J49: -1114958.2 | K49: 4758888.5 | L49: 8971446.4 | M49: 654325.47 | N49: 0 | O49: 10576189 | P49: 2801023.3 | Q49: 8420922.6 | R49: 8455607.6 | S49: 2120581.8 | T49: 6012805.3 | U49: 10381856 | V49: 719435.24 | W49: 0 | X49: 12852058 | Y49: 2813035.7 | Z49: 8501530.7 | AA49: 11799387 | AB49: 1052671.6 | AC49: 3553440.4 | AD49: 9448596.1 | AE49: 1314258.6 | AF49: 0 | AG49: 9516420.2 | AH49: 2825048 | AI49: 9037624.1 | AJ49: 9270479 | AK49: 245941.16 | AL49: 1998488.7 | AM49: 9316548 | AN49: 956402.83 | AO49: 0 | AP49: 15946523 | AQ49: 2807712 | AR49: 20768299 | AS49: 20769184 | AT49: -4822661.3 | AU49: 3117020.4 | AV49: 15856913 | AW49: 2034704 | AX49: 0
A50: 281 | B50: Consórcio Intermunicipal da Região Sudoeste da Grande São Paulo - CONISUD | C50: 05.031.043/0001-58 | D50: São Paulo | E50: Sudeste | F50: 1346118.9 | G50: 1159902 | H50: 1086435.6 | I50: 1086435.6 | J50: 259683.29 | K50: 528050.93 | L50: 1346118.9 | M50: 80376.42 | N50: 0 | O50: 3805107.7 | P50: 1168913.3 | Q50: 844541.4 | R50: 3634591.4 | S50: 170516.3 | T50: 296766.44 | U50: 1015057.7 | V50: 108775.22 | W50: 0 | X50: 1700737 | Y50: 1177924.7 | Z50: 662553.37 | AA50: 1729603 | AB50: -28866.01 | AC50: 238170.47 | AD50: 637787.01 | AE50: 103248.15 | AF50: 27983.32 | AG50: 1000924.4 | AH50: 1186936 | AI50: 511152.73 | AJ50: 841152.73 | AK50: 159771.67 | AL50: 392281.28 | AM50: 670924.4 | AN50: 83442.95 | AO50: 27983.32 | AP50: 377200 | AQ50: 1172450 | AR50: 409548.09 | AS50: 411437.74 | AT50: -34237.74 | AU50: 117.41 | AV50: 377200 | AW50: 83919.47 | AX50: 27983.32
A51: 311 | B51: Consórcio Intermunicipal de Saúde da Região de Fernandópolis - CISARF | C51: 05.655.308/0001-99 | D51: São Paulo | E51: Sudeste | F51: 16992525 | G51: 143774 | H51: 17018285 | I51: 17113435 | J51: -120910.39 | K51: 962833.09 | L51: 16992525 | M51: 1144.22 | N51: 0 | O51: 15143320 | P51: 141412.33 | Q51: 15191302 | R51: 15196576 | S51: -53255.54 | T51: 1083133.6 | U51: 15143320 | V51: 0 | W51: 0 | X51: 10349458 | Y51: 139050.67 | Z51: 10072760 | AA51: 10075670 | AB51: 273787.83 | AC51: 1136389.1 | AD51: 10349458 | AE51: 0 | AF51: 0 | AG51: 9240625.3 | AH51: 136689 | AI51: 8723563.8 | AJ51: 8723563.8 | AK51: 517061.51 | AL51: 863398.44 | AM51: 9240625.3 | AN51: 797.17 | AO51: 0 | AP51: 8255681.4 | AQ51: 136117 | AR51: 8701475 | AS51: 8702855 | AT51: -447173.66 | AU51: 345715.38 | AV51: 8255681.4 | AW51: 793.6 | AX51: 0
A52: 312 | B52: Consórcio Público Intermunicipal de Inovacao e Desenvolvimento do Estado de Sao Paulo - CinDesp - CINDESP | C52: 29.185.021/0001-00 | D52: São Paulo | E52: Sudeste | F52: 6271959.1 | G52: 565733 | H52: 888692.34 | I52: 5171133.4 | J52: 1100825.8 | K52: 2371434.2 | L52: 1348937.1 | M52: 62928.94 | N52: 0 | O52: 12435145 | P52: 566338.33 | Q52: 678211.2 | R52: 12441366 | S52: -6220.85 | T52: 3799502.9 | U52: 2224383.1 | V52: 23466.95 | W52: 0 | X52: 1241858.1 | Y52: 566943.67 | Z52: 582681.15 | AA52: 1121961.1 | AB52: 119896.96 | AC52: 324501.61 | AD52: 704358.11 | AE52: 38080.79 | AF52: 0 | AH52: 567549 | AL52: 203917.51 | AN52: 38080.79 | AO52: 0 | AP52: 5399824.6 | AQ52: 564561 | AR52: 407236.85 | AS52: 13327254 | AT52: -7927428.9 | AU52: 3199643.1 | AV52: 411699.24 | AW52: 923023.71
A53: 313 | B53: Consórcio de Municípios da Região Central - CONCEM | C53: 45.080.766/0001-61 | D53: São Paulo | E53: Sudeste | F53: 2565047.6 | G53: 818697 | H53: 2263704.6 | I53: 2263704.6 | J53: 301342.95 | K53: 573328.8 | L53: 2565047.6 | M53: 6837.24 | N53: 0 | O53: 4672750.6 | P53: 820337 | Q53: 1163345.6 | R53: 4407715.7 | S53: 265034.89 | T53: 267059.59 | U53: 1440250.6 | V53: 37796.52 | W53: 0 | X53: 294979.67 | Y53: 821977 | Z53: 288609.22 | AA53: 288609.22 | AB53: 6370.45 | AC53: 22739.62 | AD53: 294979.67 | AE53: 19866.35 | AF53: 0 | AG53: 0 | AH53: 823617 | AI53: 0 | AJ53: 0 | AK53: 0 | AL53: 0 | AM53: 0 | AN53: 0 | AO53: 0 | AP53: 0 | AQ53: 816698 | AR53: 0 | AS53: 0 | AT53: 0 | AU53: 0 | AV53: 0 | AW53: 0 | AX53: 0
A54: 314 | B54: Consórcio Intermunicipal da Região de Saúde de Itapeva - CIRSIT | C54: 34.909.476/0001-61 | D54: São Paulo | E54: Sudeste | F54: 2354761.9 | G54: 94964 | H54: 2339187.2 | I54: 2339187.2 | J54: 15574.72 | K54: 1043720.4 | L54: 2354761.9 | M54: 1612.92 | N54: 0 | O54: 2763340.8 | P54: 93305.667 | Q54: 2236435 | R54: 2236435 | S54: 526905.82 | T54: 1176990.3 | U54: 2763340.8 | V54: 610.11 | W54: 0 | X54: 2045514.3 | Y54: 91647.333 | Z54: 2443710.9 | AA54: 2443710.9 | AB54: =X54-AA54 -> -398196.56 | AC54: 692751.66 | AD54: 2045514.3 | AE54: 4475.29 | AF54: 0 | AG54: 1467063.9 | AH54: 89989 | AI54: 991531.32 | AJ54: 991531.32 | AK54: 475532.6 | AL54: 876292.25 | AM54: 1467063.9 | AN54: 0 | AO54: 0 | AP54: 669372.97 | AQ54: 90468 | AR54: 280604.14 | AS54: 280604.14 | AT54: 388768.83 | AU54: 451414.13 | AV54: 669372.97 | AW54: 0 | AX54: 0
A55: 316 | B55: Consórcio Intermunicipal de Saúde da Rede de Urgência Centro Sul - CISRU | C55: 11.938.399/0001-72 | D55: Minas Gerais | E55: Sudeste | F55: =37877647.75+4607076.06 -> 42484724 | G55: 788727 | H55: 36780675 | I55: 37764982 | J55: 4719741.7 | K55: 17950168 | L55: 37877648 | M55: 1505675.9 | N55: 0 | O55: =35654468.94+5331373.08 -> 40985842 | P55: 789576 | Q55: 31680454 | R55: 33577032 | S55: 7408810.1 | T55: 18707738 | U55: 34083140 | V55: 2475174.2 | W55: 0 | X55: =29510280.59+3134154.84 -> 32644435 | Y55: 790425 | Z55: 26870894 | AA55: 27293665 | AB55: 5350770.8 | AC55: 15560829 | AD55: 29510281 | AE55: 2353747.1 | AF55: 0 | AG55: =28111874.86+5238296.92 -> 33350172 | AH55: 791274 | AI55: 24877994 | AJ55: 25314976 | AK55: 8035195.4 | AL55: 11882946 | AM55: 28111875 | AN55: 793174.39 | AO55: 0 | AP55: =28868111.89+1646309.18 -> 30514421 | AQ55: 787738 | AR55: 25255402 | AS55: 25307330 | AT55: 5207091.3 | AU55: 8651107.9 | AV55: 28624612 | AW55: 823534.96 | AX55: 0
A56: 318 | B56: Consórcio Intermunicipal de Saúde Para Gerenciamento da Rede de Urgência e Emergência da Macro Sudeste - CISDESTE | C56: 17.813.026/0001-51 | D56: Minas Gerais | E56: Sudeste | F56: =85347124.54+9020438.3 -> 94367563 | G56: 2360243 | H56: 85725931 | I56: 88940647 | J56: 5426916.1 | K56: 15249978 | L56: 85305125 | M56: 4577864.3 | N56: 0 | O56: =78403355.05+6875553.39 -> 85278908 | P56: 2370197 | Q56: 74511333 | R56: 75471912 | S56: 9806996.4 | T56: 17092892 | U56: 78151018 | V56: 3250822.3 | W56: 0 | X56: =67945385.67+5008878.51 -> 72954264 | Y56: 2380151 | Z56: 54914137 | AA56: 64782080 | AB56: 8172184.4 | AC56: 12261974 | AD56: 53979931 | AE56: 1658113.4 | AF56: 0 | AG56: =40267369.42+4440875.09 -> 44708245 | AH56: 2390105 | AI56: 41499844 | AJ56: 42521874 | AK56: 2186370.5 | AL56: 6743897.1 | AM56: 39512894 | AN56: 293785.79 | AO56: 0 | AP56: =44792777.75+1134901.95 -> 45927680 | AQ56: 2380306 | AR56: 39183871 | AS56: 39671974 | AT56: 6255706.1 | AU56: 8441225.4 | AV56: 44678344 | AW56: 129289.74 | AX56: 0
A57: 319 | B57: Consórcio Intermunicipal de Saúde da Macrorregião do Sul de Minas - CISSUL | C57: 13.985.869/0001-84 | D57: Minas Gerais | E57: Sudeste | F57: 74270010 | G57: 2881476 | H57: 67517441 | I57: 71049117 | J57: 3220893 | K57: 14338620 | L57: 74240010 | M57: 1584510 | N57: 20985535 | O57: 62109548 | P57: 2864294.7 | Q57: 51045898 | R57: 53249026 | S57: 8860522.3 | T57: 10806050 | U57: 61971980 | V57: 13645139 | W57: 0 | X57: 53278035 | Y57: 2847113.3 | Z57: 52433863 | AA57: 54781766 | AB57: -1503730.9 | AC57: 1006527.5 | AD57: 53270320 | AE57: -1010770.8 | AF57: -23455.99 | AG57: 43627837 | AH57: 2829932 | AI57: 46087286 | AJ57: 47717434 | AK57: -4089597.2 | AL57: 289455.21 | AM57: 43500237 | AN57: -1477542.1 | AO57: -23455.99 | AP57: 47490557 | AQ57: 2815483 | AR57: 44052533 | AS57: 45741581 | AT57: 1748976.8 | AU57: 3081107.4 | AV57: 47490557 | AW57: -953140.96 | AX57: -23455.99
A58: 325 | B58: Consórcio Inetmunicipal de Saúde da Baixada Fluminense - CISBAF | C58: 03.681.070/0001-40 | D58: Rio de Janeiro | E58: Sudeste | F58: 52310186 | G58: 3571473 | H58: 52385216 | I58: 53178545 | J58: -868359.57 | K58: 3649498.1 | L58: 52310186 | M58: 3230720.2 | N58: 86036.38 | O58: 42876291 | P58: 3598554.3 | Q58: 44964619 | R58: 46748235 | S58: -3871944.7 | T58: 4119120.2 | U58: 42876291 | V58: 2619101.3 | W58: 86036.38 | X58: 41781419 | Y58: 3625635.7 | Z58: 39699028 | AA58: 42561197 | AB58: -779778.07 | AC58: 6722962.2 | AD58: 39782429 | AE58: 1676503.6 | AF58: 86036.38 | AG58: 34204834 | AH58: 3652717 | AI58: 30721840 | AJ58: 30949527 | AK58: 3255307.1 | AL58: 5262834.1 | AM58: 34204834 | AN58: 1269238.7 | AO58: 0 | AP58: 25621159 | AQ58: 3637487 | AR58: 24431449 | AS58: 24437468 | AT58: 1183690.8 | AU58: 2188208.2 | AV58: 25621159 | AW58: 2488354.7 | AX58: 30597.27
A59: 326 | B59: Consórcio Intermunicipal de Saúde do Alto Vale do Paraíba - CONSAVAP | C59: 19.701.130/0001-80 | D59: São Paulo | E59: Sudeste | F59: 27051913 | G59: 1128248 | H59: 29947380 | I59: 29947380 | J59: -2895467.5 | K59: 2605171.8 | L59: 27051913 | M59: 2429622.2 | N59: 0 | O59: 26659450 | P59: 1127034 | Q59: 25792390 | R59: 25793820 | S59: 865630.1 | T59: 4581634.8 | U59: 26659450 | V59: 2161014.1 | W59: 0 | X59: 22724765 | Y59: 1125820 | Z59: 23862244 | AA59: 23905506 | AB59: -1180741.4 | AC59: 3683774.9 | AD59: 22724765 | AE59: 2134362.7 | AF59: 0 | AG59: 22746635 | AH59: 1124606 | AI59: 21247277 | AJ59: 21247277 | AK59: 1499357.9 | AL59: 4464597.7 | AM59: 22746635 | AN59: 1734444.1 | AO59: 0 | AP59: 21448264 | AQ59: 1114287 | AR59: 20752870 | AS59: 20763958 | AT59: 684306.31 | AU59: 2935193.6 | AV59: 21448264 | AW59: 1706700.2 | AX59: 0
A60: 44 | B60: Consórcio Intermunicipal de Saúde do Norte do Paraná - CISNOP | C60: 00.126.737/0001-55 | D60: Paraná | E60: Sul | F60: 72934095 | G60: 217325 | H60: 71488602 | I60: 71521966 | J60: 1412129.7 | K60: 4018162.4 | L60: 72934095 | M60: 123185.95 | N60: 0 | O60: 53098611 | P60: 218429.33 | Q60: 56755081 | R60: 56775232 | S60: -3676621.9 | T60: 2838526.6 | U60: 53098611 | V60: 190967.39 | W60: 0 | X60: 50964898 | Y60: 219533.67 | Z60: 48717595 | AA60: 49001623 | AB60: 1963274.9 | AC60: 5720284 | AD60: 50964898 | AE60: 78712.34 | AF60: 0 | AG60: 39516326 | AH60: 220638 | AI60: 38063117 | AJ60: 39342521 | AK60: 173805.12 | AL60: 4075358.8 | AM60: 39516326 | AN60: 66630.37 | AO60: 0 | AP60: 35371048 | AQ60: 221429 | AR60: 34677467 | AS60: 34690961 | AT60: 680086.59 | AU60: 3740108.1 | AV60: 35371048 | AW60: 122510.18 | AX60: 0
A61: 45 | B61: Consórcio Intermunicipal de Saúde - CONIMS | C61: 00.136.858/0001-88 | D61: Paraná | E61: Sul | F61: 1.6038219e+08 | G61: 705893 | H61: 1.5634352e+08 | I61: 1.5744901e+08 | J61: 2933178.5 | K61: 7918927.1 | L61: 1.6038219e+08 | M61: 18395.58 | N61: 0 | O61: 1.2510932e+08 | P61: 694293.33 | Q61: 1.2890964e+08 | R61: 1.2945501e+08 | S61: -4345683.7 | T61: 7603007 | U61: 1.2510932e+08 | V61: 1796093.9 | W61: 0 | X61: 96128996 | Y61: 682693.67 | Z61: 96682894 | AA61: 96837919 | AB61: -708923.34 | AC61: 8068707.4 | AD61: 96128996 | AE61: -243238.5 | AF61: 0 | AG61: 61471576 | AH61: 671094 | AI61: 57624064 | AJ61: 60378437 | AK61: 1093139.4 | AL61: 5001573.2 | AM61: 61079691 | AN61: 112414.02 | AO61: 0 | AP61: 46186788 | AQ61: 662968 | AR61: 42204903 | AS61: 43083318 | AT61: 3103469.8 | AU61: 4566059.8 | AV61: 45884434 | AW61: 4791036.8 | AX61: 0
A62: 47 | B62: Consórcio Intergestores Paraná Saúde - CIPS | C62: 03.273.207/0001-28 | D62: Paraná | E62: Sul | F62: 3.1282281e+08 | G62: 10098629 | H62: 2.8138814e+08 | I62: 2.814155e+08 | J62: 31407317 | K62: 2.16397e+08 | L62: 3.1282281e+08 | M62: 12597 | N62: 0 | P62: 10004637 | Y62: 9910645 | AG62: 1.9995704e+08 | AH62: 9816653 | AI62: 2.1915414e+08 | AJ62: 2.1920405e+08 | AK62: -19247011 | AL62: 114124479 | AM62: 1.9995704e+08 | AN62: 0 | AO62: 0 | AP62: 227550369 | AQ62: 9745601 | AR62: 175284601 | AS62: 175802912 | AT62: 51747457 | AU62: 115902.58 | AV62: 227550369 | AW62: 0 | AX62: 0
A63: 48 | B63: Consórcio Intermunicipal de Saúde do Litoral do Paraná - CISLIPA | C63: 13.681.884/0001-39 | D63: Paraná | E63: Sul | F63: 5713015.4 | G63: 312589 | H63: 6562466.4 | I63: 6562276.4 | J63: 849261.01 | K63: 12580088 | L63: 5713015.4 | M63: 9554845.8 | N63: 0.99 | O63: 4299827.2 | P63: 309240.67 | Q63: 1421562.1 | R63: 1421562.1 | S63: 2878265.1 | T63: 6407151.2 | U63: 4299827.2 | V63: 5686272.6 | W63: 0.99 | X63: 5235838.5 | Y63: 305892.33 | Z63: 964687.76 | AA63: 964687.76 | AB63: 4271150.8 | AC63: 8068949.3 | AD63: 5235838.5 | AE63: 2658356.8 | AF63: 0.99 | AG63: 6857377.2 | AH63: 302544 | AI63: 7050510.5 | AJ63: 7050510.5 | AK63: -193133.31 | AL63: 11059963 | AM63: 6857377.2 | AN63: 1068249 | AO63: 0.99 | AP63: 5142523.4 | AQ63: 299824 | AR63: 2313831.5 | AS63: 2313831.5 | AT63: 2828691.8 | AU63: 8659915.7 | AV63: 5142523.4 | AW63: 566344.58 | AX63: 51376.97
A64: 49 | B64: Consórcio Intermunicipal de Saúde Cisa Amerios 12º R.S. | C64: 86.689.023/0001-70 | D64: Paraná | E64: Sul | F64: 6853022.8 | G64: 189229 | H64: 2814951.5 | I64: 3333418.8 | J64: 3519603.9 | K64: 3535546.8 | L64: 6521099.3 | M64: -356698.84 | N64: 10140.69 | O64: 40686388 | P64: 187243.67 | Q64: 41614263 | R64: 43316442 | S64: -2630053.6 | T64: 2991169.8 | U64: 39931428 | V64: 630713.93 | W64: 10140.69 | X64: 4193224.2 | Y64: 185258.33 | Z64: 2844814.2 | AA64: 3000501.5 | AB64: 1192722.7 | AC64: 4689161.5 | AD64: 3839709.2 | AE64: 543667.66 | AF64: 24171.38 | AG64: 22057732 | AH64: 183273 | AI64: 21879725 | AJ64: 22254545 | AK64: -196812.82 | AL64: 2678733.3 | AM64: 22030375 | AN64: 475688.95 | AO64: 30836.32 | AP64: 17675944 | AQ64: 183002 | AR64: 15944867 | AS64: 16859874 | AT64: 816069.91 | AU64: 2828303.5 | AV64: 17102571 | AW64: 363373.53 | AX64: 47656.24
A65: 56 | B65: Consórcio Intermunicipal do Noroeste do Estado do Rio Grande do Sul - CISA-IJUI | C65: 02.231.696/0001-92 | D65: Rio grande do Sul | E65: Sul | G65: 485529 | P65: 481310 | Y65: 477091 | AG65: 64038632 | AH65: 472872 | AI65: 63900993 | AJ65: 64092721 | AK65: -54088.6 | AL65: 6899526.3 | AM65: 63952231 | AN65: 5176989.1 | AO65: 0 | AQ65: 472006
A66: 57 | B66: Consórcio Intermunicipal de Saúde das Missões - CISMISSÕES | C66: 02.264.781/0001-57 | D66: Rio grande do Sul | E66: Sul | G66: 212287 | O66: 13766337 | P66: 210150 | Q66: 13671424 | R66: 13671424 | S66: 94913.02 | T66: 1129696.7 | U66: 13766337 | V66: 511969.23 | W66: 0 | Y66: 208013 | AH66: 205876 | AP66: 8642901.3 | AQ66: 207133 | AR66: 8944918.1 | AS66: 8961028.1 | AT66: -318126.79 | AU66: 2006838.1 | AV66: 8642901.3 | AW66: 656405.25 | AX66: 0
A67: 61 | B67: Consórcio de Saúde Intermunicipal e desenvolvimento Regional - CONSIM | C67: 08.007.591/0001-30 | D67: Rio grande do Sul | E67: Sul | F67: 16630496 | G67: 78108 | H67: 16126988 | I67: 16226887 | J67: 403608.85 | K67: 892148.92 | L67: 16630496 | M67: 739125.3 | N67: 0 | O67: 14014499 | P67: 80729 | Q67: 13931646 | R67: 13939620 | S67: 74879.16 | T67: 1080377.3 | U67: 14014499 | V67: 1398722.8 | W67: 0 | X67: 10834667 | Y67: 81308 | Z67: 10519456 | AA67: 10519456 | AB67: 315211.46 | AC67: 576241.42 | AD67: 10834667 | AE67: 1031929.3 | AF67: 0 | AG67: 8990788.7 | AH67: 76371 | AI67: 8558387.4 | AJ67: 8560193.4 | AK67: 430595.25 | AL67: 895971.97 | AM67: 8990788.7 | AN67: 1638779.2 | AO67: 0 | AP67: 8248071.4 | AQ67: 76622 | AR67: 7547236.3 | AS67: 7549662.3 | AT67: 698409.11 | AU67: 839005.06 | AV67: 8248071.4 | AW67: 1973834.4 | AX67: 0
A68: 66 | B68: Consórcio Intermunicipal de Saúde do Nordeste de Santa Catarina - CISNORDESTE | C68: 03.222.337/0001-31 | D68: Santa Catarina | E68: Sul | G68: 1358098 | P68: 1329017.3 | Y68: 1299936.7 | AG68: 15141877 | AH68: 1270856 | AI68: 15440752 | AJ68: 15489890 | AK68: -348013.41 | AL68: 3495330.2 | AM68: 15141877 | AN68: 238407.78 | AO68: 158593.75 | AP68: 15674378 | AQ68: 1252644 | AR68: 14050308 | AS68: 14094287 | AT68: 1580090.5 | AU68: 3759890 | AV68: 15674378 | AW68: 283769.63 | AX68: 155956.97
A69: 213 | B69: Consórcio Público Intermunicipal de Saúde do Centro Noroeste da Região do Paraná - CISCENOP | C69: 01.178.931/0001-47 | D69: Paraná | E69: Sul | F69: 51489381 | G69: 174873 | H69: 48929894 | I69: 48929894 | J69: 2559487.6 | K69: 8843786.3 | L69: 51489381 | M69: 219401.36 | N69: 0 | O69: 38689640 | P69: 173923.67 | Q69: 37195177 | R69: 37266577 | S69: 1423062.2 | T69: 6501071.8 | U69: 38689640 | V69: 436519.68 | W69: 0 | Y69: 172974.33 | AH69: 172025 | AQ69: 171034
A70: 216 | B70: Consórcio Intermunicipal de Saúde do Vale do Ivai e Região - CISVIR | C70: 01.010.042/0001-76 | D70: Paraná | E70: Sul | G70: 391300 | P70: 391857.33 | X70: 31689724 | Y70: 392414.67 | Z70: 34059666 | AA70: 34719960 | AB70: -3030235.7 | AC70: 5158238.5 | AD70: 31689724 | AE70: 195747.18 | AF70: 2037.94 | AG70: 24707015 | AH70: 392972 | AI70: 23028806 | AJ70: 23483724 | AK70: 1223291.5 | AL70: 4575007.4 | AM70: 24707015 | AN70: -86999.89 | AO70: 2037.94 | AP70: 20899231 | AQ70: 389991 | AR70: 19100050 | AS70: 19459127 | AT70: 1440104.1 | AU70: 2165697.2 | AV70: 20898498 | AW70: 210249.59 | AX70: 2037.94
A71: 217 | B71: Consórcio Público Intermunicipal de Saúde do Norte Pioneiro - CISNORPI | C71: 00.476.612/0001-55 | D71: Paraná | E71: Sul | F71: 9258582.8 | G71: 282324 | H71: 6422442.3 | I71: 6427447 | J71: 2831135.8 | K71: 8195234.3 | L71: 9258582.8 | M71: 197639.88 | N71: 11401.61 | O71: 5124022.3 | P71: 279324.67 | Q71: 5081576.9 | R71: 5116244.7 | S71: 7777.59 | T71: 7158104.6 | U71: 5124022.3 | V71: 820093.6 | W71: 11401.61 | X71: 5066312.6 | Y71: 276325.33 | Z71: 2061799.9 | AA71: 2061799.9 | AB71: 3004512.7 | AC71: 8895156.2 | AD71: 5066312.6 | AE71: 889477.47 | AF71: 11401.61 | AH71: 273326 | AQ71: 272749
A72: 220 | B72: Consórcio Intermunicipal Para o Desenvolvimento Regional do Território Divisa Norte do Paraná - CODREN | C72: 16.834.978/0001-99 | D72: Paraná | E72: Sul | G72: 14075 | O72: 1100536.2 | P72: 13908 | Q72: 1078147 | R72: 1078147 | S72: 22389.18 | T72: 144031.66 | U72: 1100536.2 | V72: 51562.5 | W72: 0 | X72: 537453.08 | Y72: 13741 | Z72: 568771.83 | AA72: 568771.83 | AB72: -31318.75 | AC72: 154266.76 | AD72: 537453.08 | AE72: 119622.84 | AF72: 0 | AG72: 0 | AH72: 13574 | AI72: 458702.25 | AJ72: 458702.25 | AK72: -458702.25 | AL72: 154305.52 | AM72: 0 | AN72: 20102.92 | AO72: 0 | AP72: 485880.41 | AQ72: 13662 | AR72: 0 | AS72: 0 | AT72: 85880.41 | AU72: 109831.87 | AV72: 485880.41 | AW72: 8046.02 | AX72: 0
A73: 223 | B73: Consórcio Público Intermunicipal de Atenção A Sanidade Agropecuária, Desenvolvimento Rural e Urbano Sustentável da Região Central do Estado do Paraná - CID CENTRO | C73: 11.881.350/0001-20 | D73: Paraná | E73: Sul | F73: 665969.16 | G73: 481191 | H73: 535217.39 | I73: 539317.39 | J73: 126651.77 | K73: 176841.6 | L73: 665969.16 | M73: 0 | N73: 0 | O73: 1059793.5 | P73: 473301 | Q73: 966779.1 | R73: 978743.1 | S73: 81050.4 | T73: 53654.83 | U73: 1059793.5 | V73: 3465.4 | W73: 0 | X73: 1379752.2 | Y73: 465411 | Z73: 1406834 | AA73: 1411033 | AB73: -31280.79 | AC73: 1140.52 | AD73: 1379752.2 | AE73: 32001.49 | AF73: 0 | AG73: 1032599.1 | AH73: 457521 | AI73: 1054544.5 | AJ73: 1054544.5 | AK73: -21945.43 | AL73: 35205.81 | AM73: 1032599.1 | AN73: 38128.04 | AO73: 0 | AP73: 728299.19 | AQ73: 459083 | AR73: 828327.45 | AS73: 828327.45 | AT73: -100028.26 | AU73: 24000.6 | AV73: 728299.19 | AW73: 4977.4 | AX73: 0
A74: 225 | B74: Consórcio Intergestores de Saúde da 5A Região de Saúde do Parana - CIS5RS | C74: 36.330.988/0001-02 | D74: Paraná | E74: Sul | F74: 73219587 | G74: 438166 | H74: 70593315 | I74: 70784107 | J74: 2435479.7 | K74: 6838366.2 | L74: 73219587 | M74: 4396321.9 | N74: 0 | O74: 40681695 | P74: 436727.67 | Q74: 43191811 | R74: 43445824 | S74: -2764129.2 | T74: 4284916.6 | U74: 40681695 | V74: 2722990.2 | W74: 0 | X74: 6234697.2 | Y74: 435289.33 | Z74: 4711952.1 | AA74: 4769492.1 | AB74: 1465205.1 | AC74: 1980846.5 | AD74: 6234697.2 | AE74: 420798.8 | AF74: 0 | AH74: 433851 | AQ74: 432931
A75: 226 | B75: Consórcio Intermunicipal de Saúde dos Campos Gerais - CIMSAÚDE | C75: 03.878.900/0001-24 | D75: Paraná | E75: Sul | F75: 39809676 | G75: 841896 | H75: 39889623 | I75: 40115593 | J75: -305916.99 | K75: 3647574.8 | L75: 39809676 | M75: 373647.53 | N75: 0 | O75: 19001771 | P75: 840870.67 | Q75: 21502558 | R75: 21509383 | S75: -2507612 | T75: 5174302 | U75: 19001771 | V75: 292085.16 | W75: 0 | X75: 3145085 | Y75: 839845.33 | Z75: 1742412.9 | AA75: 1742412.9 | AB75: 1402672.2 | AC75: 3867811.1 | AD75: 3145085 | AE75: 278812.08 | AF75: 0 | AG75: 1174000.8 | AH75: 838820 | AI75: 1254427.5 | AJ75: 1254427.5 | AK75: -80426.7 | AL75: 1250903.8 | AM75: 1174000.8 | AN75: 46140.13 | AO75: 0 | AQ75: 832374
A76: 227 | B76: Consórcio Intermunicipal de Saúde da Região Amcespar - CIS AMCESPAR | C76: 00.358.098/0001-53 | D76: Paraná | E76: Sul | F76: 36735333 | G76: 167738 | H76: 34996485 | I76: 35035515 | J76: 1699817.6 | K76: 2982991.9 | L76: 36456641 | M76: 98699.92 | N76: 0 | O76: 27160879 | P76: 170887.33 | Q76: 27126826 | R76: 27202866 | S76: -41986.82 | T76: 1646785.2 | U76: 27085133 | V76: 476844.06 | W76: 0 | Y76: 174036.67 | AH76: 177186 | AQ76: 176074
A77: 229 | B77: Consórcio Intermunicipal de Saúde do Vale do Iguaçu - CISVALI | C77: 00.956.801/0001-25 | D77: Paraná | E77: Sul | F77: 34275504 | G77: 165037 | H77: 34800210 | I77: 34829503 | J77: -553998.14 | K77: 2830380.7 | L77: 34275504 | M77: 9714.97 | N77: 0 | O77: 30619604 | P77: 169730.33 | Q77: 30900457 | R77: 31022226 | S77: -402621.74 | T77: 3208917.6 | U77: 30619604 | V77: 21615.34 | W77: 0 | X77: 22974552 | Y77: 174423.67 | Z77: 21681699 | AA77: 21826785 | AB77: 1147766.6 | AC77: 3214847.2 | AD77: 22974552 | AE77: 6937.16 | AF77: 0 | AG77: 16570646 | AH77: 179117 | AI77: 16247554 | AJ77: 16305217 | AK77: 265428.84 | AL77: 2416522.5 | AM77: 16570646 | AN77: 140 | AO77: 0 | AQ77: 178227
A78: 230 | B78: Consórcio Intermunicipal da Fronteira - CIF | C78: 10.865.793/0001-65 | D78: Paraná | E78: Sul | F78: 348969.83 | G78: 29255 | H78: 354466.17 | I78: 354466.17 | J78: -5496.34 | K78: 3895.95 | L78: 348969.83 | M78: -1900.49 | N78: 0 | O78: 394808.68 | P78: 29307 | Q78: 391007.15 | R78: 400932.15 | S78: -6123.47 | T78: 9135.42 | U78: 394808.68 | V78: 0 | W78: 0 | X78: 266066.16 | Y78: 29359 | Z78: 272108.73 | AA78: 272108.73 | AB78: -6042.57 | AC78: 15258.89 | AD78: 266066.16 | AE78: 0 | AF78: 0 | AG78: 254003.96 | AH78: 29411 | AI78: 232468.11 | AJ78: 243512.11 | AK78: 10491.85 | AL78: 21301.46 | AM78: 254003.96 | AN78: 0 | AO78: 0 | AP78: 223481.22 | AQ78: 29363 | AR78: 237651.69 | AS78: 242953.09 | AT78: -19471.87 | AU78: 19471.87 | AV78: 223481.22 | AW78: 0 | AX78: 0
A79: 231 | B79: Consórcio Intermunicipal de Saúde Iguaçu - CISI | C79: 00.879.976/0001-86 | D79: Paraná | E79: Sul | F79: 20924423 | G79: 139056 | H79: 20401564 | I79: 20623416 | J79: 301006.79 | K79: 764335.59 | L79: 20924423 | M79: 584.46 | N79: 0 | O79: 15423761 | P79: 134089.33 | Q79: 15602130 | R79: 15622854 | S79: -199093.08 | T79: 314729.37 | U79: 15423761 | V79: 418.43 | W79: 0 | X79: 11850884 | Y79: 129122.67 | Z79: 11727883 | AA79: 11745976 | AB79: 104907.86 | AC79: 517030.1 | AD79: 11850884 | AE79: 0 | AF79: 0 | AG79: 9164982.8 | AH79: 124156 | AI79: 9327708.8 | AJ79: 9352438.8 | AK79: -187456.01 | AL79: 381342.96 | AM79: 9164982.8 | AN79: 2084.84 | AO79: 0 | AP79: 7384188.3 | AQ79: 123299 | AR79: 7546193.4 | AS79: 7548783.4 | AT79: -164595.09 | AU79: 480049.93 | AV79: 7384188.3 | AW79: 0 | AX79: 0
A80: 240 | B80: Consórcio Público da Fronteira Noroeste - COFRON | C80: 94.188.208/0001-20 | D80: Rio Grande do Sul | E80: Sul | G80: 264069 | O80: 18404345 | P80: 259849.67 | Q80: 16960003 | R80: 16963700 | S80: 1440645.3 | T80: 257233.21 | U80: 16832917 | V80: 435085.43 | W80: 0 | X80: 13860830 | Y80: 255630.33 | Z80: 14100536 | AA80: 14112467 | AB80: -251636.57 | AC80: 832302.71 | AD80: 13860830 | AE80: 378091.04 | AF80: 0 | AG80: 10111500 | AH80: 251411 | AI80: 9761386.7 | AJ80: 9776036.7 | AK80: 335463.66 | AL80: 832302.71 | AM80: 10111500 | AN80: 378091.04 | AO80: 0 | AP80: 9321392.2 | AQ80: 252081 | AR80: 9357122 | AS80: 9371590.4 | AT80: -50198.22 | AU80: 562247.27 | AV80: 9321392.2 | AW80: 304435.64 | AX80: 0
A81: 243 | B81: Consórcio Intermunicipal de Saúde da Microrregião de São Luiz Gonzaga - COIS | C81: 93.592.368/0001-77 | D81: Rio Grande do Sul | E81: Sul | G81: 74150 | P81: 73016.333 | X81: 1.5838646e+08 | Y81: 71882.667 | Z81: 1.3427167e+08 | AA81: 1.5651605e+08 | AB81: 1870407.5 | AC81: 50848779 | AD81: 1.5532687e+08 | AE81: 15191322 | AF81: 1.169693e+08 | AG81: 1.340785e+08 | AH81: 70749 | AI81: 1.0631539e+08 | AJ81: 1.2130317e+08 | AK81: 12775331 | AL81: 52127378 | AM81: 1.2989579e+08 | AN81: 10898210 | AO81: 1.3755131e+08 | AP81: 20252323 | AQ81: 71367 | AR81: 16472255 | AS81: 16472255 | AT81: 3780068.1 | AU81: 6403.39 | AV81: 20252323 | AW81: 19272.96 | AX81: 1.5480881e+08
A82: 247 | B82: Consórcio Público Intermunicipal Para Assuntos Estratégicos do G8 - CIPAE G8 | C82: 11.884.641/0001-72 | D82: Rio Grande do Sul | E82: Sul | G82: 127365 | P82: 125041 | Y82: 122717 | AG82: 375150.85 | AH82: 120393 | AI82: 239249.94 | AJ82: 456634.88 | AK82: -81484.03 | AL82: 965375.68 | AM82: 375150.85 | AN82: 0 | AO82: 0 | AP82: 1079446 | AQ82: 119718 | AR82: 237619.86 | AS82: 237619.86 | AT82: 841826.12 | AU82: 1046859.7 | AV82: 344542.96 | AW82: 0 | AX82: 0
A83: 248 | B83: Consórcio Intermunicipal do Vale do Rio Caí - CISCAÍ | C83: 07.662.324/0001-34 | D83: Rio Grande do Sul | E83: Sul | G83: 346413 | P83: 347684.67 | Y83: 348956.33 | AG83: 65705659 | AH83: 350228 | AI83: 64716044 | AJ83: 64736493 | AK83: 969165.53 | AL83: 5376049.6 | AM83: 65705659 | AN83: 3622929.7 | AO83: 0 | AP83: 47826683 | AQ83: 347751 | AR83: 45110918 | AS83: 45119481 | AT83: 2707202.1 | AU83: 4632206 | AV83: 47826683 | AW83: 3858244.2 | AX83: 0
A84: 250 | B84: Consórcio Intermunicipal Ci Centro-Sul - CI CENTRO-SUL | C84: 07.926.117/0001-40 | D84: Rio Grande do Sul | E84: Sul | G84: 290403 | O84: 1170656.8 | P84: 296290.67 | Q84: 1009174.1 | R84: 1023367.6 | S84: 147289.26 | T84: 905233.05 | U84: 1170656.8 | V84: 151692.52 | W84: 298879.23 | X84: 895896.93 | Y84: 302178.33 | Z84: 764871.16 | AA84: 786271.96 | AB84: 109624.97 | AC84: 593446.03 | AD84: 895896.93 | AE84: 91882.26 | AF84: 315355.07 | AG84: 2072798.1 | AH84: 308066 | AI84: 2013054.3 | AJ84: 2023087.3 | AK84: 49710.77 | AL84: 510550.72 | AM84: 2072798.1 | AN84: 186009.05 | AO84: 282403.39 | AP84: 6304032.5 | AQ84: 307273 | AR84: 6120295.9 | AS84: 6131727.2 | AT84: 172295.31 | AU84: 408097.96 | AV84: 6304032.5 | AW84: 235274.02 | AX84: 282403.39
A85: 254 | B85: Consórcio Intermunicipal de Saúde da Ameosc - CIS AMEOSC | C85: 02.311.972/0001-22 | D85: Santa Catarina | E85: Sul | G85: 294066 | P85: 291997.67 | Y85: 289929.33 | AG85: 5796122.6 | AH85: 287861 | AI85: 5223606.7 | AJ85: 5223976.7 | AK85: 572145.84 | AL85: 1749733.2 | AM85: 5796122.6 | AN85: 59832.47 | AO85: 8087.02 | AP85: 3863275.3 | AQ85: 286287 | AR85: 4145706.6 | AS85: 4145706.6 | AT85: -282431.28 | AU85: 701080.13 | AV85: 3863275.3 | AW85: 25111.68 | AX85: 8087.02
A86: 302 | B86: Consórcio Intermunicipal de Saúde do Oeste do Paraná - CISOP | C86: 00.944.673/0001-08 | D86: Paraná | E86: Sul | F86: 11191858 | G86: 410246 | H86: 4613435.7 | I86: 4639105.5 | J86: 6552752.4 | K86: 11484679 | L86: 11191858 | M86: 442042.44 | N86: 0 | O86: 72733253 | P86: 406798.33 | Q86: 72064933 | R86: 74190772 | S86: -1457518.6 | T86: 8612823.5 | U86: 72064933 | V86: 394096.36 | W86: 0 | X86: 61551003 | Y86: 403350.67 | Z86: 59633911 | AA86: 59763736 | AB86: 1787266.7 | AC86: 9920909.8 | AD86: 61551003 | AE86: 393157.72 | AF86: 0 | AH86: 399903 | AP86: 36040731 | AQ86: 399401 | AR86: 31537475 | AS86: 31674444 | AT86: 4366287.4 | AU86: 8256575 | AV86: 34341244 | AW86: 100330.24 | AX86: 0
A87: 303 | B87: Consórcio Intermunicipal de Saúde do Médio Paranapanema - CISMEPAR | C87: 00.445.188/0001-81 | D87: Paraná | E87: Sul | F87: 78857348 | G87: 1012418 | H87: 78022944 | I87: 78707374 | J87: 149973.82 | K87: 19514196 | L87: 76789371 | M87: 1474973.1 | N87: 16277620 | O87: 69926505 | P87: 1015963.7 | Q87: 65567843 | R87: 69098175 | S87: 828329.93 | T87: 19889504 | U87: 67650428 | V87: 1306345.4 | W87: 16960215 | X87: 67388452 | Y87: 1019509.3 | Z87: 63768339 | AA87: 65549748 | AB87: 1838703.5 | AC87: 15376835 | AD87: 66279260 | AE87: 733794.55 | AF87: 18033230 | AG87: 68301746 | AH87: 1023055 | AI87: 62233985 | AJ87: 63246783 | AK87: 5054963.1 | AL87: 11086249 | AM87: 68236615 | AN87: 810662.32 | AO87: 2823730.6 | AP87: 62713001 | AQ87: 1014858 | AR87: 59177925 | AS87: 59811093 | AT87: 2901907 | AU87: 7715991 | AV87: 62127764 | AW87: 19837 | AX87: 2933705
A88: 304 | B88: Associação Intermunicipal de Saúde do Centro Oeste do Parana-Assiscop - ASSISCOP | C88: 02.322.413/0001-18 | D88: Paraná | E88: Sul | F88: 15403447 | G88: 71065 | H88: 15016887 | I88: 15041050 | J88: 362396.96 | K88: 1123063.4 | L88: 15379565 | M88: 0 | N88: 0 | O88: 12564662 | P88: 70155.333 | Q88: 12796423 | R88: 12798913 | S88: -234250.69 | T88: 1192232.3 | U88: 12564662 | V88: 431565.81 | W88: 0 | X88: 10722279 | Y88: 69245.667 | Z88: 9979147.4 | AA88: 9979147.4 | AB88: 743131.81 | AC88: 1082054.3 | AD88: 10722279 | AE88: 87137.1 | AF88: 0 | AG88: 7886517.2 | AH88: 68336 | AI88: 7743987.5 | AJ88: 7767285.9 | AK88: 119231.26 | AL88: 251785.36 | AM88: 7886517.2 | AN88: 0 | AO88: 0 | AP88: 6572799 | AQ88: 68447 | AR88: 6512307.5 | AS88: 6881448.5 | AT88: -308649.45 | AU88: 147059.25 | AV88: 6551083.3 | AW88: 14505.15 | AX88: 0
A89: 307 | B89: Consórcio Intermunicipal de Desenvolvimento do Pampa Gaúcho - CODEPAMPA | C89: 23.639.923/0001-93 | D89: Rio Grande do Sul | E89: Sul | F89: 522154.19 | G89: 592908 | H89: 336557.96 | I89: 420826.1 | J89: 101328.09 | K89: 572819.78 | L89: 522154.19 | M89: 9101.86 | N89: 0 | P89: 593926 | Y89: 594944 | AH89: 595962 | AQ89: 597167
A90: 320 | B90: Consórcio Intermunicipal da Rede de Urgência e Emergência do Noroeste do Paraná - CIUENP | C90: 15.718.459/0001-00 | D90: Paraná | E90: Sul | F90: 72257566 | G90: 1332168 | H90: 55207410 | I90: 55786284 | J90: 16471281 | K90: 21699958 | L90: 72257566 | M90: 1753234.5 | N90: 0 | O90: 50402526 | P90: 1313980.7 | Q90: 49290442 | R90: 49424953 | S90: 977573.73 | T90: 7166877 | U90: 50402526 | V90: 3684234 | W90: 0 | X90: 43329925 | Y90: 1295793.3 | Z90: 44089592 | AA90: 44455779 | AB90: -1125853.3 | AC90: 5372006.8 | AD90: 43329925 | AE90: 2633517.7 | AF90: 0 | AG90: 37157139 | AH90: 1277606 | AI90: 38708075 | AJ90: 38920024 | AK90: -1762885 | AL90: 3623069.9 | AM90: 37157139 | AN90: 129095.73 | AO90: 0 | AP90: 38350277 | AQ90: 1276128 | AR90: 36612286 | AS90: 36813351 | AT90: 1536926.5 | AU90: 5384039.3 | AV90: 38350277 | AW90: 217965.05 | AX90: 0
A91: 322 | B91: Consórcio Público Intermunicipal de Gestão da Amusep - PROAMUSEP | C91: 17.989.386/0001-09 | D91: Paraná | E91: Sul | G91: 1072513 | O91: 28610095 | P91: 1063614.7 | Q91: 28610095 | R91: 28910534 | S91: 4506246.6 | T91: 6070813.4 | U91: 33416780 | V91: 1532761 | W91: 0 | Y91: 1054716.3 | AH91: 1045818 | AQ91: 1035633
A92: 1 | B92: Consórcio Regional de Resíduos Sólidos do Sertão Alagoano - CRERSSAL | C92: 19.019.626/0001-78 | D92: Alagoas | E92: Nordeste | F92: 2961956.4 | G92: 166527 | H92: 2918498.2 | I92: 2967654.5 | J92: 5698.1 | K92: 3032.81 | L92: 2961956.4 | M92: 13243.57 | N92: 51168.64 | O92: 2858259.2 | P92: 169923.33 | Q92: 2813167.6 | R92: 2858192.6 | S92: 66.65 | T92: 6996.86 | U92: 2858259.2 | V92: -9403.08 | W92: 98325.36 | Y92: 173319.67 | AG92: 1859202.2 | AH92: 176716 | AI92: 1840834.6 | AJ92: 1852588.2 | AK92: 6613.98 | AL92: 12561.13 | AM92: 1859202.2 | AN92: 8657.3 | AO92: 131721 | AP92: 2754337.4 | AQ92: 176213 | AR92: 2705271.3 | AS92: 2725017.7 | AT92: 29319.64 | AU92: 7127.82 | AV92: 2754337.4 | AW92: 22774.09 | AX92: 156776.53
A93: 2 | B93: Consórcio Intermunicipal do Agreste Alagoano - CONAGRESTE | C93: 19.904.298/0001-92 | D93: Alagoas | E93: Nordeste | F93: 14427452 | G93: 2024442 | H93: 8322396.9 | I93: 16085025 | J93: -1657572.9 | K93: 2900341 | L93: 14427452 | M93: 48832.81 | N93: 0 | O93: 31165532 | P93: 2061795.3 | Q93: 5762218.2 | R93: 16003737 | S93: 15161795 | T93: 1811808.8 | U93: 12322616 | V93: 35420.11 | W93: 0 | X93: 5453920.4 | Y93: 2099148.7 | Z93: 5146087.2 | AA93: 25881366 | AB93: -20427445 | AC93: 663782.38 | AD93: 5453920.4 | AE93: 28934.18 | AF93: 0 | AH93: 2136502 | AQ93: 2127689
A94: 5 | B94: Consórcio Público da Saúde da Microrregião de Russas - CPSMR | C94: 11.487.835/0001-34 | D94: Ceara | E94: Nordeste | F94: 11200378 | G94: 200271 | H94: 10339597 | I94: 10351936 | J94: 848442.58 | K94: 2004322.9 | L94: 11200378 | M94: 445074.02 | N94: 0 | O94: 1639615.3 | P94: 201077.67 | Q94: 8992616.8 | R94: 9135242.8 | S94: -7495627.5 | T94: 70165.58 | U94: 1639615.3 | V94: 699839.8 | W94: 0 | X94: 9396564.4 | Y94: 201884.33 | Z94: 9479681.2 | AA94: 9795085.5 | AB94: -398521.07 | AC94: 1329916.8 | AD94: 9396564.4 | AE94: 571390.61 | AF94: 0 | AG94: 9389694.5 | AH94: 202691 | AI94: 8951935.5 | AJ94: 9173464.2 | AK94: 216230.38 | AL94: 1292740.7 | AM94: 9389694.5 | AN94: 719619.58 | AO94: 0 | AP94: 10133213 | AQ94: 202023 | AR94: 9526953.9 | AS94: 9756822.9 | AT94: 376389.95 | AU94: 1182589.9 | AV94: 10133213 | AW94: 1030899.3 | AX94: 0
A95: 6 | B95: Consórcio Público de Saúde da Microrregião Iguatu - CPSMIG | C95: 14.770.466/0001-80 | D95: Ceara | E95: Nordeste | F95: 17566147 | G95: 286441 | H95: 14281940 | I95: 14467721 | J95: 3098425.5 | K95: 4449177.9 | L95: 17566147 | M95: 1366374.9 | N95: 0 | O95: 12908748 | P95: 292516.33 | Q95: 10626208 | R95: 11432218 | S95: 1476530.1 | T95: 3180458.9 | U95: 12908748 | V95: 3345025.9 | W95: 0 | X95: 9859626.9 | Y95: 298591.67 | Z95: 10675398 | AA95: 10717550 | AB95: -857922.94 | AC95: 437436.7 | AD95: 10675398 | AE95: 2078687.6 | AF95: 0 | AG95: 9529053.2 | AH95: 304667 | AI95: 9979440.3 | AJ95: 10009111 | AK95: -480057.57 | AL95: 751278.85 | AM95: 9979440.3 | AN95: 1220990.3 | AO95: 0 | AQ95: 303687
A96: 51 | B96: Consórcio Público Intermunicipal do Agreste Pernambucano e Fronteiras - CONIAPE | C96: 15.091.751/0001-38 | D96: Pernambuco | E96: Nordeste | F96: 70088823 | G96: 593635 | H96: 66952981 | I96: 67704086 | J96: 2384737.2 | K96: 2767993.3 | L96: 70088823 | M96: 1962773 | N96: 0 | O96: 52417508 | P96: 605793.33 | Q96: 52005903 | R96: 52940787 | S96: -523278.95 | T96: 474337.79 | U96: 52417508 | V96: 1465730.8 | W96: 0 | X96: 38020918 | Y96: 617951.67 | Z96: 41237388 | AA96: 41449347 | AB96: -3428428.9 | AC96: 131800.34 | AD96: 38020918 | AE96: 1597616 | AF96: 0 | AG96: 31545393 | AH96: 630110 | AI96: 31562637 | AJ96: 31592375 | AK96: -46981.27 | AL96: 645004.69 | AM96: 31545393 | AN96: 697532.84 | AO96: 0 | AQ96: 625977
A97: 90 | B97: Consórcio Intermunicipal de Desenvolvimento do Circuito do Diamante da Chapada Diamantina - CIDCD | C97: 18.810.874/0001-70 | D97: Bahia | E97: Nordeste | G97: 307114 | O97: 10421683 | P97: 300281 | Q97: 2279644.6 | R97: 10421683 | S97: 0 | T97: 13666881 | U97: 4978970.9 | V97: 133687.28 | W97: 0 | X97: 22805880 | Y97: 293448 | Z97: 2721542.7 | AA97: 13965504 | AB97: 8840375.9 | AC97: 18778401 | AD97: 11644128 | AE97: 113634.72 | AF97: 0 | AG97: 4741371.3 | AH97: 286615 | AI97: 886153.19 | AJ97: 1139395.3 | AK97: 3601976 | AL97: 9931185.7 | AM97: 1113427.9 | AN97: 108126.37 | AO97: 0 | AQ97: 286262
A98: 94 | B98: Consórcio Público de Desenvolvimento Sustentável do Território de Identidade do Médio Sudoeste da Bahia - CDS DO COTEMESB | C98: 19.299.110/0001-24 | D98: Bahia | E98: Nordeste | G98: 267790 | O98: 1633555 | P98: 273188.33 | Q98: 1451982.8 | R98: 2121811.3 | S98: -488256.33 | U98: 772475.37 | X98: 2218385.1 | Y98: 278586.67 | Z98: 1562571.6 | AA98: 1571167.3 | AB98: 647217.79 | AC98: 684065.13 | AD98: 826394.1 | AE98: 5110.94 | AF98: 0 | AH98: 283985 | AP98: 1283933.1 | AQ98: 284034 | AR98: 1207221 | AS98: 1417533 | AT98: -133599.92 | AU98: 87164.63 | AV98: 376426.47 | AW98: 9471.57 | AX98: 0
A99: 106 | B99: Consórcio Público de Saúde Microrregião de Sobral - CPSMS | C99: 12.208.466/0001-66 | D99: Ceará | E99: Nordeste | F99: 16246564 | G99: 658665 | H99: 17701443 | I99: 17872700 | J99: -1626135.9 | K99: 5961409.2 | L99: 16246564 | M99: 852202.34 | N99: 0 | O99: 14092434 | P99: 658614 | Q99: 13409528 | R99: 13534645 | S99: 557789.3 | T99: 7894443.4 | U99: 14092434 | V99: 1.156.101,34 | | W99: 0 | X99: 12573102 | Y99: 658563 | Z99: 9220529.1 | AA99: 9220529.1 | AB99: 3352573.2 | AC99: 6605469.2 | AD99: 12573102 | AE99: 568833.22 | AF99: 0 | AG99: 11070938 | AH99: 658512 | AI99: 10795853 | AJ99: 10828866 | AK99: 242071.69 | AL99: 3621461.3 | AM99: 11070938 | AN99: 939504.31 | AO99: 0 | AP99: 11161396 | AQ99: 655053 | AR99: 11534102 | AS99: 11617466 | AT99: -456069.24 | AU99: 2564322.5 | AV99: 11161396 | AW99: 122982.09 | AX99: 0
A100: 107 | B100: Consórcio Público de Saúde da Microrregião de Acaraú - CPSMA | C100: 11.795.563/0001-30 | D100: Ceará | E100: Nordeste | F100: 10712379 | G100: 258845 | H100: 9941498.8 | I100: 10528865 | J100: -183513.33 | K100: 744248.96 | L100: 10712379 | M100: 954617.07 | N100: 0 | O100: 9738267.8 | P100: 250938.67 | Q100: 9589589.2 | R100: 10039889 | S100: -301621.29 | T100: 418141.4 | U100: 9738267.8 | V100: 903489.66 | W100: 270 | X100: 9941168.7 | Y100: 243032.33 | Z100: 9973720.2 | AA100: 10379932 | AB100: -438762.96 | AC100: 240821.57 | AD100: 9941168.7 | AE100: 468943.45 | AF100: 0 | AH100: 235126 | AQ100: 233385
...
