Workbook

Sheet Fatores determinantes
A1: ID | B1: Nome | C1: CNPJ | D1: Estado | E1: Região | F1: Idade | G1: População atendida | L1: Número de municípios consorciados | M1: Localização | N1: Quantidade de áreas de atuação | O1: Índice Firjan | S1: Saneamento Básico Censo 2022 | V1: Gasto per capita | AA1: Covid | AF1: Despesa com pessoal/Despesa Total | AK1: Produção ambulatorial per capita
G2: 2024 | H2: 2023 | I2: 2022 | J2: 2021 | K2: 2020 | O2: 2023 | P2: 2022 | Q2: 2021 | R2: 2020 | S2: Conexão a rede de esgoto (percentual) | T2: Abastecimento de água pela rede geral (percentual) | U2: Coleta de lixo (percentual) | V2: 2024 | W2: 2023 | X2: 2022 | Y2: 2021 | Z2: 2020 | AA2: 2024 | AB2: 2023 | AC2: 2022 | AD2: 2021 | AE2: 2020 | AF2: 2024 | AG2: 2023 | AH2: 2022 | AI2: 2021 | AJ2: 2020 | AK2: 2024 | AL2: 2023 | AM2: 2022 | AN2: 2021 | AO2: 2020
A3: 9 | B3: Consórcio Público da Região Polo Sul - CIM POLO SUL | C3: 02.722.566/0001-52 | D3: Espirito Santo | E3: Sudeste | F3: =_xlfn.XLOOKUP(C3,Dados!$C$3:$C$329,Dados!$D$3:$D$329,"") -> 26 | G3: =_xlfn.XLOOKUP(C3,Dados!$C$3:$C$329,Dados!$E$3:$E$329,"") -> 651242 | H3: =_xlfn.XLOOKUP(C3,Dados!$C$3:$C$329,Dados!$F$3:$F$329,"") -> 648960.33 | I3: =_xlfn.XLOOKUP(C3,Dados!$C$3:$C$329,Dados!$G$3:$G$329,"") -> 646678.67 | J3: =_xlfn.XLOOKUP(C3,Dados!$C$3:$C$329,Dados!$H$3:$H$329,"") -> 644397 | K3: =_xlfn.XLOOKUP(C3,Dados!$C$3:$C$329,Dados!$I$3:$I$329,"") -> 641058 | L3: =_xlfn.XLOOKUP(C3,Dados!$C$3:$C$329,Dados!$J$3:$J$329,"") -> 25 | M3: =_xlfn.XLOOKUP(C3,Dados!$C$3:$C$329,Dados!$K$3:$K$329,"") -> Sudeste | N3: =_xlfn.XLOOKUP(C3,Dados!$C$3:$C$329,Dados!$L$3:$L$329,"") -> 5 | O3: =_xlfn.XLOOKUP(C3,Dados!$C$3:$C$329,Dados!$M$3:$M$329,"") -> 0.69510031 | P3: =_xlfn.XLOOKUP(C3,Dados!$C$3:$C$329,Dados!$N$3:$N$329,"") -> 0.66462243 | Q3: =_xlfn.XLOOKUP(C3,Dados!$C$3:$C$329,Dados!$O$3:$O$329,"") -> 0.63967399 | R3: =_xlfn.XLOOKUP(C3,Dados!$C$3:$C$329,Dados!$P$3:$P$329,"") -> 0.61810946 | S3: =_xlfn.XLOOKUP(C3,Dados!$C$3:$C$329,Dados!$Q$3:$Q$329,"") -> 0.63968253 | T3: =_xlfn.XLOOKUP(C3,Dados!$C$3:$C$329,Dados!$R$3:$R$329,"") -> 0.77192735 | U3: =_xlfn.XLOOKUP(C3,Dados!$C$3:$C$329,Dados!$S$3:$S$329,"") -> 0.91070258 | V3: =_xlfn.XLOOKUP(C3,Dados!$C$3:$C$329,Dados!$T$3:$T$329,"") -> 1556.1984 | W3: =_xlfn.XLOOKUP(C3,Dados!$C$3:$C$329,Dados!$U$3:$U$329,"") -> 1312.0591 | X3: =_xlfn.XLOOKUP(C3,Dados!$C$3:$C$329,Dados!$V$3:$V$329,"") -> 1115.0723 | Y3: =_xlfn.XLOOKUP(C3,Dados!$C$3:$C$329,Dados!$W$3:$W$329,"") -> 892.45993 | Z3: =_xlfn.XLOOKUP(C3,Dados!$C$3:$C$329,Dados!$X$3:$X$329,"") -> 870.77725 | AF3: 0.026221197 | AG3: 0.022960779 | AH3: 0.024909386 | AI3: 0.028711454 | AJ3: 0.053752128 | AK3: {=_xlfn.XLOOKUP(C3,Dados!$C$3:$C$329,Dados!$Z$3:'Dados'!$Z$329,"")} -> 10.225099 | AL3: {=_xlfn.XLOOKUP(C3,Dados!$C$3:$C$329,Dados!$AA$3:'Dados'!$AA$329,"")} -> 9.8609571 | AM3: {=_xlfn.XLOOKUP(C3,Dados!$C$3:$C$329,Dados!$AB$3:'Dados'!$AB$329,"")} -> 8.2940234 | AN3: {=_xlfn.XLOOKUP(C3,Dados!$C$3:$C$329,Dados!$AC$3:'Dados'!$AC$329,"")} -> 6.3140936 | AO3: {=_xlfn.XLOOKUP(C3,Dados!$C$3:$C$329,Dados!$AD$3:'Dados'!$AD$329,"")} -> 5.672638
A4: 20 | B4: Consórcio Público Intermunicipal de Saúde do Alto Paranaíba - CISALP | C4: 02.319.394/0001-70 | D4: Minas Gerais | E4: Sudeste | F4: =_xlfn.XLOOKUP(C4,Dados!$C$3:$C$329,Dados!$D$3:$D$329,"") -> 26 | G4: =_xlfn.XLOOKUP(C4,Dados!$C$3:$C$329,Dados!$E$3:$E$329,"") -> 414724 | H4: =_xlfn.XLOOKUP(C4,Dados!$C$3:$C$329,Dados!$F$3:$F$329,"") -> 407151 | I4: =_xlfn.XLOOKUP(C4,Dados!$C$3:$C$329,Dados!$G$3:$G$329,"") -> 399578 | J4: =_xlfn.XLOOKUP(C4,Dados!$C$3:$C$329,Dados!$H$3:$H$329,"") -> 392005 | K4: =_xlfn.XLOOKUP(C4,Dados!$C$3:$C$329,Dados!$I$3:$I$329,"") -> 389962 | L4: =_xlfn.XLOOKUP(C4,Dados!$C$3:$C$329,Dados!$J$3:$J$329,"") -> 21 | M4: =_xlfn.XLOOKUP(C4,Dados!$C$3:$C$329,Dados!$K$3:$K$329,"") -> Sudeste | N4: =_xlfn.XLOOKUP(C4,Dados!$C$3:$C$329,Dados!$L$3:$L$329,"") -> 3 | O4: =_xlfn.XLOOKUP(C4,Dados!$C$3:$C$329,Dados!$M$3:$M$329,"") -> 0.73456061 | P4: =_xlfn.XLOOKUP(C4,Dados!$C$3:$C$329,Dados!$N$3:$N$329,"") -> 0.72957273 | Q4: =_xlfn.XLOOKUP(C4,Dados!$C$3:$C$329,Dados!$O$3:$O$329,"") -> 0.6998796 | R4: =_xlfn.XLOOKUP(C4,Dados!$C$3:$C$329,Dados!$P$3:$P$329,"") -> 0.67740975 | S4: =_xlfn.XLOOKUP(C4,Dados!$C$3:$C$329,Dados!$Q$3:$Q$329,"") -> 0.8325534 | T4: =_xlfn.XLOOKUP(C4,Dados!$C$3:$C$329,Dados!$R$3:$R$329,"") -> 0.86673089 | U4: =_xlfn.XLOOKUP(C4,Dados!$C$3:$C$329,Dados!$S$3:$S$329,"") -> 0.91337346 | V4: =_xlfn.XLOOKUP(C4,Dados!$C$3:$C$329,Dados!$T$3:$T$329,"") -> 2137.3426 | W4: =_xlfn.XLOOKUP(C4,Dados!$C$3:$C$329,Dados!$U$3:$U$329,"") -> 1904.0858 | X4: =_xlfn.XLOOKUP(C4,Dados!$C$3:$C$329,Dados!$V$3:$V$329,"") -> 1650.0873 | Y4: =_xlfn.XLOOKUP(C4,Dados!$C$3:$C$329,Dados!$W$3:$W$329,"") -> 1340.1078 | Z4: =_xlfn.XLOOKUP(C4,Dados!$C$3:$C$329,Dados!$X$3:$X$329,"") -> 1181.3131 | AF4: 0.17331953 | AG4: 0.09685608 | AH4: 0.063488302 | AI4: 0.065806083 | AJ4: 0.093623651 | AK4: {=_xlfn.XLOOKUP(C4,Dados!$C$3:$C$329,Dados!$Z$3:'Dados'!$Z$329,"")} -> 14.921425 | AL4: {=_xlfn.XLOOKUP(C4,Dados!$C$3:$C$329,Dados!$AA$3:'Dados'!$AA$329,"")} -> 11.711201 | AM4: {=_xlfn.XLOOKUP(C4,Dados!$C$3:$C$329,Dados!$AB$3:'Dados'!$AB$329,"")} -> 10.328749 | AN4: {=_xlfn.XLOOKUP(C4,Dados!$C$3:$C$329,Dados!$AC$3:'Dados'!$AC$329,"")} -> 14.223847 | AO4: {=_xlfn.XLOOKUP(C4,Dados!$C$3:$C$329,Dados!$AD$3:'Dados'!$AD$329,"")} -> 9.7380899
A5: 21 | B5: Consórcio Intermunicipal de Saúde da Mata Leste CISLESTE | C5: 00.738.236/0001-20 | D5: Minas Gerais | E5: Sudeste | F5: =_xlfn.XLOOKUP(C5,Dados!$C$3:$C$329,Dados!$D$3:$D$329,"") -> 29 | G5: =_xlfn.XLOOKUP(C5,Dados!$C$3:$C$329,Dados!$E$3:$E$329,"") -> 245780 | H5: =_xlfn.XLOOKUP(C5,Dados!$C$3:$C$329,Dados!$F$3:$F$329,"") -> 247291.67 | I5: =_xlfn.XLOOKUP(C5,Dados!$C$3:$C$329,Dados!$G$3:$G$329,"") -> 248803.33 | J5: =_xlfn.XLOOKUP(C5,Dados!$C$3:$C$329,Dados!$H$3:$H$329,"") -> 250315 | K5: =_xlfn.XLOOKUP(C5,Dados!$C$3:$C$329,Dados!$I$3:$I$329,"") -> 249466 | L5: =_xlfn.XLOOKUP(C5,Dados!$C$3:$C$329,Dados!$J$3:$J$329,"") -> 18 | M5: =_xlfn.XLOOKUP(C5,Dados!$C$3:$C$329,Dados!$K$3:$K$329,"") -> Sudeste | N5: =_xlfn.XLOOKUP(C5,Dados!$C$3:$C$329,Dados!$L$3:$L$329,"") -> 4 | O5: =_xlfn.XLOOKUP(C5,Dados!$C$3:$C$329,Dados!$M$3:$M$329,"") -> 0.66671315 | P5: =_xlfn.XLOOKUP(C5,Dados!$C$3:$C$329,Dados!$N$3:$N$329,"") -> 0.63322455 | Q5: =_xlfn.XLOOKUP(C5,Dados!$C$3:$C$329,Dados!$O$3:$O$329,"") -> 0.60292738 | R5: =_xlfn.XLOOKUP(C5,Dados!$C$3:$C$329,Dados!$P$3:$P$329,"") -> 0.58126692 | S5: =_xlfn.XLOOKUP(C5,Dados!$C$3:$C$329,Dados!$Q$3:$Q$329,"") -> 0.76760533 | T5: =_xlfn.XLOOKUP(C5,Dados!$C$3:$C$329,Dados!$R$3:$R$329,"") -> 0.80088567 | U5: =_xlfn.XLOOKUP(C5,Dados!$C$3:$C$329,Dados!$S$3:$S$329,"") -> 0.88212909 | V5: =_xlfn.XLOOKUP(C5,Dados!$C$3:$C$329,Dados!$T$3:$T$329,"") -> 2281.3406 | W5: =_xlfn.XLOOKUP(C5,Dados!$C$3:$C$329,Dados!$U$3:$U$329,"") -> 1348.7827 | X5: =_xlfn.XLOOKUP(C5,Dados!$C$3:$C$329,Dados!$V$3:$V$329,"") -> 1083.8735 | Y5: =_xlfn.XLOOKUP(C5,Dados!$C$3:$C$329,Dados!$W$3:$W$329,"") -> 952.88239 | Z5: =_xlfn.XLOOKUP(C5,Dados!$C$3:$C$329,Dados!$X$3:$X$329,"") -> 810.80912 | AF5: 0 | AG5: 0 | AH5: 0 | AI5: 0 | AJ5: 0 | AK5: {=_xlfn.XLOOKUP(C5,Dados!$C$3:$C$329,Dados!$Z$3:'Dados'!$Z$329,"")} -> 11.394674 | AL5: {=_xlfn.XLOOKUP(C5,Dados!$C$3:$C$329,Dados!$AA$3:'Dados'!$AA$329,"")} -> 2.4402925 | AM5: {=_xlfn.XLOOKUP(C5,Dados!$C$3:$C$329,Dados!$AB$3:'Dados'!$AB$329,"")} -> 1.6787838 | AN5: {=_xlfn.XLOOKUP(C5,Dados!$C$3:$C$329,Dados!$AC$3:'Dados'!$AC$329,"")} -> 1.3645886 | AO5: {=_xlfn.XLOOKUP(C5,Dados!$C$3:$C$329,Dados!$AD$3:'Dados'!$AD$329,"")} -> 2.5606536
A6: 28 | B6: Consórcio Intermunicipal de Saúde da Microrregião de Viçosa CISMIV | C6: 02.326.365/0001-36 | D6: Minas Gerais | E6: Sudeste | F6: =_xlfn.XLOOKUP(C6,Dados!$C$3:$C$329,Dados!$D$3:$D$329,"") -> 27 | G6: =_xlfn.XLOOKUP(C6,Dados!$C$3:$C$329,Dados!$E$3:$E$329,"") -> 145788 | H6: =_xlfn.XLOOKUP(C6,Dados!$C$3:$C$329,Dados!$F$3:$F$329,"") -> 146226 | I6: =_xlfn.XLOOKUP(C6,Dados!$C$3:$C$329,Dados!$G$3:$G$329,"") -> 146664 | J6: =_xlfn.XLOOKUP(C6,Dados!$C$3:$C$329,Dados!$H$3:$H$329,"") -> 147102 | K6: =_xlfn.XLOOKUP(C6,Dados!$C$3:$C$329,Dados!$I$3:$I$329,"") -> 146508 | L6: =_xlfn.XLOOKUP(C6,Dados!$C$3:$C$329,Dados!$J$3:$J$329,"") -> 10 | M6: =_xlfn.XLOOKUP(C6,Dados!$C$3:$C$329,Dados!$K$3:$K$329,"") -> Sudeste | N6: =_xlfn.XLOOKUP(C6,Dados!$C$3:$C$329,Dados!$L$3:$L$329,"") -> 2 | O6: =_xlfn.XLOOKUP(C6,Dados!$C$3:$C$329,Dados!$M$3:$M$329,"") -> 0.52408056 | P6: =_xlfn.XLOOKUP(C6,Dados!$C$3:$C$329,Dados!$N$3:$N$329,"") -> 0.53101865 | Q6: =_xlfn.XLOOKUP(C6,Dados!$C$3:$C$329,Dados!$O$3:$O$329,"") -> 0.51496867 | R6: =_xlfn.XLOOKUP(C6,Dados!$C$3:$C$329,Dados!$P$3:$P$329,"") -> 0.50601852 | S6: =_xlfn.XLOOKUP(C6,Dados!$C$3:$C$329,Dados!$Q$3:$Q$329,"") -> 0.76443516 | T6: =_xlfn.XLOOKUP(C6,Dados!$C$3:$C$329,Dados!$R$3:$R$329,"") -> 0.78975905 | U6: =_xlfn.XLOOKUP(C6,Dados!$C$3:$C$329,Dados!$S$3:$S$329,"") -> 0.9117176 | V6: =_xlfn.XLOOKUP(C6,Dados!$C$3:$C$329,Dados!$T$3:$T$329,"") -> 1999.5901 | W6: =_xlfn.XLOOKUP(C6,Dados!$C$3:$C$329,Dados!$U$3:$U$329,"") -> 1470.9841 | X6: =_xlfn.XLOOKUP(C6,Dados!$C$3:$C$329,Dados!$V$3:$V$329,"") -> 1409.3357 | Y6: =_xlfn.XLOOKUP(C6,Dados!$C$3:$C$329,Dados!$W$3:$W$329,"") -> 1240.8729 | Z6: =_xlfn.XLOOKUP(C6,Dados!$C$3:$C$329,Dados!$X$3:$X$329,"") -> 1125.3003 | AF6: 0.069677619 | AG6: 0.11417748 | AH6: 0.11934932 | AI6: 0.12941992 | AJ6: 0.19019746 | AK6: {=_xlfn.XLOOKUP(C6,Dados!$C$3:$C$329,Dados!$Z$3:'Dados'!$Z$329,"")} -> 4.8090309 | AL6: {=_xlfn.XLOOKUP(C6,Dados!$C$3:$C$329,Dados!$AA$3:'Dados'!$AA$329,"")} -> 2.2467892 | AM6: {=_xlfn.XLOOKUP(C6,Dados!$C$3:$C$329,Dados!$AB$3:'Dados'!$AB$329,"")} -> 2.3648885 | AN6: {=_xlfn.XLOOKUP(C6,Dados!$C$3:$C$329,Dados!$AC$3:'Dados'!$AC$329,"")} -> 2.2308874 | AO6: {=_xlfn.XLOOKUP(C6,Dados!$C$3:$C$329,Dados!$AD$3:'Dados'!$AD$329,"")} -> 1.7440208
A7: 29 | B7: Consórcio Intermunicipal de Saúde do Alto das Vertentes - CISALV | C7: 02.334.933/0001-40 | D7: Minas Gerais | E7: Sudeste | F7: =_xlfn.XLOOKUP(C7,Dados!$C$3:$C$329,Dados!$D$3:$D$329,"") -> 27 | G7: =_xlfn.XLOOKUP(C7,Dados!$C$3:$C$329,Dados!$E$3:$E$329,"") -> 269765 | H7: =_xlfn.XLOOKUP(C7,Dados!$C$3:$C$329,Dados!$F$3:$F$329,"") -> 273212.33 | I7: =_xlfn.XLOOKUP(C7,Dados!$C$3:$C$329,Dados!$G$3:$G$329,"") -> 276659.67 | J7: =_xlfn.XLOOKUP(C7,Dados!$C$3:$C$329,Dados!$H$3:$H$329,"") -> 280107 | K7: =_xlfn.XLOOKUP(C7,Dados!$C$3:$C$329,Dados!$I$3:$I$329,"") -> 279154 | L7: =_xlfn.XLOOKUP(C7,Dados!$C$3:$C$329,Dados!$J$3:$J$329,"") -> 21 | M7: =_xlfn.XLOOKUP(C7,Dados!$C$3:$C$329,Dados!$K$3:$K$329,"") -> Sudeste | N7: =_xlfn.XLOOKUP(C7,Dados!$C$3:$C$329,Dados!$L$3:$L$329,"") -> 3 | O7: =_xlfn.XLOOKUP(C7,Dados!$C$3:$C$329,Dados!$M$3:$M$329,"") -> 0.6644703 | P7: =_xlfn.XLOOKUP(C7,Dados!$C$3:$C$329,Dados!$N$3:$N$329,"") -> 0.65044136 | Q7: =_xlfn.XLOOKUP(C7,Dados!$C$3:$C$329,Dados!$O$3:$O$329,"") -> 0.62029869 | R7: =_xlfn.XLOOKUP(C7,Dados!$C$3:$C$329,Dados!$P$3:$P$329,"") -> 0.61296011 | S7: =_xlfn.XLOOKUP(C7,Dados!$C$3:$C$329,Dados!$Q$3:$Q$329,"") -> 0.72726548 | T7: =_xlfn.XLOOKUP(C7,Dados!$C$3:$C$329,Dados!$R$3:$R$329,"") -> 0.81197609 | U7: =_xlfn.XLOOKUP(C7,Dados!$C$3:$C$329,Dados!$S$3:$S$329,"") -> 0.90007772 | V7: =_xlfn.XLOOKUP(C7,Dados!$C$3:$C$329,Dados!$T$3:$T$329,"") -> 2169.1334 | W7: =_xlfn.XLOOKUP(C7,Dados!$C$3:$C$329,Dados!$U$3:$U$329,"") -> 1670.599 | X7: =_xlfn.XLOOKUP(C7,Dados!$C$3:$C$329,Dados!$V$3:$V$329,"") -> 1465.6304 | Y7: =_xlfn.XLOOKUP(C7,Dados!$C$3:$C$329,Dados!$W$3:$W$329,"") -> 1248.9782 | Z7: =_xlfn.XLOOKUP(C7,Dados!$C$3:$C$329,Dados!$X$3:$X$329,"") -> 1058.5287 | AF7: 0.043808758 | AG7: 0.038604255 | AH7: 0.044972003 | AI7: 0.054324279 | AJ7: 0.0658808 | AK7: {=_xlfn.XLOOKUP(C7,Dados!$C$3:$C$329,Dados!$Z$3:'Dados'!$Z$329,"")} -> 14.958201 | AL7: {=_xlfn.XLOOKUP(C7,Dados!$C$3:$C$329,Dados!$AA$3:'Dados'!$AA$329,"")} -> 9.3319689 | AM7: {=_xlfn.XLOOKUP(C7,Dados!$C$3:$C$329,Dados!$AB$3:'Dados'!$AB$329,"")} -> 6.9743162 | AN7: {=_xlfn.XLOOKUP(C7,Dados!$C$3:$C$329,Dados!$AC$3:'Dados'!$AC$329,"")} -> 5.4564577 | AO7: {=_xlfn.XLOOKUP(C7,Dados!$C$3:$C$329,Dados!$AD$3:'Dados'!$AD$329,"")} -> 5.3093705
A8: 31 | B8: Consorcio Intermunicipal de Especialidades - CIESP | C8: 07.356.999/0001-55 | D8: Minas Gerais | E8: Sudeste | F8: =_xlfn.XLOOKUP(C8,Dados!$C$3:$C$329,Dados!$D$3:$D$329,"") -> 19 | G8: =_xlfn.XLOOKUP(C8,Dados!$C$3:$C$329,Dados!$E$3:$E$329,"") -> 222172 | H8: =_xlfn.XLOOKUP(C8,Dados!$C$3:$C$329,Dados!$F$3:$F$329,"") -> 220297.33 | I8: =_xlfn.XLOOKUP(C8,Dados!$C$3:$C$329,Dados!$G$3:$G$329,"") -> 218422.67 | J8: =_xlfn.XLOOKUP(C8,Dados!$C$3:$C$329,Dados!$H$3:$H$329,"") -> 216548 | K8: =_xlfn.XLOOKUP(C8,Dados!$C$3:$C$329,Dados!$I$3:$I$329,"") -> 215323 | L8: =_xlfn.XLOOKUP(C8,Dados!$C$3:$C$329,Dados!$J$3:$J$329,"") -> 12 | M8: =_xlfn.XLOOKUP(C8,Dados!$C$3:$C$329,Dados!$K$3:$K$329,"") -> Sudeste | N8: =_xlfn.XLOOKUP(C8,Dados!$C$3:$C$329,Dados!$L$3:$L$329,"") -> 3 | O8: =_xlfn.XLOOKUP(C8,Dados!$C$3:$C$329,Dados!$M$3:$M$329,"") -> 0.7581806 | P8: =_xlfn.XLOOKUP(C8,Dados!$C$3:$C$329,Dados!$N$3:$N$329,"") -> 0.72932984 | Q8: =_xlfn.XLOOKUP(C8,Dados!$C$3:$C$329,Dados!$O$3:$O$329,"") -> 0.71287227 | R8: =_xlfn.XLOOKUP(C8,Dados!$C$3:$C$329,Dados!$P$3:$P$329,"") -> 0.69677622 | S8: =_xlfn.XLOOKUP(C8,Dados!$C$3:$C$329,Dados!$Q$3:$Q$329,"") -> 0.92302218 | T8: =_xlfn.XLOOKUP(C8,Dados!$C$3:$C$329,Dados!$R$3:$R$329,"") -> 0.9470063 | U8: =_xlfn.XLOOKUP(C8,Dados!$C$3:$C$329,Dados!$S$3:$S$329,"") -> 0.97906319 | V8: =_xlfn.XLOOKUP(C8,Dados!$C$3:$C$329,Dados!$T$3:$T$329,"") -> 2687.3098 | W8: =_xlfn.XLOOKUP(C8,Dados!$C$3:$C$329,Dados!$U$3:$U$329,"") -> 2137.6043 | X8: =_xlfn.XLOOKUP(C8,Dados!$C$3:$C$329,Dados!$V$3:$V$329,"") -> 1709.4515 | Y8: =_xlfn.XLOOKUP(C8,Dados!$C$3:$C$329,Dados!$W$3:$W$329,"") -> 1475.8375 | Z8: =_xlfn.XLOOKUP(C8,Dados!$C$3:$C$329,Dados!$X$3:$X$329,"") -> 1538.4031 | AF8: 0.11487929 | AG8: 0.15125953 | AH8: 0.19195704 | AI8: 0.20859351 | AJ8: 0.26024391 | AK8: {=_xlfn.XLOOKUP(C8,Dados!$C$3:$C$329,Dados!$Z$3:'Dados'!$Z$329,"")} -> 15.439902 | AL8: {=_xlfn.XLOOKUP(C8,Dados!$C$3:$C$329,Dados!$AA$3:'Dados'!$AA$329,"")} -> 13.690447 | AM8: {=_xlfn.XLOOKUP(C8,Dados!$C$3:$C$329,Dados!$AB$3:'Dados'!$AB$329,"")} -> 14.649936 | AN8: {=_xlfn.XLOOKUP(C8,Dados!$C$3:$C$329,Dados!$AC$3:'Dados'!$AC$329,"")} -> 12.691228 | AO8: {=_xlfn.XLOOKUP(C8,Dados!$C$3:$C$329,Dados!$AD$3:'Dados'!$AD$329,"")} -> 11.04092
A9: 33 | B9: Consórcio Público Intermunicipal de Saúde do Triângulo Mineiro CISTM | C9: 18.151.467/0001-06 | D9: Minas Gerais | E9: Sudeste | F9: =_xlfn.XLOOKUP(C9,Dados!$C$3:$C$329,Dados!$D$3:$D$329,"") -> 11 | G9: =_xlfn.XLOOKUP(C9,Dados!$C$3:$C$329,Dados!$E$3:$E$329,"") -> 481897 | H9: =_xlfn.XLOOKUP(C9,Dados!$C$3:$C$329,Dados!$F$3:$F$329,"") -> 480386.67 | I9: =_xlfn.XLOOKUP(C9,Dados!$C$3:$C$329,Dados!$G$3:$G$329,"") -> 478876.33 | J9: =_xlfn.XLOOKUP(C9,Dados!$C$3:$C$329,Dados!$H$3:$H$329,"") -> 477366 | K9: =_xlfn.XLOOKUP(C9,Dados!$C$3:$C$329,Dados!$I$3:$I$329,"") -> 475413 | L9: =_xlfn.XLOOKUP(C9,Dados!$C$3:$C$329,Dados!$J$3:$J$329,"") -> 22 | M9: =_xlfn.XLOOKUP(C9,Dados!$C$3:$C$329,Dados!$K$3:$K$329,"") -> Sudeste | N9: =_xlfn.XLOOKUP(C9,Dados!$C$3:$C$329,Dados!$L$3:$L$329,"") -> 2 | O9: =_xlfn.XLOOKUP(C9,Dados!$C$3:$C$329,Dados!$M$3:$M$329,"") -> 0.71612996 | P9: =_xlfn.XLOOKUP(C9,Dados!$C$3:$C$329,Dados!$N$3:$N$329,"") -> 0.69920697 | Q9: =_xlfn.XLOOKUP(C9,Dados!$C$3:$C$329,Dados!$O$3:$O$329,"") -> 0.67172318 | R9: =_xlfn.XLOOKUP(C9,Dados!$C$3:$C$329,Dados!$P$3:$P$329,"") -> 0.65311832 | S9: =_xlfn.XLOOKUP(C9,Dados!$C$3:$C$329,Dados!$Q$3:$Q$329,"") -> 0.84101671 | T9: =_xlfn.XLOOKUP(C9,Dados!$C$3:$C$329,Dados!$R$3:$R$329,"") -> 0.87508797 | U9: =_xlfn.XLOOKUP(C9,Dados!$C$3:$C$329,Dados!$S$3:$S$329,"") -> 0.92191571 | V9: =_xlfn.XLOOKUP(C9,Dados!$C$3:$C$329,Dados!$T$3:$T$329,"") -> 2255.4274 | W9: =_xlfn.XLOOKUP(C9,Dados!$C$3:$C$329,Dados!$U$3:$U$329,"") -> 1823.7467 | X9: =_xlfn.XLOOKUP(C9,Dados!$C$3:$C$329,Dados!$V$3:$V$329,"") -> 1536.8933 | Y9: =_xlfn.XLOOKUP(C9,Dados!$C$3:$C$329,Dados!$W$3:$W$329,"") -> 1314.981 | Z9: =_xlfn.XLOOKUP(C9,Dados!$C$3:$C$329,Dados!$X$3:$X$329,"") -> 1097.1187 | AF9: #DIV/0! | AG9: #DIV/0! | AH9: #DIV/0! | AI9: 0.061396425 | AJ9: 0.076463768 | AK9: {=_xlfn.XLOOKUP(C9,Dados!$C$3:$C$329,Dados!$Z$3:'Dados'!$Z$329,"")} -> 15.444942 | AL9: {=_xlfn.XLOOKUP(C9,Dados!$C$3:$C$329,Dados!$AA$3:'Dados'!$AA$329,"")} -> 12.262455 | AM9: {=_xlfn.XLOOKUP(C9,Dados!$C$3:$C$329,Dados!$AB$3:'Dados'!$AB$329,"")} -> 8.3966188 | AN9: {=_xlfn.XLOOKUP(C9,Dados!$C$3:$C$329,Dados!$AC$3:'Dados'!$AC$329,"")} -> 6.8531357 | AO9: {=_xlfn.XLOOKUP(C9,Dados!$C$3:$C$329,Dados!$AD$3:'Dados'!$AD$329,"")} -> 8.6757072
A10: 36 | B10: Consórcio Intermunicipal de Saúde da Rede de Urgência e Emergência da Região Ampliada do Noroeste CISREUNO | C10: 20.433.216/0001-58 | D10: Minas Gerais | E10: Sudeste | F10: =_xlfn.XLOOKUP(C10,Dados!$C$3:$C$329,Dados!$D$3:$D$329,"") -> 10 | G10: =_xlfn.XLOOKUP(C10,Dados!$C$3:$C$329,Dados!$E$3:$E$329,"") -> 741869 | H10: =_xlfn.XLOOKUP(C10,Dados!$C$3:$C$329,Dados!$F$3:$F$329,"") -> 732635 | I10: =_xlfn.XLOOKUP(C10,Dados!$C$3:$C$329,Dados!$G$3:$G$329,"") -> 723401 | J10: =_xlfn.XLOOKUP(C10,Dados!$C$3:$C$329,Dados!$H$3:$H$329,"") -> 714167 | K10: =_xlfn.XLOOKUP(C10,Dados!$C$3:$C$329,Dados!$I$3:$I$329,"") -> 710130 | L10: =_xlfn.XLOOKUP(C10,Dados!$C$3:$C$329,Dados!$J$3:$J$329,"") -> 33 | M10: =_xlfn.XLOOKUP(C10,Dados!$C$3:$C$329,Dados!$K$3:$K$329,"") -> Sudeste | N10: =_xlfn.XLOOKUP(C10,Dados!$C$3:$C$329,Dados!$L$3:$L$329,"") -> 3 | O10: =_xlfn.XLOOKUP(C10,Dados!$C$3:$C$329,Dados!$M$3:$M$329,"") -> 0.72014027 | P10: =_xlfn.XLOOKUP(C10,Dados!$C$3:$C$329,Dados!$N$3:$N$329,"") -> 0.70657689 | Q10: =_xlfn.XLOOKUP(C10,Dados!$C$3:$C$329,Dados!$O$3:$O$329,"") -> 0.68091031 | R10: =_xlfn.XLOOKUP(C10,Dados!$C$3:$C$329,Dados!$P$3:$P$329,"") -> 0.65298746 | S10: =_xlfn.XLOOKUP(C10,Dados!$C$3:$C$329,Dados!$Q$3:$Q$329,"") -> 0.74286126 | T10: =_xlfn.XLOOKUP(C10,Dados!$C$3:$C$329,Dados!$R$3:$R$329,"") -> 0.82005461 | U10: =_xlfn.XLOOKUP(C10,Dados!$C$3:$C$329,Dados!$S$3:$S$329,"") -> 0.88223314 | V10: =_xlfn.XLOOKUP(C10,Dados!$C$3:$C$329,Dados!$T$3:$T$329,"") -> 2160.5564 | W10: =_xlfn.XLOOKUP(C10,Dados!$C$3:$C$329,Dados!$U$3:$U$329,"") -> 1948.135 | X10: =_xlfn.XLOOKUP(C10,Dados!$C$3:$C$329,Dados!$V$3:$V$329,"") -> 1650.5337 | Y10: =_xlfn.XLOOKUP(C10,Dados!$C$3:$C$329,Dados!$W$3:$W$329,"") -> 1369.5763 | Z10: =_xlfn.XLOOKUP(C10,Dados!$C$3:$C$329,Dados!$X$3:$X$329,"") -> 1188.1849 | AF10: 0.8155101 | AG10: 0.83499415 | AH10: 0.15381227 | AI10: #DIV/0! | AJ10: #DIV/0! | AK10: {=_xlfn.XLOOKUP(C10,Dados!$C$3:$C$329,Dados!$Z$3:'Dados'!$Z$329,"")} -> 15.03655 | AL10: {=_xlfn.XLOOKUP(C10,Dados!$C$3:$C$329,Dados!$AA$3:'Dados'!$AA$329,"")} -> 11.443091 | AM10: {=_xlfn.XLOOKUP(C10,Dados!$C$3:$C$329,Dados!$AB$3:'Dados'!$AB$329,"")} -> 11.339539 | AN10: {=_xlfn.XLOOKUP(C10,Dados!$C$3:$C$329,Dados!$AC$3:'Dados'!$AC$329,"")} -> 11.441906 | AO10: {=_xlfn.XLOOKUP(C10,Dados!$C$3:$C$329,Dados!$AD$3:'Dados'!$AD$329,"")} -> 9.7204441
A11: 37 | B11: Consórcio Intermunicipal Multifinalitário do Vale de Paraibuna - CIMPAR | C11: 21.565.740/0001-45 | D11: Minas Gerais | E11: Sudeste | F11: =_xlfn.XLOOKUP(C11,Dados!$C$3:$C$329,Dados!$D$3:$D$329,"") -> 10 | G11: =_xlfn.XLOOKUP(C11,Dados!$C$3:$C$329,Dados!$E$3:$E$329,"") -> 684595 | H11: =_xlfn.XLOOKUP(C11,Dados!$C$3:$C$329,Dados!$F$3:$F$329,"") -> 688660.67 | I11: =_xlfn.XLOOKUP(C11,Dados!$C$3:$C$329,Dados!$G$3:$G$329,"") -> 692726.33 | J11: =_xlfn.XLOOKUP(C11,Dados!$C$3:$C$329,Dados!$H$3:$H$329,"") -> 696792 | K11: =_xlfn.XLOOKUP(C11,Dados!$C$3:$C$329,Dados!$I$3:$I$329,"") -> 692272 | L11: =_xlfn.XLOOKUP(C11,Dados!$C$3:$C$329,Dados!$J$3:$J$329,"") -> 17 | M11: =_xlfn.XLOOKUP(C11,Dados!$C$3:$C$329,Dados!$K$3:$K$329,"") -> Sudeste | N11: =_xlfn.XLOOKUP(C11,Dados!$C$3:$C$329,Dados!$L$3:$L$329,"") -> 21 | O11: =_xlfn.XLOOKUP(C11,Dados!$C$3:$C$329,Dados!$M$3:$M$329,"") -> 0.72124588 | P11: =_xlfn.XLOOKUP(C11,Dados!$C$3:$C$329,Dados!$N$3:$N$329,"") -> 0.69254276 | Q11: =_xlfn.XLOOKUP(C11,Dados!$C$3:$C$329,Dados!$O$3:$O$329,"") -> 0.67192903 | R11: =_xlfn.XLOOKUP(C11,Dados!$C$3:$C$329,Dados!$P$3:$P$329,"") -> 0.67184266 | S11: =_xlfn.XLOOKUP(C11,Dados!$C$3:$C$329,Dados!$Q$3:$Q$329,"") -> 0.90729025 | T11: =_xlfn.XLOOKUP(C11,Dados!$C$3:$C$329,Dados!$R$3:$R$329,"") -> 0.94095576 | U11: =_xlfn.XLOOKUP(C11,Dados!$C$3:$C$329,Dados!$S$3:$S$329,"") -> 0.98273728 | V11: =_xlfn.XLOOKUP(C11,Dados!$C$3:$C$329,Dados!$T$3:$T$329,"") -> 2029.5979 | W11: =_xlfn.XLOOKUP(C11,Dados!$C$3:$C$329,Dados!$U$3:$U$329,"") -> 1538.4237 | X11: =_xlfn.XLOOKUP(C11,Dados!$C$3:$C$329,Dados!$V$3:$V$329,"") -> 1365.4828 | Y11: =_xlfn.XLOOKUP(C11,Dados!$C$3:$C$329,Dados!$W$3:$W$329,"") -> 1378.9161 | Z11: =_xlfn.XLOOKUP(C11,Dados!$C$3:$C$329,Dados!$X$3:$X$329,"") -> 1212.4931 | AF11: 0.044889093 | AG11: 0.055106257 | AH11: #DIV/0! | AI11: #DIV/0! | AJ11: #DIV/0! | AK11: {=_xlfn.XLOOKUP(C11,Dados!$C$3:$C$329,Dados!$Z$3:'Dados'!$Z$329,"")} -> 13.745612 | AL11: {=_xlfn.XLOOKUP(C11,Dados!$C$3:$C$329,Dados!$AA$3:'Dados'!$AA$329,"")} -> 11.525023 | AM11: {=_xlfn.XLOOKUP(C11,Dados!$C$3:$C$329,Dados!$AB$3:'Dados'!$AB$329,"")} -> 11.814195 | AN11: {=_xlfn.XLOOKUP(C11,Dados!$C$3:$C$329,Dados!$AC$3:'Dados'!$AC$329,"")} -> 10.451064 | AO11: {=_xlfn.XLOOKUP(C11,Dados!$C$3:$C$329,Dados!$AD$3:'Dados'!$AD$329,"")} -> 8.2462168
A12: 39 | B12: Consórcio Intermunicipal de Saúde do Médio Espinhaço CISAME | C12: 31.974.558/0001-00 | D12: Minas Gerais | E12: Sudeste | F12: =_xlfn.XLOOKUP(C12,Dados!$C$3:$C$329,Dados!$D$3:$D$329,"") -> 6 | G12: =_xlfn.XLOOKUP(C12,Dados!$C$3:$C$329,Dados!$E$3:$E$329,"") -> 33627 | H12: =_xlfn.XLOOKUP(C12,Dados!$C$3:$C$329,Dados!$F$3:$F$329,"") -> 30911 | I12: =_xlfn.XLOOKUP(C12,Dados!$C$3:$C$329,Dados!$G$3:$G$329,"") -> 28195 | J12: =_xlfn.XLOOKUP(C12,Dados!$C$3:$C$329,Dados!$H$3:$H$329,"") -> 25479 | K12: =_xlfn.XLOOKUP(C12,Dados!$C$3:$C$329,Dados!$I$3:$I$329,"") -> 25559 | L12: =_xlfn.XLOOKUP(C12,Dados!$C$3:$C$329,Dados!$J$3:$J$329,"") -> 3 | M12: =_xlfn.XLOOKUP(C12,Dados!$C$3:$C$329,Dados!$K$3:$K$329,"") -> Sudeste | N12: =_xlfn.XLOOKUP(C12,Dados!$C$3:$C$329,Dados!$L$3:$L$329,"") -> 4 | O12: =_xlfn.XLOOKUP(C12,Dados!$C$3:$C$329,Dados!$M$3:$M$329,"") -> 0.64229389 | P12: =_xlfn.XLOOKUP(C12,Dados!$C$3:$C$329,Dados!$N$3:$N$329,"") -> 0.65978765 | Q12: =_xlfn.XLOOKUP(C12,Dados!$C$3:$C$329,Dados!$O$3:$O$329,"") -> 0.64130044 | R12: =_xlfn.XLOOKUP(C12,Dados!$C$3:$C$329,Dados!$P$3:$P$329,"") -> 0.58363937 | S12: =_xlfn.XLOOKUP(C12,Dados!$C$3:$C$329,Dados!$Q$3:$Q$329,"") -> 0.58345369 | T12: =_xlfn.XLOOKUP(C12,Dados!$C$3:$C$329,Dados!$R$3:$R$329,"") -> 0.64852875 | U12: =_xlfn.XLOOKUP(C12,Dados!$C$3:$C$329,Dados!$S$3:$S$329,"") -> 0.79824167 | V12: =_xlfn.XLOOKUP(C12,Dados!$C$3:$C$329,Dados!$T$3:$T$329,"") -> 4637.2651 | W12: =_xlfn.XLOOKUP(C12,Dados!$C$3:$C$329,Dados!$U$3:$U$329,"") -> 4561.9329 | X12: =_xlfn.XLOOKUP(C12,Dados!$C$3:$C$329,Dados!$V$3:$V$329,"") -> 3660.3695 | Y12: =_xlfn.XLOOKUP(C12,Dados!$C$3:$C$329,Dados!$W$3:$W$329,"") -> 2306.8217 | Z12: =_xlfn.XLOOKUP(C12,Dados!$C$3:$C$329,Dados!$X$3:$X$329,"") -> 2348.3117 | AF12: 0.23285206 | AG12: 0.25634828 | AH12: 0.32740417 | AI12: #DIV/0! | AJ12: #DIV/0! | AK12: {=_xlfn.XLOOKUP(C12,Dados!$C$3:$C$329,Dados!$Z$3:'Dados'!$Z$329,"")} -> 32.211556 | AL12: {=_xlfn.XLOOKUP(C12,Dados!$C$3:$C$329,Dados!$AA$3:'Dados'!$AA$329,"")} -> 2.6832519 | AM12: {=_xlfn.XLOOKUP(C12,Dados!$C$3:$C$329,Dados!$AB$3:'Dados'!$AB$329,"")} -> 0.6576698 | AN12: {=_xlfn.XLOOKUP(C12,Dados!$C$3:$C$329,Dados!$AC$3:'Dados'!$AC$329,"")} -> 0.14580635 | AO12: {=_xlfn.XLOOKUP(C12,Dados!$C$3:$C$329,Dados!$AD$3:'Dados'!$AD$329,"")} -> 0.42845964
A13: 41 | B13: Consórcio Intermunicipal de Saúde do Sistema Microrregional de Saúde de São Lourenço Cis Circuito das Águas | C13: 71.203.715/0001-90 | D13: Minas Gerais | E13: Sudeste | F13: =_xlfn.XLOOKUP(C13,Dados!$C$3:$C$329,Dados!$D$3:$D$329,"") -> 30 | G13: =_xlfn.XLOOKUP(C13,Dados!$C$3:$C$329,Dados!$E$3:$E$329,"") -> 181291 | H13: =_xlfn.XLOOKUP(C13,Dados!$C$3:$C$329,Dados!$F$3:$F$329,"") -> 204109 | I13: =_xlfn.XLOOKUP(C13,Dados!$C$3:$C$329,Dados!$G$3:$G$329,"") -> 203766 | J13: =_xlfn.XLOOKUP(C13,Dados!$C$3:$C$329,Dados!$H$3:$H$329,"") -> 203423 | K13: =_xlfn.XLOOKUP(C13,Dados!$C$3:$C$329,Dados!$I$3:$I$329,"") -> 179367 | L13: =_xlfn.XLOOKUP(C13,Dados!$C$3:$C$329,Dados!$J$3:$J$329,"") -> 15 | M13: =_xlfn.XLOOKUP(C13,Dados!$C$3:$C$329,Dados!$K$3:$K$329,"") -> Sudeste | N13: =_xlfn.XLOOKUP(C13,Dados!$C$3:$C$329,Dados!$L$3:$L$329,"") -> 3 | O13: =_xlfn.XLOOKUP(C13,Dados!$C$3:$C$329,Dados!$M$3:$M$329,"") -> 0.68217748 | P13: =_xlfn.XLOOKUP(C13,Dados!$C$3:$C$329,Dados!$N$3:$N$329,"") -> 0.68772381 | Q13: =_xlfn.XLOOKUP(C13,Dados!$C$3:$C$329,Dados!$O$3:$O$329,"") -> 0.64258933 | R13: =_xlfn.XLOOKUP(C13,Dados!$C$3:$C$329,Dados!$P$3:$P$329,"") -> 0.63239537 | S13: =_xlfn.XLOOKUP(C13,Dados!$C$3:$C$329,Dados!$Q$3:$Q$329,"") -> 0.77389036 | T13: =_xlfn.XLOOKUP(C13,Dados!$C$3:$C$329,Dados!$R$3:$R$329,"") -> 0.83255165 | U13: =_xlfn.XLOOKUP(C13,Dados!$C$3:$C$329,Dados!$S$3:$S$329,"") -> 0.95092061 | V13: =_xlfn.XLOOKUP(C13,Dados!$C$3:$C$329,Dados!$T$3:$T$329,"") -> 1625.0679 | W13: =_xlfn.XLOOKUP(C13,Dados!$C$3:$C$329,Dados!$U$3:$U$329,"") -> 1356.5362 | X13: =_xlfn.XLOOKUP(C13,Dados!$C$3:$C$329,Dados!$V$3:$V$329,"") -> 1161.4539 | Y13: =_xlfn.XLOOKUP(C13,Dados!$C$3:$C$329,Dados!$W$3:$W$329,"") -> 976.90617 | Z13: =_xlfn.XLOOKUP(C13,Dados!$C$3:$C$329,Dados!$X$3:$X$329,"") -> 850.94158 | AF13: 0.098188462 | AG13: 0.11922299 | AH13: 0.13696305 | AI13: 0.15852789 | AJ13: 0.17116484 | AK13: {=_xlfn.XLOOKUP(C13,Dados!$C$3:$C$329,Dados!$Z$3:'Dados'!$Z$329,"")} -> 15.60404 | AL13: {=_xlfn.XLOOKUP(C13,Dados!$C$3:$C$329,Dados!$AA$3:'Dados'!$AA$329,"")} -> 14.503991 | AM13: {=_xlfn.XLOOKUP(C13,Dados!$C$3:$C$329,Dados!$AB$3:'Dados'!$AB$329,"")} -> 9.1464409 | AN13: {=_xlfn.XLOOKUP(C13,Dados!$C$3:$C$329,Dados!$AC$3:'Dados'!$AC$329,"")} -> 5.9894649 | AO13: {=_xlfn.XLOOKUP(C13,Dados!$C$3:$C$329,Dados!$AD$3:'Dados'!$AD$329,"")} -> 4.9261458
A14: 53 | B14: Consórcio Intermunicipal de Desenvolvimento da Região Leste Fluminense - CONLESTE | C14: 08.932.750/0001-03 | D14: Rio de Janeiro | E14: Sudeste | F14: =_xlfn.XLOOKUP(C14,Dados!$C$3:$C$329,Dados!$D$3:$D$329,"") -> 18 | G14: =_xlfn.XLOOKUP(C14,Dados!$C$3:$C$329,Dados!$E$3:$E$329,"") -> 3411903 | H14: =_xlfn.XLOOKUP(C14,Dados!$C$3:$C$329,Dados!$F$3:$F$329,"") -> 3443825.7 | I14: =_xlfn.XLOOKUP(C14,Dados!$C$3:$C$329,Dados!$G$3:$G$329,"") -> 3475748.3 | J14: =_xlfn.XLOOKUP(C14,Dados!$C$3:$C$329,Dados!$H$3:$H$329,"") -> 3507671 | K14: =_xlfn.XLOOKUP(C14,Dados!$C$3:$C$329,Dados!$I$3:$I$329,"") -> 3479924 | L14: =_xlfn.XLOOKUP(C14,Dados!$C$3:$C$329,Dados!$J$3:$J$329,"") -> 17 | M14: =_xlfn.XLOOKUP(C14,Dados!$C$3:$C$329,Dados!$K$3:$K$329,"") -> Sudeste | N14: =_xlfn.XLOOKUP(C14,Dados!$C$3:$C$329,Dados!$L$3:$L$329,"") -> 26 | O14: =_xlfn.XLOOKUP(C14,Dados!$C$3:$C$329,Dados!$M$3:$M$329,"") -> 0.5987965 | P14: =_xlfn.XLOOKUP(C14,Dados!$C$3:$C$329,Dados!$N$3:$N$329,"") -> 0.58487979 | Q14: =_xlfn.XLOOKUP(C14,Dados!$C$3:$C$329,Dados!$O$3:$O$329,"") -> 0.5694628 | R14: =_xlfn.XLOOKUP(C14,Dados!$C$3:$C$329,Dados!$P$3:$P$329,"") -> 0.55150972 | S14: =_xlfn.XLOOKUP(C14,Dados!$C$3:$C$329,Dados!$Q$3:$Q$329,"") -> 0.71193285 | T14: =_xlfn.XLOOKUP(C14,Dados!$C$3:$C$329,Dados!$R$3:$R$329,"") -> 0.73115632 | U14: =_xlfn.XLOOKUP(C14,Dados!$C$3:$C$329,Dados!$S$3:$S$329,"") -> 0.97656443 | V14: =_xlfn.XLOOKUP(C14,Dados!$C$3:$C$329,Dados!$T$3:$T$329,"") -> 2018.6443 | W14: =_xlfn.XLOOKUP(C14,Dados!$C$3:$C$329,Dados!$U$3:$U$329,"") -> 1698.2709 | X14: =_xlfn.XLOOKUP(C14,Dados!$C$3:$C$329,Dados!$V$3:$V$329,"") -> 1382.9203 | Y14: =_xlfn.XLOOKUP(C14,Dados!$C$3:$C$329,Dados!$W$3:$W$329,"") -> 1153.0198 | Z14: =_xlfn.XLOOKUP(C14,Dados!$C$3:$C$329,Dados!$X$3:$X$329,"") -> 1021.9029 | AF14: 0.84839014 | AG14: 0.84248048 | AH14: 0.82883907 | AI14: 0.77887566 | AJ14: 0.89588678 | AK14: {=_xlfn.XLOOKUP(C14,Dados!$C$3:$C$329,Dados!$Z$3:'Dados'!$Z$329,"")} -> 21.022509 | AL14: {=_xlfn.XLOOKUP(C14,Dados!$C$3:$C$329,Dados!$AA$3:'Dados'!$AA$329,"")} -> 18.246891 | AM14: {=_xlfn.XLOOKUP(C14,Dados!$C$3:$C$329,Dados!$AB$3:'Dados'!$AB$329,"")} -> 16.245635 | AN14: {=_xlfn.XLOOKUP(C14,Dados!$C$3:$C$329,Dados!$AC$3:'Dados'!$AC$329,"")} -> 13.432322 | AO14: {=_xlfn.XLOOKUP(C14,Dados!$C$3:$C$329,Dados!$AD$3:'Dados'!$AD$329,"")} -> 11.330609
A15: 71 | B15: Consórcio Intermunicipal de Serviços da Nova Alta Paulista - CISNAP | C15: 02.655.907/0001-14 | D15: São Paulo | E15: Sudeste | F15: =_xlfn.XLOOKUP(C15,Dados!$C$3:$C$329,Dados!$D$3:$D$329,"") -> 26 | G15: =_xlfn.XLOOKUP(C15,Dados!$C$3:$C$329,Dados!$E$3:$E$329,"") -> 144913 | H15: =_xlfn.XLOOKUP(C15,Dados!$C$3:$C$329,Dados!$F$3:$F$329,"") -> 145326 | I15: =_xlfn.XLOOKUP(C15,Dados!$C$3:$C$329,Dados!$G$3:$G$329,"") -> 145739 | J15: =_xlfn.XLOOKUP(C15,Dados!$C$3:$C$329,Dados!$H$3:$H$329,"") -> 146152 | K15: =_xlfn.XLOOKUP(C15,Dados!$C$3:$C$329,Dados!$I$3:$I$329,"") -> 145349 | L15: =_xlfn.XLOOKUP(C15,Dados!$C$3:$C$329,Dados!$J$3:$J$329,"") -> 11 | M15: =_xlfn.XLOOKUP(C15,Dados!$C$3:$C$329,Dados!$K$3:$K$329,"") -> Sudeste | N15: =_xlfn.XLOOKUP(C15,Dados!$C$3:$C$329,Dados!$L$3:$L$329,"") -> 25 | O15: =_xlfn.XLOOKUP(C15,Dados!$C$3:$C$329,Dados!$M$3:$M$329,"") -> 0.76293708 | P15: =_xlfn.XLOOKUP(C15,Dados!$C$3:$C$329,Dados!$N$3:$N$329,"") -> 0.72018322 | Q15: =_xlfn.XLOOKUP(C15,Dados!$C$3:$C$329,Dados!$O$3:$O$329,"") -> 0.69467456 | R15: =_xlfn.XLOOKUP(C15,Dados!$C$3:$C$329,Dados!$P$3:$P$329,"") -> 0.68944849 | S15: =_xlfn.XLOOKUP(C15,Dados!$C$3:$C$329,Dados!$Q$3:$Q$329,"") -> 0.88967042 | T15: =_xlfn.XLOOKUP(C15,Dados!$C$3:$C$329,Dados!$R$3:$R$329,"") -> 0.93462577 | U15: =_xlfn.XLOOKUP(C15,Dados!$C$3:$C$329,Dados!$S$3:$S$329,"") -> 0.9590744 | V15: =_xlfn.XLOOKUP(C15,Dados!$C$3:$C$329,Dados!$T$3:$T$329,"") -> 1823.2505 | W15: =_xlfn.XLOOKUP(C15,Dados!$C$3:$C$329,Dados!$U$3:$U$329,"") -> 1645.3946 | X15: =_xlfn.XLOOKUP(C15,Dados!$C$3:$C$329,Dados!$V$3:$V$329,"") -> 1314.4106 | Y15: =_xlfn.XLOOKUP(C15,Dados!$C$3:$C$329,Dados!$W$3:$W$329,"") -> 1169.1542 | Z15: =_xlfn.XLOOKUP(C15,Dados!$C$3:$C$329,Dados!$X$3:$X$329,"") -> 1092.1156 | AF15: 0.011928232 | AG15: 0.010043134 | AH15: 0.046387794 | AI15: 0.049609441 | AJ15: #DIV/0! | AK15: {=_xlfn.XLOOKUP(C15,Dados!$C$3:$C$329,Dados!$Z$3:'Dados'!$Z$329,"")} -> 17.776631 | AL15: {=_xlfn.XLOOKUP(C15,Dados!$C$3:$C$329,Dados!$AA$3:'Dados'!$AA$329,"")} -> 19.124782 | AM15: {=_xlfn.XLOOKUP(C15,Dados!$C$3:$C$329,Dados!$AB$3:'Dados'!$AB$329,"")} -> 17.728638 | AN15: {=_xlfn.XLOOKUP(C15,Dados!$C$3:$C$329,Dados!$AC$3:'Dados'!$AC$329,"")} -> 13.856341 | AO15: {=_xlfn.XLOOKUP(C15,Dados!$C$3:$C$329,Dados!$AD$3:'Dados'!$AD$329,"")} -> 13.827436
A16: 73 | B16: Consórcio Público Intermunicipal de Saúde da Região de Jales - CONSIRJ | C16: 04.685.273/0001-78 | D16: São Paulo | E16: Sudeste | F16: =_xlfn.XLOOKUP(C16,Dados!$C$3:$C$329,Dados!$D$3:$D$329,"") -> 23 | G16: =_xlfn.XLOOKUP(C16,Dados!$C$3:$C$329,Dados!$E$3:$E$329,"") -> 156029 | H16: =_xlfn.XLOOKUP(C16,Dados!$C$3:$C$329,Dados!$F$3:$F$329,"") -> 156617 | I16: =_xlfn.XLOOKUP(C16,Dados!$C$3:$C$329,Dados!$G$3:$G$329,"") -> 157205 | J16: =_xlfn.XLOOKUP(C16,Dados!$C$3:$C$329,Dados!$H$3:$H$329,"") -> 157793 | K16: =_xlfn.XLOOKUP(C16,Dados!$C$3:$C$329,Dados!$I$3:$I$329,"") -> 157579 | L16: =_xlfn.XLOOKUP(C16,Dados!$C$3:$C$329,Dados!$J$3:$J$329,"") -> 16 | M16: =_xlfn.XLOOKUP(C16,Dados!$C$3:$C$329,Dados!$K$3:$K$329,"") -> Sudeste | N16: =_xlfn.XLOOKUP(C16,Dados!$C$3:$C$329,Dados!$L$3:$L$329,"") -> 3 | O16: =_xlfn.XLOOKUP(C16,Dados!$C$3:$C$329,Dados!$M$3:$M$329,"") -> 0.69895181 | P16: =_xlfn.XLOOKUP(C16,Dados!$C$3:$C$329,Dados!$N$3:$N$329,"") -> 0.65878188 | Q16: =_xlfn.XLOOKUP(C16,Dados!$C$3:$C$329,Dados!$O$3:$O$329,"") -> 0.64871904 | R16: =_xlfn.XLOOKUP(C16,Dados!$C$3:$C$329,Dados!$P$3:$P$329,"") -> 0.6285974 | S16: =_xlfn.XLOOKUP(C16,Dados!$C$3:$C$329,Dados!$Q$3:$Q$329,"") -> 0.66292271 | T16: =_xlfn.XLOOKUP(C16,Dados!$C$3:$C$329,Dados!$R$3:$R$329,"") -> 0.71904695 | U16: =_xlfn.XLOOKUP(C16,Dados!$C$3:$C$329,Dados!$S$3:$S$329,"") -> 0.93183842 | V16: =_xlfn.XLOOKUP(C16,Dados!$C$3:$C$329,Dados!$T$3:$T$329,"") -> 1659.3199 | W16: =_xlfn.XLOOKUP(C16,Dados!$C$3:$C$329,Dados!$U$3:$U$329,"") -> 1568.1934 | X16: =_xlfn.XLOOKUP(C16,Dados!$C$3:$C$329,Dados!$V$3:$V$329,"") -> 1384.1494 | Y16: =_xlfn.XLOOKUP(C16,Dados!$C$3:$C$329,Dados!$W$3:$W$329,"") -> 1079.5765 | Z16: =_xlfn.XLOOKUP(C16,Dados!$C$3:$C$329,Dados!$X$3:$X$329,"") -> 917.82557 | AF16: 0.46845504 | AG16: 0.4407927 | AH16: 0.38073139 | AI16: 0.38902849 | AJ16: 0.39819332 | AK16: {=_xlfn.XLOOKUP(C16,Dados!$C$3:$C$329,Dados!$Z$3:'Dados'!$Z$329,"")} -> 11.568676 | AL16: {=_xlfn.XLOOKUP(C16,Dados!$C$3:$C$329,Dados!$AA$3:'Dados'!$AA$329,"")} -> 7.7012713 | AM16: {=_xlfn.XLOOKUP(C16,Dados!$C$3:$C$329,Dados!$AB$3:'Dados'!$AB$329,"")} -> 6.703559 | AN16: {=_xlfn.XLOOKUP(C16,Dados!$C$3:$C$329,Dados!$AC$3:'Dados'!$AC$329,"")} -> 7.7847496 | AO16: {=_xlfn.XLOOKUP(C16,Dados!$C$3:$C$329,Dados!$AD$3:'Dados'!$AD$329,"")} -> 4.5688448
A17: 74 | B17: Consórcio Intermunicipal Serra da Mantiqueira - CISMA | C17: 04.894.776/0001-53 | D17: São Paulo | E17: Sudeste | F17: =_xlfn.XLOOKUP(C17,Dados!$C$3:$C$329,Dados!$D$3:$D$329,"") -> 23 | G17: =_xlfn.XLOOKUP(C17,Dados!$C$3:$C$329,Dados!$E$3:$E$329,"") -> 296540 | H17: =_xlfn.XLOOKUP(C17,Dados!$C$3:$C$329,Dados!$F$3:$F$329,"") -> 296131.67 | I17: =_xlfn.XLOOKUP(C17,Dados!$C$3:$C$329,Dados!$G$3:$G$329,"") -> 295723.33 | J17: =_xlfn.XLOOKUP(C17,Dados!$C$3:$C$329,Dados!$H$3:$H$329,"") -> 295315 | K17: =_xlfn.XLOOKUP(C17,Dados!$C$3:$C$329,Dados!$I$3:$I$329,"") -> 292667 | L17: =_xlfn.XLOOKUP(C17,Dados!$C$3:$C$329,Dados!$J$3:$J$329,"") -> 6 | M17: =_xlfn.XLOOKUP(C17,Dados!$C$3:$C$329,Dados!$K$3:$K$329,"") -> Sudeste | N17: =_xlfn.XLOOKUP(C17,Dados!$C$3:$C$329,Dados!$L$3:$L$329,"") -> 31 | O17: =_xlfn.XLOOKUP(C17,Dados!$C$3:$C$329,Dados!$M$3:$M$329,"") -> 0.74886154 | P17: =_xlfn.XLOOKUP(C17,Dados!$C$3:$C$329,Dados!$N$3:$N$329,"") -> 0.73403488 | Q17: =_xlfn.XLOOKUP(C17,Dados!$C$3:$C$329,Dados!$O$3:$O$329,"") -> 0.72180664 | R17: =_xlfn.XLOOKUP(C17,Dados!$C$3:$C$329,Dados!$P$3:$P$329,"") -> 0.70937415 | S17: =_xlfn.XLOOKUP(C17,Dados!$C$3:$C$329,Dados!$Q$3:$Q$329,"") -> 0.88930052 | T17: =_xlfn.XLOOKUP(C17,Dados!$C$3:$C$329,Dados!$R$3:$R$329,"") -> 0.92660761 | U17: =_xlfn.XLOOKUP(C17,Dados!$C$3:$C$329,Dados!$S$3:$S$329,"") -> 0.99328963 | V17: =_xlfn.XLOOKUP(C17,Dados!$C$3:$C$329,Dados!$T$3:$T$329,"") -> 1661.8817 | W17: =_xlfn.XLOOKUP(C17,Dados!$C$3:$C$329,Dados!$U$3:$U$329,"") -> 1461.9366 | X17: =_xlfn.XLOOKUP(C17,Dados!$C$3:$C$329,Dados!$V$3:$V$329,"") -> 1253.4625 | Y17: =_xlfn.XLOOKUP(C17,Dados!$C$3:$C$329,Dados!$W$3:$W$329,"") -> 1113.3872 | Z17: =_xlfn.XLOOKUP(C17,Dados!$C$3:$C$329,Dados!$X$3:$X$329,"") -> 1012.6498 | AF17: 0.13030366 | AG17: 0.22545791 | AH17: #DIV/0! | AI17: #DIV/0! | AJ17: #DIV/0! | AK17: {=_xlfn.XLOOKUP(C17,Dados!$C$3:$C$329,Dados!$Z$3:'Dados'!$Z$329,"")} -> 19.07196 | AL17: {=_xlfn.XLOOKUP(C17,Dados!$C$3:$C$329,Dados!$AA$3:'Dados'!$AA$329,"")} -> 15.755255 | AM17: {=_xlfn.XLOOKUP(C17,Dados!$C$3:$C$329,Dados!$AB$3:'Dados'!$AB$329,"")} -> 13.225023 | AN17: {=_xlfn.XLOOKUP(C17,Dados!$C$3:$C$329,Dados!$AC$3:'Dados'!$AC$329,"")} -> 10.870129 | AO17: {=_xlfn.XLOOKUP(C17,Dados!$C$3:$C$329,Dados!$AD$3:'Dados'!$AD$329,"")} -> 9.518709
A18: 75 | B18: Consórcio Intermunicipal do Vale do Paranapanema: Saúde - CIVAP SAÚDE | C18: 04.903.422/0001-28 | D18: São Paulo | E18: Sudeste | F18: =_xlfn.XLOOKUP(C18,Dados!$C$3:$C$329,Dados!$D$3:$D$329,"") -> 23 | G18: =_xlfn.XLOOKUP(C18,Dados!$C$3:$C$329,Dados!$E$3:$E$329,"") -> 240384 | H18: =_xlfn.XLOOKUP(C18,Dados!$C$3:$C$329,Dados!$F$3:$F$329,"") -> 243569 | I18: =_xlfn.XLOOKUP(C18,Dados!$C$3:$C$329,Dados!$G$3:$G$329,"") -> 246754 | J18: =_xlfn.XLOOKUP(C18,Dados!$C$3:$C$329,Dados!$H$3:$H$329,"") -> 249939 | K18: =_xlfn.XLOOKUP(C18,Dados!$C$3:$C$329,Dados!$I$3:$I$329,"") -> 248721 | L18: =_xlfn.XLOOKUP(C18,Dados!$C$3:$C$329,Dados!$J$3:$J$329,"") -> 12 | M18: =_xlfn.XLOOKUP(C18,Dados!$C$3:$C$329,Dados!$K$3:$K$329,"") -> Sudeste | N18: =_xlfn.XLOOKUP(C18,Dados!$C$3:$C$329,Dados!$L$3:$L$329,"") -> 3 | O18: =_xlfn.XLOOKUP(C18,Dados!$C$3:$C$329,Dados!$M$3:$M$329,"") -> 0.80308569 | P18: =_xlfn.XLOOKUP(C18,Dados!$C$3:$C$329,Dados!$N$3:$N$329,"") -> 0.77511902 | Q18: =_xlfn.XLOOKUP(C18,Dados!$C$3:$C$329,Dados!$O$3:$O$329,"") -> 0.76374664 | R18: =_xlfn.XLOOKUP(C18,Dados!$C$3:$C$329,Dados!$P$3:$P$329,"") -> 0.74834568 | S18: =_xlfn.XLOOKUP(C18,Dados!$C$3:$C$329,Dados!$Q$3:$Q$329,"") -> 0.94234574 | T18: =_xlfn.XLOOKUP(C18,Dados!$C$3:$C$329,Dados!$R$3:$R$329,"") -> 0.94395543 | U18: =_xlfn.XLOOKUP(C18,Dados!$C$3:$C$329,Dados!$S$3:$S$329,"") -> 0.97314885 | V18: =_xlfn.XLOOKUP(C18,Dados!$C$3:$C$329,Dados!$T$3:$T$329,"") -> 1879.0973 | W18: =_xlfn.XLOOKUP(C18,Dados!$C$3:$C$329,Dados!$U$3:$U$329,"") -> 1520.793 | X18: =_xlfn.XLOOKUP(C18,Dados!$C$3:$C$329,Dados!$V$3:$V$329,"") -> 1230.8447 | Y18: =_xlfn.XLOOKUP(C18,Dados!$C$3:$C$329,Dados!$W$3:$W$329,"") -> 1143.3285 | Z18: =_xlfn.XLOOKUP(C18,Dados!$C$3:$C$329,Dados!$X$3:$X$329,"") -> 1044.4846 | AF18: 0.2785387 | AG18: 0.2246609 | AH18: 0.13592819 | AI18: 0.44276695 | AJ18: 0.42327194 | AK18: {=_xlfn.XLOOKUP(C18,Dados!$C$3:$C$329,Dados!$Z$3:'Dados'!$Z$329,"")} -> 21.423606 | AL18: {=_xlfn.XLOOKUP(C18,Dados!$C$3:$C$329,Dados!$AA$3:'Dados'!$AA$329,"")} -> 19.616926 | AM18: {=_xlfn.XLOOKUP(C18,Dados!$C$3:$C$329,Dados!$AB$3:'Dados'!$AB$329,"")} -> 16.752458 | AN18: {=_xlfn.XLOOKUP(C18,Dados!$C$3:$C$329,Dados!$AC$3:'Dados'!$AC$329,"")} -> 13.5077 | AO18: {=_xlfn.XLOOKUP(C18,Dados!$C$3:$C$329,Dados!$AD$3:'Dados'!$AD$329,"")} -> 12.361316
A19: 76 | B19: Consórcio Intermunicipal de Saúde 8 de Abril - CON8 | C19: 08.996.378/0001-07 | D19: São Paulo | E19: Sudeste | F19: =_xlfn.XLOOKUP(C19,Dados!$C$3:$C$329,Dados!$D$3:$D$329,"") -> 17 | G19: =_xlfn.XLOOKUP(C19,Dados!$C$3:$C$329,Dados!$E$3:$E$329,"") -> 505119 | H19: =_xlfn.XLOOKUP(C19,Dados!$C$3:$C$329,Dados!$F$3:$F$329,"") -> 503634 | I19: =_xlfn.XLOOKUP(C19,Dados!$C$3:$C$329,Dados!$G$3:$G$329,"") -> 502149 | J19: =_xlfn.XLOOKUP(C19,Dados!$C$3:$C$329,Dados!$H$3:$H$329,"") -> 500664 | K19: =_xlfn.XLOOKUP(C19,Dados!$C$3:$C$329,Dados!$I$3:$I$329,"") -> 497103 | L19: =_xlfn.XLOOKUP(C19,Dados!$C$3:$C$329,Dados!$J$3:$J$329,"") -> 6 | M19: =_xlfn.XLOOKUP(C19,Dados!$C$3:$C$329,Dados!$K$3:$K$329,"") -> Sudeste | N19: =_xlfn.XLOOKUP(C19,Dados!$C$3:$C$329,Dados!$L$3:$L$329,"") -> 3 | O19: =_xlfn.XLOOKUP(C19,Dados!$C$3:$C$329,Dados!$M$3:$M$329,"") -> 0.81049006 | P19: =_xlfn.XLOOKUP(C19,Dados!$C$3:$C$329,Dados!$N$3:$N$329,"") -> 0.78832706 | Q19: =_xlfn.XLOOKUP(C19,Dados!$C$3:$C$329,Dados!$O$3:$O$329,"") -> 0.79673503 | R19: =_xlfn.XLOOKUP(C19,Dados!$C$3:$C$329,Dados!$P$3:$P$329,"") -> 0.78599364 | S19: =_xlfn.XLOOKUP(C19,Dados!$C$3:$C$329,Dados!$Q$3:$Q$329,"") -> 0.95112229 | T19: =_xlfn.XLOOKUP(C19,Dados!$C$3:$C$329,Dados!$R$3:$R$329,"") -> 0.95568937 | U19: =_xlfn.XLOOKUP(C19,Dados!$C$3:$C$329,Dados!$S$3:$S$329,"") -> 0.99050318 | V19: =_xlfn.XLOOKUP(C19,Dados!$C$3:$C$329,Dados!$T$3:$T$329,"") -> 1712.7379 | W19: =_xlfn.XLOOKUP(C19,Dados!$C$3:$C$329,Dados!$U$3:$U$329,"") -> 1323.7658 | X19: =_xlfn.XLOOKUP(C19,Dados!$C$3:$C$329,Dados!$V$3:$V$329,"") -> 1141.1374 | Y19: =_xlfn.XLOOKUP(C19,Dados!$C$3:$C$329,Dados!$W$3:$W$329,"") -> 1121.438 | Z19: =_xlfn.XLOOKUP(C19,Dados!$C$3:$C$329,Dados!$X$3:$X$329,"") -> 1057.996 | AF19: 0.29871023 | AG19: 0.28878372 | AH19: 0.43663624 | AI19: 0.54254773 | AJ19: 0.56640988 | AK19: {=_xlfn.XLOOKUP(C19,Dados!$C$3:$C$329,Dados!$Z$3:'Dados'!$Z$329,"")} -> 14.29952 | AL19: {=_xlfn.XLOOKUP(C19,Dados!$C$3:$C$329,Dados!$AA$3:'Dados'!$AA$329,"")} -> 13.867561 | AM19: {=_xlfn.XLOOKUP(C19,Dados!$C$3:$C$329,Dados!$AB$3:'Dados'!$AB$329,"")} -> 13.631325 | AN19: {=_xlfn.XLOOKUP(C19,Dados!$C$3:$C$329,Dados!$AC$3:'Dados'!$AC$329,"")} -> 11.292925 | AO19: {=_xlfn.XLOOKUP(C19,Dados!$C$3:$C$329,Dados!$AD$3:'Dados'!$AD$329,"")} -> 9.90266
A20: 79 | B20: Consórcio Intermunicipal da Região Oeste Metropolitana de São Paulo - CIOESTE | C20: 20.301.484/0001-16 | D20: São Paulo | E20: Sudeste | F20: =_xlfn.XLOOKUP(C20,Dados!$C$3:$C$329,Dados!$D$3:$D$329,"") -> 11 | G20: =_xlfn.XLOOKUP(C20,Dados!$C$3:$C$329,Dados!$E$3:$E$329,"") -> 2570822 | H20: =_xlfn.XLOOKUP(C20,Dados!$C$3:$C$329,Dados!$F$3:$F$329,"") -> 2524064 | I20: =_xlfn.XLOOKUP(C20,Dados!$C$3:$C$329,Dados!$G$3:$G$329,"") -> 2477306 | J20: =_xlfn.XLOOKUP(C20,Dados!$C$3:$C$329,Dados!$H$3:$H$329,"") -> 2430548 | K20: =_xlfn.XLOOKUP(C20,Dados!$C$3:$C$329,Dados!$I$3:$I$329,"") -> 2408835 | L20: =_xlfn.XLOOKUP(C20,Dados!$C$3:$C$329,Dados!$J$3:$J$329,"") -> 12 | M20: =_xlfn.XLOOKUP(C20,Dados!$C$3:$C$329,Dados!$K$3:$K$329,"") -> Sudeste | N20: =_xlfn.XLOOKUP(C20,Dados!$C$3:$C$329,Dados!$L$3:$L$329,"") -> 41 | O20: =_xlfn.XLOOKUP(C20,Dados!$C$3:$C$329,Dados!$M$3:$M$329,"") -> 0.75646137 | P20: =_xlfn.XLOOKUP(C20,Dados!$C$3:$C$329,Dados!$N$3:$N$329,"") -> 0.7312482 | Q20: =_xlfn.XLOOKUP(C20,Dados!$C$3:$C$329,Dados!$O$3:$O$329,"") -> 0.72324392 | R20: =_xlfn.XLOOKUP(C20,Dados!$C$3:$C$329,Dados!$P$3:$P$329,"") -> 0.70842937 | S20: =_xlfn.XLOOKUP(C20,Dados!$C$3:$C$329,Dados!$Q$3:$Q$329,"") -> 0.84670888 | T20: =_xlfn.XLOOKUP(C20,Dados!$C$3:$C$329,Dados!$R$3:$R$329,"") -> 0.9697355 | U20: =_xlfn.XLOOKUP(C20,Dados!$C$3:$C$329,Dados!$S$3:$S$329,"") -> 0.99558749 | V20: =_xlfn.XLOOKUP(C20,Dados!$C$3:$C$329,Dados!$T$3:$T$329,"") -> 1729.2127 | W20: =_xlfn.XLOOKUP(C20,Dados!$C$3:$C$329,Dados!$U$3:$U$329,"") -> 1600.1374 | X20: =_xlfn.XLOOKUP(C20,Dados!$C$3:$C$329,Dados!$V$3:$V$329,"") -> 1544.5148 | Y20: =_xlfn.XLOOKUP(C20,Dados!$C$3:$C$329,Dados!$W$3:$W$329,"") -> 1373.2211 | Z20: =_xlfn.XLOOKUP(C20,Dados!$C$3:$C$329,Dados!$X$3:$X$329,"") -> 1193.8922 | AF20: 0.16084912 | AG20: 0.067809195 | AH20: 0.10928637 | AI20: 0.16831434 | AJ20: #DIV/0! | AK20: {=_xlfn.XLOOKUP(C20,Dados!$C$3:$C$329,Dados!$Z$3:'Dados'!$Z$329,"")} -> 19.985791 | AL20: {=_xlfn.XLOOKUP(C20,Dados!$C$3:$C$329,Dados!$AA$3:'Dados'!$AA$329,"")} -> 18.35499 | AM20: {=_xlfn.XLOOKUP(C20,Dados!$C$3:$C$329,Dados!$AB$3:'Dados'!$AB$329,"")} -> 15.843111 | AN20: {=_xlfn.XLOOKUP(C20,Dados!$C$3:$C$329,Dados!$AC$3:'Dados'!$AC$329,"")} -> 14.292029 | AO20: {=_xlfn.XLOOKUP(C20,Dados!$C$3:$C$329,Dados!$AD$3:'Dados'!$AD$329,"")} -> 12.22522
A21: 81 | B21: Consórcio Público Intermunicipal de Saúde da Região de Catanduva - CONSIRC | C21: 25.103.884/0001-30 | D21: São Paulo | E21: Sudeste | F21: =_xlfn.XLOOKUP(C21,Dados!$C$3:$C$329,Dados!$D$3:$D$329,"") -> 8 | G21: =_xlfn.XLOOKUP(C21,Dados!$C$3:$C$329,Dados!$E$3:$E$329,"") -> 335730 | H21: =_xlfn.XLOOKUP(C21,Dados!$C$3:$C$329,Dados!$F$3:$F$329,"") -> 343428.67 | I21: =_xlfn.XLOOKUP(C21,Dados!$C$3:$C$329,Dados!$G$3:$G$329,"") -> 351127.33 | J21: =_xlfn.XLOOKUP(C21,Dados!$C$3:$C$329,Dados!$H$3:$H$329,"") -> 358826 | K21: =_xlfn.XLOOKUP(C21,Dados!$C$3:$C$329,Dados!$I$3:$I$329,"") -> 356301 | L21: =_xlfn.XLOOKUP(C21,Dados!$C$3:$C$329,Dados!$J$3:$J$329,"") -> 22 | M21: =_xlfn.XLOOKUP(C21,Dados!$C$3:$C$329,Dados!$K$3:$K$329,"") -> Sudeste | N21: =_xlfn.XLOOKUP(C21,Dados!$C$3:$C$329,Dados!$L$3:$L$329,"") -> 4 | O21: =_xlfn.XLOOKUP(C21,Dados!$C$3:$C$329,Dados!$M$3:$M$329,"") -> 0.74847003 | P21: =_xlfn.XLOOKUP(C21,Dados!$C$3:$C$329,Dados!$N$3:$N$329,"") -> 0.71332644 | Q21: =_xlfn.XLOOKUP(C21,Dados!$C$3:$C$329,Dados!$O$3:$O$329,"") -> 0.69010145 | R21: =_xlfn.XLOOKUP(C21,Dados!$C$3:$C$329,Dados!$P$3:$P$329,"") -> 0.68864352 | S21: =_xlfn.XLOOKUP(C21,Dados!$C$3:$C$329,Dados!$Q$3:$Q$329,"") -> 0.84137302 | T21: =_xlfn.XLOOKUP(C21,Dados!$C$3:$C$329,Dados!$R$3:$R$329,"") -> 0.94129609 | U21: =_xlfn.XLOOKUP(C21,Dados!$C$3:$C$329,Dados!$S$3:$S$329,"") -> 0.9145085 | V21: =_xlfn.XLOOKUP(C21,Dados!$C$3:$C$329,Dados!$T$3:$T$329,"") -> 1750.7373 | W21: =_xlfn.XLOOKUP(C21,Dados!$C$3:$C$329,Dados!$U$3:$U$329,"") -> 1430.3927 | X21: =_xlfn.XLOOKUP(C21,Dados!$C$3:$C$329,Dados!$V$3:$V$329,"") -> 1199.3046 | Y21: =_xlfn.XLOOKUP(C21,Dados!$C$3:$C$329,Dados!$W$3:$W$329,"") -> 1015.3191 | Z21: =_xlfn.XLOOKUP(C21,Dados!$C$3:$C$329,Dados!$X$3:$X$329,"") -> 952.51553 | AF21: 0.12264524 | AG21: 0.10589656 | AH21: 0.15680471 | AI21: 0.19952938 | AJ21: 0.30633504 | AK21: {=_xlfn.XLOOKUP(C21,Dados!$C$3:$C$329,Dados!$Z$3:'Dados'!$Z$329,"")} -> 14.641018 | AL21: {=_xlfn.XLOOKUP(C21,Dados!$C$3:$C$329,Dados!$AA$3:'Dados'!$AA$329,"")} -> 14.940925 | AM21: {=_xlfn.XLOOKUP(C21,Dados!$C$3:$C$329,Dados!$AB$3:'Dados'!$AB$329,"")} -> 15.212345 | AN21: {=_xlfn.XLOOKUP(C21,Dados!$C$3:$C$329,Dados!$AC$3:'Dados'!$AC$329,"")} -> 10.0723 | AO21: {=_xlfn.XLOOKUP(C21,Dados!$C$3:$C$329,Dados!$AD$3:'Dados'!$AD$329,"")} -> 7.7865962
A22: 82 | B22: Consórcio Intermunicipal do Centro do Estado de Sao Paulo - Cicesp - CICESP | C22: 36.580.300/0001-34 | D22: São Paulo | E22: Sudeste | F22: =_xlfn.XLOOKUP(C22,Dados!$C$3:$C$329,Dados!$D$3:$D$329,"") -> 6 | G22: =_xlfn.XLOOKUP(C22,Dados!$C$3:$C$329,Dados!$E$3:$E$329,"") -> 208035 | H22: =_xlfn.XLOOKUP(C22,Dados!$C$3:$C$329,Dados!$F$3:$F$329,"") -> 212304 | I22: =_xlfn.XLOOKUP(C22,Dados!$C$3:$C$329,Dados!$G$3:$G$329,"") -> 216573 | J22: =_xlfn.XLOOKUP(C22,Dados!$C$3:$C$329,Dados!$H$3:$H$329,"") -> 220842 | K22: =_xlfn.XLOOKUP(C22,Dados!$C$3:$C$329,Dados!$I$3:$I$329,"") -> 219130 | L22: =_xlfn.XLOOKUP(C22,Dados!$C$3:$C$329,Dados!$J$3:$J$329,"") -> 8 | M22: =_xlfn.XLOOKUP(C22,Dados!$C$3:$C$329,Dados!$K$3:$K$329,"") -> Sudeste | N22: =_xlfn.XLOOKUP(C22,Dados!$C$3:$C$329,Dados!$L$3:$L$329,"") -> 26 | O22: =_xlfn.XLOOKUP(C22,Dados!$C$3:$C$329,Dados!$M$3:$M$329,"") -> 0.66661912 | P22: =_xlfn.XLOOKUP(C22,Dados!$C$3:$C$329,Dados!$N$3:$N$329,"") -> 0.64949177 | Q22: =_xlfn.XLOOKUP(C22,Dados!$C$3:$C$329,Dados!$O$3:$O$329,"") -> 0.61243139 | R22: =_xlfn.XLOOKUP(C22,Dados!$C$3:$C$329,Dados!$P$3:$P$329,"") -> 0.60743065 | S22: =_xlfn.XLOOKUP(C22,Dados!$C$3:$C$329,Dados!$Q$3:$Q$329,"") -> 0.68374088 | T22: =_xlfn.XLOOKUP(C22,Dados!$C$3:$C$329,Dados!$R$3:$R$329,"") -> 0.87678168 | U22: =_xlfn.XLOOKUP(C22,Dados!$C$3:$C$329,Dados!$S$3:$S$329,"") -> 0.84644449 | V22: =_xlfn.XLOOKUP(C22,Dados!$C$3:$C$329,Dados!$T$3:$T$329,"") -> 1638.2104 | W22: =_xlfn.XLOOKUP(C22,Dados!$C$3:$C$329,Dados!$U$3:$U$329,"") -> 1369.3973 | X22: =_xlfn.XLOOKUP(C22,Dados!$C$3:$C$329,Dados!$V$3:$V$329,"") -> 1174.7981 | Y22: =_xlfn.XLOOKUP(C22,Dados!$C$3:$C$329,Dados!$W$3:$W$329,"") -> 1011.8936 | Z22: =_xlfn.XLOOKUP(C22,Dados!$C$3:$C$329,Dados!$X$3:$X$329,"") -> 904.32633 | AF22: 0.38359516 | AG22: 0.047598282 | AH22: 0.14661501 | AI22: 0.58456 | AJ22: #DIV/0! | AK22: {=_xlfn.XLOOKUP(C22,Dados!$C$3:$C$329,Dados!$Z$3:'Dados'!$Z$329,"")} -> 10.047872 | AL22: {=_xlfn.XLOOKUP(C22,Dados!$C$3:$C$329,Dados!$AA$3:'Dados'!$AA$329,"")} -> 10.132711 | AM22: {=_xlfn.XLOOKUP(C22,Dados!$C$3:$C$329,Dados!$AB$3:'Dados'!$AB$329,"")} -> 8.963652 | AN22: {=_xlfn.XLOOKUP(C22,Dados!$C$3:$C$329,Dados!$AC$3:'Dados'!$AC$329,"")} -> 6.8455593 | AO22: {=_xlfn.XLOOKUP(C22,Dados!$C$3:$C$329,Dados!$AD$3:'Dados'!$AD$329,"")} -> 6.3101675
A23: 119 | B23: Consórcio Público da Região Noroeste - CIM NOROESTE | C23: 02.236.721/0001-20 | D23: Espírito Santo | E23: Sudeste | F23: =_xlfn.XLOOKUP(C23,Dados!$C$3:$C$329,Dados!$D$3:$D$329,"") -> 31 | G23: =_xlfn.XLOOKUP(C23,Dados!$C$3:$C$329,Dados!$E$3:$E$329,"") -> 410727 | H23: =_xlfn.XLOOKUP(C23,Dados!$C$3:$C$329,Dados!$F$3:$F$329,"") -> 412471.67 | I23: =_xlfn.XLOOKUP(C23,Dados!$C$3:$C$329,Dados!$G$3:$G$329,"") -> 414216.33 | J23: =_xlfn.XLOOKUP(C23,Dados!$C$3:$C$329,Dados!$H$3:$H$329,"") -> 415961 | K23: =_xlfn.XLOOKUP(C23,Dados!$C$3:$C$329,Dados!$I$3:$I$329,"") -> 413585 | L23: =_xlfn.XLOOKUP(C23,Dados!$C$3:$C$329,Dados!$J$3:$J$329,"") -> 16 | M23: =_xlfn.XLOOKUP(C23,Dados!$C$3:$C$329,Dados!$K$3:$K$329,"") -> Sudeste | N23: =_xlfn.XLOOKUP(C23,Dados!$C$3:$C$329,Dados!$L$3:$L$329,"") -> 17 | O23: =_xlfn.XLOOKUP(C23,Dados!$C$3:$C$329,Dados!$M$3:$M$329,"") -> 0.70896922 | P23: =_xlfn.XLOOKUP(C23,Dados!$C$3:$C$329,Dados!$N$3:$N$329,"") -> 0.68053108 | Q23: =_xlfn.XLOOKUP(C23,Dados!$C$3:$C$329,Dados!$O$3:$O$329,"") -> 0.6517438 | R23: =_xlfn.XLOOKUP(C23,Dados!$C$3:$C$329,Dados!$P$3:$P$329,"") -> 0.63899642 | S23: =_xlfn.XLOOKUP(C23,Dados!$C$3:$C$329,Dados!$Q$3:$Q$329,"") -> 0.6683626 | T23: =_xlfn.XLOOKUP(C23,Dados!$C$3:$C$329,Dados!$R$3:$R$329,"") -> 0.71483375 | U23: =_xlfn.XLOOKUP(C23,Dados!$C$3:$C$329,Dados!$S$3:$S$329,"") -> 0.80492028 | V23: =_xlfn.XLOOKUP(C23,Dados!$C$3:$C$329,Dados!$T$3:$T$329,"") -> 1764.4255 | W23: =_xlfn.XLOOKUP(C23,Dados!$C$3:$C$329,Dados!$U$3:$U$329,"") -> 1448.3255 | X23: =_xlfn.XLOOKUP(C23,Dados!$C$3:$C$329,Dados!$V$3:$V$329,"") -> 1145.6989 | Y23: =_xlfn.XLOOKUP(C23,Dados!$C$3:$C$329,Dados!$W$3:$W$329,"") -> 925.4742 | Z23: =_xlfn.XLOOKUP(C23,Dados!$C$3:$C$329,Dados!$X$3:$X$329,"") -> 855.35997 | AF23: #DIV/0! | AG23: #DIV/0! | AH23: #DIV/0! | AI23: #DIV/0! | AJ23: #DIV/0! | AK23: {=_xlfn.XLOOKUP(C23,Dados!$C$3:$C$329,Dados!$Z$3:'Dados'!$Z$329,"")} -> 12.834087 | AL23: {=_xlfn.XLOOKUP(C23,Dados!$C$3:$C$329,Dados!$AA$3:'Dados'!$AA$329,"")} -> 11.139861 | AM23: {=_xlfn.XLOOKUP(C23,Dados!$C$3:$C$329,Dados!$AB$3:'Dados'!$AB$329,"")} -> 10.137703 | AN23: {=_xlfn.XLOOKUP(C23,Dados!$C$3:$C$329,Dados!$AC$3:'Dados'!$AC$329,"")} -> 7.9000676 | AO23: {=_xlfn.XLOOKUP(C23,Dados!$C$3:$C$329,Dados!$AD$3:'Dados'!$AD$329,"")} -> 7.1104199
A24: 120 | B24: Consórcio Público da Região Sudoeste Serrana - CIM PEDRA AZUL | C24: 02.760.004/0001-01 | D24: Espírito Santo | E24: Sudeste | F24: =_xlfn.XLOOKUP(C24,Dados!$C$3:$C$329,Dados!$D$3:$D$329,"") -> 26 | G24: =_xlfn.XLOOKUP(C24,Dados!$C$3:$C$329,Dados!$E$3:$E$329,"") -> 440989 | H24: =_xlfn.XLOOKUP(C24,Dados!$C$3:$C$329,Dados!$F$3:$F$329,"") -> 435525.33 | I24: =_xlfn.XLOOKUP(C24,Dados!$C$3:$C$329,Dados!$G$3:$G$329,"") -> 430061.67 | J24: =_xlfn.XLOOKUP(C24,Dados!$C$3:$C$329,Dados!$H$3:$H$329,"") -> 424598 | K24: =_xlfn.XLOOKUP(C24,Dados!$C$3:$C$329,Dados!$I$3:$I$329,"") -> 421471 | L24: =_xlfn.XLOOKUP(C24,Dados!$C$3:$C$329,Dados!$J$3:$J$329,"") -> 17 | M24: =_xlfn.XLOOKUP(C24,Dados!$C$3:$C$329,Dados!$K$3:$K$329,"") -> Sudeste | N24: =_xlfn.XLOOKUP(C24,Dados!$C$3:$C$329,Dados!$L$3:$L$329,"") -> 1 | O24: =_xlfn.XLOOKUP(C24,Dados!$C$3:$C$329,Dados!$M$3:$M$329,"") -> 0.65127469 | P24: =_xlfn.XLOOKUP(C24,Dados!$C$3:$C$329,Dados!$N$3:$N$329,"") -> 0.63130987 | Q24: =_xlfn.XLOOKUP(C24,Dados!$C$3:$C$329,Dados!$O$3:$O$329,"") -> 0.59044635 | R24: =_xlfn.XLOOKUP(C24,Dados!$C$3:$C$329,Dados!$P$3:$P$329,"") -> 0.57281799 | S24: =_xlfn.XLOOKUP(C24,Dados!$C$3:$C$329,Dados!$Q$3:$Q$329,"") -> 0.39767495 | T24: =_xlfn.XLOOKUP(C24,Dados!$C$3:$C$329,Dados!$R$3:$R$329,"") -> 0.46251154 | U24: =_xlfn.XLOOKUP(C24,Dados!$C$3:$C$329,Dados!$S$3:$S$329,"") -> 0.76356485 | V24: =_xlfn.XLOOKUP(C24,Dados!$C$3:$C$329,Dados!$T$3:$T$329,"") -> 1361.2708 | W24: =_xlfn.XLOOKUP(C24,Dados!$C$3:$C$329,Dados!$U$3:$U$329,"") -> 1223.2735 | X24: =_xlfn.XLOOKUP(C24,Dados!$C$3:$C$329,Dados!$V$3:$V$329,"") -> 1046.9626 | Y24: =_xlfn.XLOOKUP(C24,Dados!$C$3:$C$329,Dados!$W$3:$W$329,"") -> 829.24579 | Z24: =_xlfn.XLOOKUP(C24,Dados!$C$3:$C$329,Dados!$X$3:$X$329,"") -> 785.58886 | AF24: #DIV/0! | AG24: #DIV/0! | AH24: 0.0063913045 | AI24: 0.0079685424 | AJ24: 0.0088607439 | AK24: {=_xlfn.XLOOKUP(C24,Dados!$C$3:$C$329,Dados!$Z$3:'Dados'!$Z$329,"")} -> 11.019583 | AL24: {=_xlfn.XLOOKUP(C24,Dados!$C$3:$C$329,Dados!$AA$3:'Dados'!$AA$329,"")} -> 9.7618753 | AM24: {=_xlfn.XLOOKUP(C24,Dados!$C$3:$C$329,Dados!$AB$3:'Dados'!$AB$329,"")} -> 8.5344784 | AN24: {=_xlfn.XLOOKUP(C24,Dados!$C$3:$C$329,Dados!$AC$3:'Dados'!$AC$329,"")} -> 6.3434684 | AO24: {=_xlfn.XLOOKUP(C24,Dados!$C$3:$C$329,Dados!$AD$3:'Dados'!$AD$329,"")} -> 5.8157904
A25: 121 | B25: Consórcio Público da Região Expandida Sul - CIM EXPANDIDA SUL | C25: 03.657.784/0001-13 | D25: Espírito Santo | E25: Sudeste | F25: =_xlfn.XLOOKUP(C25,Dados!$C$3:$C$329,Dados!$D$3:$D$329,"") -> 19 | G25: =_xlfn.XLOOKUP(C25,Dados!$C$3:$C$329,Dados!$E$3:$E$329,"") -> 318635 | H25: =_xlfn.XLOOKUP(C25,Dados!$C$3:$C$329,Dados!$F$3:$F$329,"") -> 311015.33 | I25: =_xlfn.XLOOKUP(C25,Dados!$C$3:$C$329,Dados!$G$3:$G$329,"") -> 303395.67 | J25: =_xlfn.XLOOKUP(C25,Dados!$C$3:$C$329,Dados!$H$3:$H$329,"") -> 295776 | K25: =_xlfn.XLOOKUP(C25,Dados!$C$3:$C$329,Dados!$I$3:$I$329,"") -> 292307 | L25: =_xlfn.XLOOKUP(C25,Dados!$C$3:$C$329,Dados!$J$3:$J$329,"") -> 8 | M25: =_xlfn.XLOOKUP(C25,Dados!$C$3:$C$329,Dados!$K$3:$K$329,"") -> Sudeste | N25: =_xlfn.XLOOKUP(C25,Dados!$C$3:$C$329,Dados!$L$3:$L$329,"") -> 6 | O25: =_xlfn.XLOOKUP(C25,Dados!$C$3:$C$329,Dados!$M$3:$M$329,"") -> 0.68107196 | P25: =_xlfn.XLOOKUP(C25,Dados!$C$3:$C$329,Dados!$N$3:$N$329,"") -> 0.6484555 | Q25: =_xlfn.XLOOKUP(C25,Dados!$C$3:$C$329,Dados!$O$3:$O$329,"") -> 0.6195624 | R25: =_xlfn.XLOOKUP(C25,Dados!$C$3:$C$329,Dados!$P$3:$P$329,"") -> 0.60405543 | S25: =_xlfn.XLOOKUP(C25,Dados!$C$3:$C$329,Dados!$Q$3:$Q$329,"") -> 0.53901149 | T25: =_xlfn.XLOOKUP(C25,Dados!$C$3:$C$329,Dados!$R$3:$R$329,"") -> 0.83756125 | U25: =_xlfn.XLOOKUP(C25,Dados!$C$3:$C$329,Dados!$S$3:$S$329,"") -> 0.97265669 | V25: =_xlfn.XLOOKUP(C25,Dados!$C$3:$C$329,Dados!$T$3:$T$329,"") -> 1557.0239 | W25: =_xlfn.XLOOKUP(C25,Dados!$C$3:$C$329,Dados!$U$3:$U$329,"") -> 1409.1878 | X25: =_xlfn.XLOOKUP(C25,Dados!$C$3:$C$329,Dados!$V$3:$V$329,"") -> 1256.47 | Y25: =_xlfn.XLOOKUP(C25,Dados!$C$3:$C$329,Dados!$W$3:$W$329,"") -> 1043.2535 | Z25: =_xlfn.XLOOKUP(C25,Dados!$C$3:$C$329,Dados!$X$3:$X$329,"") -> 1119.4589 | AF25: 0.014442332 | AG25: 0.011965045 | AH25: #DIV/0! | AI25: #DIV/0! | AJ25: #DIV/0! | AK25: {=_xlfn.XLOOKUP(C25,Dados!$C$3:$C$329,Dados!$Z$3:'Dados'!$Z$329,"")} -> 10.549146 | AL25: {=_xlfn.XLOOKUP(C25,Dados!$C$3:$C$329,Dados!$AA$3:'Dados'!$AA$329,"")} -> 10.183987 | AM25: {=_xlfn.XLOOKUP(C25,Dados!$C$3:$C$329,Dados!$AB$3:'Dados'!$AB$329,"")} -> 6.1834008 | AN25: {=_xlfn.XLOOKUP(C25,Dados!$C$3:$C$329,Dados!$AC$3:'Dados'!$AC$329,"")} -> 4.4723642 | AO25: {=_xlfn.XLOOKUP(C25,Dados!$C$3:$C$329,Dados!$AD$3:'Dados'!$AD$329,"")} -> 3.373703
A26: 152 | B26: Consórcio Intermunicipal de Saúde da Região do Vale do Itapecerica - CISVI | C26: 00.639.952/0001-50 | D26: Minas Gerais | E26: Sudeste | F26: =_xlfn.XLOOKUP(C26,Dados!$C$3:$C$329,Dados!$D$3:$D$329,"") -> 29 | G26: =_xlfn.XLOOKUP(C26,Dados!$C$3:$C$329,Dados!$E$3:$E$329,"") -> 368774 | H26: =_xlfn.XLOOKUP(C26,Dados!$C$3:$C$329,Dados!$F$3:$F$329,"") -> 366492.33 | I26: =_xlfn.XLOOKUP(C26,Dados!$C$3:$C$329,Dados!$G$3:$G$329,"") -> 364210.67 | J26: =_xlfn.XLOOKUP(C26,Dados!$C$3:$C$329,Dados!$H$3:$H$329,"") -> 361929 | K26: =_xlfn.XLOOKUP(C26,Dados!$C$3:$C$329,Dados!$I$3:$I$329,"") -> 358827 | L26: =_xlfn.XLOOKUP(C26,Dados!$C$3:$C$329,Dados!$J$3:$J$329,"") -> 10 | M26: =_xlfn.XLOOKUP(C26,Dados!$C$3:$C$329,Dados!$K$3:$K$329,"") -> Sudeste | N26: =_xlfn.XLOOKUP(C26,Dados!$C$3:$C$329,Dados!$L$3:$L$329,"") -> 1 | O26: =_xlfn.XLOOKUP(C26,Dados!$C$3:$C$329,Dados!$M$3:$M$329,"") -> 0.77885758 | P26: =_xlfn.XLOOKUP(C26,Dados!$C$3:$C$329,Dados!$N$3:$N$329,"") -> 0.76983162 | Q26: =_xlfn.XLOOKUP(C26,Dados!$C$3:$C$329,Dados!$O$3:$O$329,"") -> 0.73416605 | R26: =_xlfn.XLOOKUP(C26,Dados!$C$3:$C$329,Dados!$P$3:$P$329,"") -> 0.71164231 | S26: =_xlfn.XLOOKUP(C26,Dados!$C$3:$C$329,Dados!$Q$3:$Q$329,"") -> 0.84992467 | T26: =_xlfn.XLOOKUP(C26,Dados!$C$3:$C$329,Dados!$R$3:$R$329,"") -> 0.91913871 | U26: =_xlfn.XLOOKUP(C26,Dados!$C$3:$C$329,Dados!$S$3:$S$329,"") -> 0.96979795 | V26: =_xlfn.XLOOKUP(C26,Dados!$C$3:$C$329,Dados!$T$3:$T$329,"") -> 1941.4016 | W26: =_xlfn.XLOOKUP(C26,Dados!$C$3:$C$329,Dados!$U$3:$U$329,"") -> 1591.6831 | X26: =_xlfn.XLOOKUP(C26,Dados!$C$3:$C$329,Dados!$V$3:$V$329,"") -> 1376.6618 | Y26: =_xlfn.XLOOKUP(C26,Dados!$C$3:$C$329,Dados!$W$3:$W$329,"") -> 1144.7789 | Z26: =_xlfn.XLOOKUP(C26,Dados!$C$3:$C$329,Dados!$X$3:$X$329,"") -> 1036.1581 | AF26: 0.11093601 | AG26: 0.27486223 | AH26: 0.27357339 | AI26: 0.28884176 | AJ26: 0 | AK26: {=_xlfn.XLOOKUP(C26,Dados!$C$3:$C$329,Dados!$Z$3:'Dados'!$Z$329,"")} -> 11.246606 | AL26: {=_xlfn.XLOOKUP(C26,Dados!$C$3:$C$329,Dados!$AA$3:'Dados'!$AA$329,"")} -> 9.2002061 | AM26: {=_xlfn.XLOOKUP(C26,Dados!$C$3:$C$329,Dados!$AB$3:'Dados'!$AB$329,"")} -> 9.4035027 | AN26: {=_xlfn.XLOOKUP(C26,Dados!$C$3:$C$329,Dados!$AC$3:'Dados'!$AC$329,"")} -> 8.7458673 | AO26: {=_xlfn.XLOOKUP(C26,Dados!$C$3:$C$329,Dados!$AD$3:'Dados'!$AD$329,"")} -> 5.7198093
A27: 157 | B27: Consórcio Intermunicipal de Saúde do Alto Jequitinhonha - CISAJE | C27: 00.699.767/0001-50 | D27: Minas Gerais | E27: Sudeste | F27: =_xlfn.XLOOKUP(C27,Dados!$C$3:$C$329,Dados!$D$3:$D$329,"") -> 29 | G27: =_xlfn.XLOOKUP(C27,Dados!$C$3:$C$329,Dados!$E$3:$E$329,"") -> 270752 | H27: =_xlfn.XLOOKUP(C27,Dados!$C$3:$C$329,Dados!$F$3:$F$329,"") -> 274237 | I27: =_xlfn.XLOOKUP(C27,Dados!$C$3:$C$329,Dados!$G$3:$G$329,"") -> 277722 | J27: =_xlfn.XLOOKUP(C27,Dados!$C$3:$C$329,Dados!$H$3:$H$329,"") -> 281207 | K27: =_xlfn.XLOOKUP(C27,Dados!$C$3:$C$329,Dados!$I$3:$I$329,"") -> 280685 | L27: =_xlfn.XLOOKUP(C27,Dados!$C$3:$C$329,Dados!$J$3:$J$329,"") -> 23 | M27: =_xlfn.XLOOKUP(C27,Dados!$C$3:$C$329,Dados!$K$3:$K$329,"") -> Sudeste | N27: =_xlfn.XLOOKUP(C27,Dados!$C$3:$C$329,Dados!$L$3:$L$329,"") -> 2 | O27: =_xlfn.XLOOKUP(C27,Dados!$C$3:$C$329,Dados!$M$3:$M$329,"") -> 0.6444107 | P27: =_xlfn.XLOOKUP(C27,Dados!$C$3:$C$329,Dados!$N$3:$N$329,"") -> 0.62870496 | Q27: =_xlfn.XLOOKUP(C27,Dados!$C$3:$C$329,Dados!$O$3:$O$329,"") -> 0.58040711 | R27: =_xlfn.XLOOKUP(C27,Dados!$C$3:$C$329,Dados!$P$3:$P$329,"") -> 0.57950652 | S27: =_xlfn.XLOOKUP(C27,Dados!$C$3:$C$329,Dados!$Q$3:$Q$329,"") -> 0.61011468 | T27: =_xlfn.XLOOKUP(C27,Dados!$C$3:$C$329,Dados!$R$3:$R$329,"") -> 0.7476919 | U27: =_xlfn.XLOOKUP(C27,Dados!$C$3:$C$329,Dados!$S$3:$S$329,"") -> 0.74920539 | V27: =_xlfn.XLOOKUP(C27,Dados!$C$3:$C$329,Dados!$T$3:$T$329,"") -> 2319.5202 | W27: =_xlfn.XLOOKUP(C27,Dados!$C$3:$C$329,Dados!$U$3:$U$329,"") -> 1906.9829 | X27: =_xlfn.XLOOKUP(C27,Dados!$C$3:$C$329,Dados!$V$3:$V$329,"") -> 1490.8746 | Y27: =_xlfn.XLOOKUP(C27,Dados!$C$3:$C$329,Dados!$W$3:$W$329,"") -> 1215.9936 | Z27: =_xlfn.XLOOKUP(C27,Dados!$C$3:$C$329,Dados!$X$3:$X$329,"") -> 1094.8683 | AF27: 0.2034998 | AG27: 0.17868442 | AH27: 0.23588136 | AI27: 0.30377561 | AJ27: #DIV/0! | AK27: {=_xlfn.XLOOKUP(C27,Dados!$C$3:$C$329,Dados!$Z$3:'Dados'!$Z$329,"")} -> 14.696035 | AL27: {=_xlfn.XLOOKUP(C27,Dados!$C$3:$C$329,Dados!$AA$3:'Dados'!$AA$329,"")} -> 11.178127 | AM27: {=_xlfn.XLOOKUP(C27,Dados!$C$3:$C$329,Dados!$AB$3:'Dados'!$AB$329,"")} -> 8.0800981 | AN27: {=_xlfn.XLOOKUP(C27,Dados!$C$3:$C$329,Dados!$AC$3:'Dados'!$AC$329,"")} -> 4.1731429 | AO27: {=_xlfn.XLOOKUP(C27,Dados!$C$3:$C$329,Dados!$AD$3:'Dados'!$AD$329,"")} -> 3.5762189
A28: 162 | B28: Consórcio Intermunicipal de Saúde do Centro Leste - CISCEL | C28: 01.921.228/0001-87 | D28: Minas Gerais | E28: Sudeste | F28: =_xlfn.XLOOKUP(C28,Dados!$C$3:$C$329,Dados!$D$3:$D$329,"") -> 28 | G28: =_xlfn.XLOOKUP(C28,Dados!$C$3:$C$329,Dados!$E$3:$E$329,"") -> 230175 | H28: =_xlfn.XLOOKUP(C28,Dados!$C$3:$C$329,Dados!$F$3:$F$329,"") -> 231640.67 | I28: =_xlfn.XLOOKUP(C28,Dados!$C$3:$C$329,Dados!$G$3:$G$329,"") -> 233106.33 | J28: =_xlfn.XLOOKUP(C28,Dados!$C$3:$C$329,Dados!$H$3:$H$329,"") -> 234572 | K28: =_xlfn.XLOOKUP(C28,Dados!$C$3:$C$329,Dados!$I$3:$I$329,"") -> 233173 | L28: =_xlfn.XLOOKUP(C28,Dados!$C$3:$C$329,Dados!$J$3:$J$329,"") -> 12 | M28: =_xlfn.XLOOKUP(C28,Dados!$C$3:$C$329,Dados!$K$3:$K$329,"") -> Sudeste | N28: =_xlfn.XLOOKUP(C28,Dados!$C$3:$C$329,Dados!$L$3:$L$329,"") -> 2 | O28: =_xlfn.XLOOKUP(C28,Dados!$C$3:$C$329,Dados!$M$3:$M$329,"") -> 0.686619 | P28: =_xlfn.XLOOKUP(C28,Dados!$C$3:$C$329,Dados!$N$3:$N$329,"") -> 0.66695831 | Q28: =_xlfn.XLOOKUP(C28,Dados!$C$3:$C$329,Dados!$O$3:$O$329,"") -> 0.64857726 | R28: =_xlfn.XLOOKUP(C28,Dados!$C$3:$C$329,Dados!$P$3:$P$329,"") -> 0.63546306 | S28: =_xlfn.XLOOKUP(C28,Dados!$C$3:$C$329,Dados!$Q$3:$Q$329,"") -> 0.70716852 | T28: =_xlfn.XLOOKUP(C28,Dados!$C$3:$C$329,Dados!$R$3:$R$329,"") -> 0.8296914 | U28: =_xlfn.XLOOKUP(C28,Dados!$C$3:$C$329,Dados!$S$3:$S$329,"") -> 0.88885121 | V28: =_xlfn.XLOOKUP(C28,Dados!$C$3:$C$329,Dados!$T$3:$T$329,"") -> 2900.3828 | W28: =_xlfn.XLOOKUP(C28,Dados!$C$3:$C$329,Dados!$U$3:$U$329,"") -> 2354.1451 | X28: =_xlfn.XLOOKUP(C28,Dados!$C$3:$C$329,Dados!$V$3:$V$329,"") -> 2044.3531 | Y28: =_xlfn.XLOOKUP(C28,Dados!$C$3:$C$329,Dados!$W$3:$W$329,"") -> 1637.0474 | Z28: =_xlfn.XLOOKUP(C28,Dados!$C$3:$C$329,Dados!$X$3:$X$329,"") -> 1580.1125 | AF28: #DIV/0! | AG28: #DIV/0! | AH28: #DIV/0! | AI28: 0.12731291 | AJ28: 0.15021078 | AK28: {=_xlfn.XLOOKUP(C28,Dados!$C$3:$C$329,Dados!$Z$3:'Dados'!$Z$329,"")} -> 12.615532 | AL28: {=_xlfn.XLOOKUP(C28,Dados!$C$3:$C$329,Dados!$AA$3:'Dados'!$AA$329,"")} -> 9.6346943 | AM28: {=_xlfn.XLOOKUP(C28,Dados!$C$3:$C$329,Dados!$AB$3:'Dados'!$AB$329,"")} -> 8.6022073 | AN28: {=_xlfn.XLOOKUP(C28,Dados!$C$3:$C$329,Dados!$AC$3:'Dados'!$AC$329,"")} -> 6.2488916 | AO28: {=_xlfn.XLOOKUP(C28,Dados!$C$3:$C$329,Dados!$AD$3:'Dados'!$AD$329,"")} -> 5.2142229
A29: 165 | B29: Consórcio Intermunicipal de Saúde dos Municípios da Região dos Lagos do Sul de Minas - CISLAGOS | C29: 01.243.423/0001-03 | D29: Minas Gerais | E29: Sudeste | F29: =_xlfn.XLOOKUP(C29,Dados!$C$3:$C$329,Dados!$D$3:$D$329,"") -> 28 | G29: =_xlfn.XLOOKUP(C29,Dados!$C$3:$C$329,Dados!$E$3:$E$329,"") -> 683026 | H29: =_xlfn.XLOOKUP(C29,Dados!$C$3:$C$329,Dados!$F$3:$F$329,"") -> 684444 | I29: =_xlfn.XLOOKUP(C29,Dados!$C$3:$C$329,Dados!$G$3:$G$329,"") -> 685862 | J29: =_xlfn.XLOOKUP(C29,Dados!$C$3:$C$329,Dados!$H$3:$H$329,"") -> 687280 | K29: =_xlfn.XLOOKUP(C29,Dados!$C$3:$C$329,Dados!$I$3:$I$329,"") -> 684998 | L29: =_xlfn.XLOOKUP(C29,Dados!$C$3:$C$329,Dados!$J$3:$J$329,"") -> 39 | M29: =_xlfn.XLOOKUP(C29,Dados!$C$3:$C$329,Dados!$K$3:$K$329,"") -> Sudeste | N29: =_xlfn.XLOOKUP(C29,Dados!$C$3:$C$329,Dados!$L$3:$L$329,"") -> 1 | O29: =_xlfn.XLOOKUP(C29,Dados!$C$3:$C$329,Dados!$M$3:$M$329,"") -> 0.70805846 | P29: =_xlfn.XLOOKUP(C29,Dados!$C$3:$C$329,Dados!$N$3:$N$329,"") -> 0.68303774 | Q29: =_xlfn.XLOOKUP(C29,Dados!$C$3:$C$329,Dados!$O$3:$O$329,"") -> 0.658181 | R29: =_xlfn.XLOOKUP(C29,Dados!$C$3:$C$329,Dados!$P$3:$P$329,"") -> 0.63563223 | S29: =_xlfn.XLOOKUP(C29,Dados!$C$3:$C$329,Dados!$Q$3:$Q$329,"") -> 0.81494276 | T29: =_xlfn.XLOOKUP(C29,Dados!$C$3:$C$329,Dados!$R$3:$R$329,"") -> 0.80580606 | U29: =_xlfn.XLOOKUP(C29,Dados!$C$3:$C$329,Dados!$S$3:$S$329,"") -> 0.92920405 | V29: =_xlfn.XLOOKUP(C29,Dados!$C$3:$C$329,Dados!$T$3:$T$329,"") -> 1868.7059 | W29: =_xlfn.XLOOKUP(C29,Dados!$C$3:$C$329,Dados!$U$3:$U$329,"") -> 1646.5126 | X29: =_xlfn.XLOOKUP(C29,Dados!$C$3:$C$329,Dados!$V$3:$V$329,"") -> 1365.4588 | Y29: =_xlfn.XLOOKUP(C29,Dados!$C$3:$C$329,Dados!$W$3:$W$329,"") -> 1154.3839 | Z29: =_xlfn.XLOOKUP(C29,Dados!$C$3:$C$329,Dados!$X$3:$X$329,"") -> 1061.286 | AF29: 0.99476038 | AG29: #DIV/0! | AH29: #DIV/0! | AI29: #DIV/0! | AJ29: #DIV/0! | AK29: {=_xlfn.XLOOKUP(C29,Dados!$C$3:$C$329,Dados!$Z$3:'Dados'!$Z$329,"")} -> 15.172933 | AL29: {=_xlfn.XLOOKUP(C29,Dados!$C$3:$C$329,Dados!$AA$3:'Dados'!$AA$329,"")} -> 12.296061 | AM29: {=_xlfn.XLOOKUP(C29,Dados!$C$3:$C$329,Dados!$AB$3:'Dados'!$AB$329,"")} -> 9.8955723 | AN29: {=_xlfn.XLOOKUP(C29,Dados!$C$3:$C$329,Dados!$AC$3:'Dados'!$AC$329,"")} -> 7.2297768 | AO29: {=_xlfn.XLOOKUP(C29,Dados!$C$3:$C$329,Dados!$AD$3:'Dados'!$AD$329,"")} -> 7.1178106
A30: 169 | B30: Consórcio Intermunicipal de Saúde das Vertentes - CISVER | C30: 01.098.929/0001-68 | D30: Minas Gerais | E30: Sudeste | F30: =_xlfn.XLOOKUP(C30,Dados!$C$3:$C$329,Dados!$D$3:$D$329,"") -> 28 | G30: =_xlfn.XLOOKUP(C30,Dados!$C$3:$C$329,Dados!$E$3:$E$329,"") -> 130500 | H30: =_xlfn.XLOOKUP(C30,Dados!$C$3:$C$329,Dados!$F$3:$F$329,"") -> 130293.33 | I30: =_xlfn.XLOOKUP(C30,Dados!$C$3:$C$329,Dados!$G$3:$G$329,"") -> 130086.67 | J30: =_xlfn.XLOOKUP(C30,Dados!$C$3:$C$329,Dados!$H$3:$H$329,"") -> 129880 | K30: =_xlfn.XLOOKUP(C30,Dados!$C$3:$C$329,Dados!$I$3:$I$329,"") -> 129447 | L30: =_xlfn.XLOOKUP(C30,Dados!$C$3:$C$329,Dados!$J$3:$J$329,"") -> 16 | M30: =_xlfn.XLOOKUP(C30,Dados!$C$3:$C$329,Dados!$K$3:$K$329,"") -> Sudeste | N30: =_xlfn.XLOOKUP(C30,Dados!$C$3:$C$329,Dados!$L$3:$L$329,"") -> 3 | O30: =_xlfn.XLOOKUP(C30,Dados!$C$3:$C$329,Dados!$M$3:$M$329,"") -> 0.63008829 | P30: =_xlfn.XLOOKUP(C30,Dados!$C$3:$C$329,Dados!$N$3:$N$329,"") -> 0.60778838 | Q30: =_xlfn.XLOOKUP(C30,Dados!$C$3:$C$329,Dados!$O$3:$O$329,"") -> 0.58346538 | R30: =_xlfn.XLOOKUP(C30,Dados!$C$3:$C$329,Dados!$P$3:$P$329,"") -> 0.56169345 | S30: =_xlfn.XLOOKUP(C30,Dados!$C$3:$C$329,Dados!$Q$3:$Q$329,"") -> 0.73666017 | T30: =_xlfn.XLOOKUP(C30,Dados!$C$3:$C$329,Dados!$R$3:$R$329,"") -> 0.86356583 | U30: =_xlfn.XLOOKUP(C30,Dados!$C$3:$C$329,Dados!$S$3:$S$329,"") -> 0.93980268 | V30: =_xlfn.XLOOKUP(C30,Dados!$C$3:$C$329,Dados!$T$3:$T$329,"") -> 1729.1997 | W30: =_xlfn.XLOOKUP(C30,Dados!$C$3:$C$329,Dados!$U$3:$U$329,"") -> 1406.4777 | X30: =_xlfn.XLOOKUP(C30,Dados!$C$3:$C$329,Dados!$V$3:$V$329,"") -> 1162.1986 | Y30: =_xlfn.XLOOKUP(C30,Dados!$C$3:$C$329,Dados!$W$3:$W$329,"") -> 927.08777 | Z30: =_xlfn.XLOOKUP(C30,Dados!$C$3:$C$329,Dados!$X$3:$X$329,"") -> 863.38072 | AF30: 0 | AG30: 0 | AH30: 0 | AI30: 0 | AJ30: 0 | AK30: {=_xlfn.XLOOKUP(C30,Dados!$C$3:$C$329,Dados!$Z$3:'Dados'!$Z$329,"")} -> 14.473226 | AL30: {=_xlfn.XLOOKUP(C30,Dados!$C$3:$C$329,Dados!$AA$3:'Dados'!$AA$329,"")} -> 10.912055 | AM30: {=_xlfn.XLOOKUP(C30,Dados!$C$3:$C$329,Dados!$AB$3:'Dados'!$AB$329,"")} -> 7.3104879 | AN30: {=_xlfn.XLOOKUP(C30,Dados!$C$3:$C$329,Dados!$AC$3:'Dados'!$AC$329,"")} -> 4.780482 | AO30: {=_xlfn.XLOOKUP(C30,Dados!$C$3:$C$329,Dados!$AD$3:'Dados'!$AD$329,"")} -> 6.4971069
A31: 172 | B31: Consórcio Intermunicipal de Saúde Verde - CISVERDE | C31: 02.034.350/0001-02 | D31: Minas Gerais | E31: Sudeste | F31: =_xlfn.XLOOKUP(C31,Dados!$C$3:$C$329,Dados!$D$3:$D$329,"") -> 27 | G31: =_xlfn.XLOOKUP(C31,Dados!$C$3:$C$329,Dados!$E$3:$E$329,"") -> 292156 | H31: =_xlfn.XLOOKUP(C31,Dados!$C$3:$C$329,Dados!$F$3:$F$329,"") -> 291086.67 | I31: =_xlfn.XLOOKUP(C31,Dados!$C$3:$C$329,Dados!$G$3:$G$329,"") -> 290017.33 | J31: =_xlfn.XLOOKUP(C31,Dados!$C$3:$C$329,Dados!$H$3:$H$329,"") -> 288948 | K31: =_xlfn.XLOOKUP(C31,Dados!$C$3:$C$329,Dados!$I$3:$I$329,"") -> 287364 | L31: =_xlfn.XLOOKUP(C31,Dados!$C$3:$C$329,Dados!$J$3:$J$329,"") -> 17 | M31: =_xlfn.XLOOKUP(C31,Dados!$C$3:$C$329,Dados!$K$3:$K$329,"") -> Sudeste | N31: =_xlfn.XLOOKUP(C31,Dados!$C$3:$C$329,Dados!$L$3:$L$329,"") -> 1 | O31: =_xlfn.XLOOKUP(C31,Dados!$C$3:$C$329,Dados!$M$3:$M$329,"") -> 0.63722368 | P31: =_xlfn.XLOOKUP(C31,Dados!$C$3:$C$329,Dados!$N$3:$N$329,"") -> 0.62237673 | Q31: =_xlfn.XLOOKUP(C31,Dados!$C$3:$C$329,Dados!$O$3:$O$329,"") -> 0.57861917 | R31: =_xlfn.XLOOKUP(C31,Dados!$C$3:$C$329,Dados!$P$3:$P$329,"") -> 0.56959918 | S31: =_xlfn.XLOOKUP(C31,Dados!$C$3:$C$329,Dados!$Q$3:$Q$329,"") -> 0.65824707 | T31: =_xlfn.XLOOKUP(C31,Dados!$C$3:$C$329,Dados!$R$3:$R$329,"") -> 0.71582824 | U31: =_xlfn.XLOOKUP(C31,Dados!$C$3:$C$329,Dados!$S$3:$S$329,"") -> 0.87703536 | V31: =_xlfn.XLOOKUP(C31,Dados!$C$3:$C$329,Dados!$T$3:$T$329,"") -> 1780.3256 | W31: =_xlfn.XLOOKUP(C31,Dados!$C$3:$C$329,Dados!$U$3:$U$329,"") -> 1488.1973 | X31: =_xlfn.XLOOKUP(C31,Dados!$C$3:$C$329,Dados!$V$3:$V$329,"") -> 1288.4081 | Y31: =_xlfn.XLOOKUP(C31,Dados!$C$3:$C$329,Dados!$W$3:$W$329,"") -> 1055.104 | Z31: =_xlfn.XLOOKUP(C31,Dados!$C$3:$C$329,Dados!$X$3:$X$329,"") -> 964.6236 | AF31: 0 | AG31: 0 | AH31: 0 | AI31: 0 | AJ31: 0 | AK31: {=_xlfn.XLOOKUP(C31,Dados!$C$3:$C$329,Dados!$Z$3:'Dados'!$Z$329,"")} -> 10.891818 | AL31: {=_xlfn.XLOOKUP(C31,Dados!$C$3:$C$329,Dados!$AA$3:'Dados'!$AA$329,"")} -> 7.0122861 | AM31: {=_xlfn.XLOOKUP(C31,Dados!$C$3:$C$329,Dados!$AB$3:'Dados'!$AB$329,"")} -> 4.9244057 | AN31: {=_xlfn.XLOOKUP(C31,Dados!$C$3:$C$329,Dados!$AC$3:'Dados'!$AC$329,"")} -> 5.2949458 | AO31: {=_xlfn.XLOOKUP(C31,Dados!$C$3:$C$329,Dados!$AD$3:'Dados'!$AD$329,"")} -> 5.2535043
A32: 181 | B32: Consórcio Intermunicipal de Saúde dos Municípios da Microrregião do Alto Sapucaí - CISMAS | C32: 01.111.142/0001-99 | D32: Minas Gerais | E32: Sudeste | F32: =_xlfn.XLOOKUP(C32,Dados!$C$3:$C$329,Dados!$D$3:$D$329,"") -> 29 | G32: =_xlfn.XLOOKUP(C32,Dados!$C$3:$C$329,Dados!$E$3:$E$329,"") -> 207172 | H32: =_xlfn.XLOOKUP(C32,Dados!$C$3:$C$329,Dados!$F$3:$F$329,"") -> 206875 | I32: =_xlfn.XLOOKUP(C32,Dados!$C$3:$C$329,Dados!$G$3:$G$329,"") -> 206578 | J32: =_xlfn.XLOOKUP(C32,Dados!$C$3:$C$329,Dados!$H$3:$H$329,"") -> 206281 | K32: =_xlfn.XLOOKUP(C32,Dados!$C$3:$C$329,Dados!$I$3:$I$329,"") -> 205738 | L32: =_xlfn.XLOOKUP(C32,Dados!$C$3:$C$329,Dados!$J$3:$J$329,"") -> 15 | M32: =_xlfn.XLOOKUP(C32,Dados!$C$3:$C$329,Dados!$K$3:$K$329,"") -> Sudeste | N32: =_xlfn.XLOOKUP(C32,Dados!$C$3:$C$329,Dados!$L$3:$L$329,"") -> 1 | O32: =_xlfn.XLOOKUP(C32,Dados!$C$3:$C$329,Dados!$M$3:$M$329,"") -> 0.70540286 | P32: =_xlfn.XLOOKUP(C32,Dados!$C$3:$C$329,Dados!$N$3:$N$329,"") -> 0.69309042 | Q32: =_xlfn.XLOOKUP(C32,Dados!$C$3:$C$329,Dados!$O$3:$O$329,"") -> 0.65399732 | R32: =_xlfn.XLOOKUP(C32,Dados!$C$3:$C$329,Dados!$P$3:$P$329,"") -> 0.64581119 | S32: =_xlfn.XLOOKUP(C32,Dados!$C$3:$C$329,Dados!$Q$3:$Q$329,"") -> 0.74195701 | T32: =_xlfn.XLOOKUP(C32,Dados!$C$3:$C$329,Dados!$R$3:$R$329,"") -> 0.7917461 | U32: =_xlfn.XLOOKUP(C32,Dados!$C$3:$C$329,Dados!$S$3:$S$329,"") -> 0.98028489 | V32: =_xlfn.XLOOKUP(C32,Dados!$C$3:$C$329,Dados!$T$3:$T$329,"") -> 1796.7959 | W32: =_xlfn.XLOOKUP(C32,Dados!$C$3:$C$329,Dados!$U$3:$U$329,"") -> 1557.0036 | X32: =_xlfn.XLOOKUP(C32,Dados!$C$3:$C$329,Dados!$V$3:$V$329,"") -> 1341.5295 | Y32: =_xlfn.XLOOKUP(C32,Dados!$C$3:$C$329,Dados!$W$3:$W$329,"") -> 1303.3044 | Z32: =_xlfn.XLOOKUP(C32,Dados!$C$3:$C$329,Dados!$X$3:$X$329,"") -> 1044.8447 | AF32: 0.054603773 | AG32: 0.05514245 | AH32: 0.088285397 | AI32: 0.11713789 | AJ32: 0.14757401 | AK32: {=_xlfn.XLOOKUP(C32,Dados!$C$3:$C$329,Dados!$Z$3:'Dados'!$Z$329,"")} -> 7.3622449 | AL32: {=_xlfn.XLOOKUP(C32,Dados!$C$3:$C$329,Dados!$AA$3:'Dados'!$AA$329,"")} -> 6.6266731 | AM32: {=_xlfn.XLOOKUP(C32,Dados!$C$3:$C$329,Dados!$AB$3:'Dados'!$AB$329,"")} -> 5.8216509 | AN32: {=_xlfn.XLOOKUP(C32,Dados!$C$3:$C$329,Dados!$AC$3:'Dados'!$AC$329,"")} -> 5.005827 | AO32: {=_xlfn.XLOOKUP(C32,Dados!$C$3:$C$329,Dados!$AD$3:'Dados'!$AD$329,"")} -> 3.9988043
A33: 183 | B33: Agência de Cooperação Intermunicipal em Saúde Pé da Serra - ACISPES | C33: 01.203.485/0001-83 | D33: Minas Gerais | E33: Sudeste | F33: =_xlfn.XLOOKUP(C33,Dados!$C$3:$C$329,Dados!$D$3:$D$329,"") -> 28 | G33: =_xlfn.XLOOKUP(C33,Dados!$C$3:$C$329,Dados!$E$3:$E$329,"") -> 180449 | H33: =_xlfn.XLOOKUP(C33,Dados!$C$3:$C$329,Dados!$F$3:$F$329,"") -> 180617 | I33: =_xlfn.XLOOKUP(C33,Dados!$C$3:$C$329,Dados!$G$3:$G$329,"") -> 180785 | J33: =_xlfn.XLOOKUP(C33,Dados!$C$3:$C$329,Dados!$H$3:$H$329,"") -> 180953 | K33: =_xlfn.XLOOKUP(C33,Dados!$C$3:$C$329,Dados!$I$3:$I$329,"") -> 180989 | L33: =_xlfn.XLOOKUP(C33,Dados!$C$3:$C$329,Dados!$J$3:$J$329,"") -> 27 | M33: =_xlfn.XLOOKUP(C33,Dados!$C$3:$C$329,Dados!$K$3:$K$329,"") -> Sudeste | N33: =_xlfn.XLOOKUP(C33,Dados!$C$3:$C$329,Dados!$L$3:$L$329,"") -> 1 | O33: =_xlfn.XLOOKUP(C33,Dados!$C$3:$C$329,Dados!$M$3:$M$329,"") -> 0.61375796 | P33: =_xlfn.XLOOKUP(C33,Dados!$C$3:$C$329,Dados!$N$3:$N$329,"") -> 0.59853701 | Q33: =_xlfn.XLOOKUP(C33,Dados!$C$3:$C$329,Dados!$O$3:$O$329,"") -> 0.56549763 | R33: =_xlfn.XLOOKUP(C33,Dados!$C$3:$C$329,Dados!$P$3:$P$329,"") -> 0.55857394 | S33: =_xlfn.XLOOKUP(C33,Dados!$C$3:$C$329,Dados!$Q$3:$Q$329,"") -> 0.68503114 | T33: =_xlfn.XLOOKUP(C33,Dados!$C$3:$C$329,Dados!$R$3:$R$329,"") -> 0.80391516 | U33: =_xlfn.XLOOKUP(C33,Dados!$C$3:$C$329,Dados!$S$3:$S$329,"") -> 0.93331012 | V33: =_xlfn.XLOOKUP(C33,Dados!$C$3:$C$329,Dados!$T$3:$T$329,"") -> 2122.5751 | W33: =_xlfn.XLOOKUP(C33,Dados!$C$3:$C$329,Dados!$U$3:$U$329,"") -> 1867.1792 | X33: =_xlfn.XLOOKUP(C33,Dados!$C$3:$C$329,Dados!$V$3:$V$329,"") -> 1643.1198 | Y33: =_xlfn.XLOOKUP(C33,Dados!$C$3:$C$329,Dados!$W$3:$W$329,"") -> 1358.23 | Z33: =_xlfn.XLOOKUP(C33,Dados!$C$3:$C$329,Dados!$X$3:$X$329,"") -> 1124.6931 | AF33: 0.26150562 | AG33: 0.27399472 | AH33: 0.27409185 | AI33: 0.27117095 | AJ33: 0.34403821 | AK33: {=_xlfn.XLOOKUP(C33,Dados!$C$3:$C$329,Dados!$Z$3:'Dados'!$Z$329,"")} -> 6.8581649 | AL33: {=_xlfn.XLOOKUP(C33,Dados!$C$3:$C$329,Dados!$AA$3:'Dados'!$AA$329,"")} -> 8.297054 | AM33: {=_xlfn.XLOOKUP(C33,Dados!$C$3:$C$329,Dados!$AB$3:'Dados'!$AB$329,"")} -> 4.4351357 | AN33: {=_xlfn.XLOOKUP(C33,Dados!$C$3:$C$329,Dados!$AC$3:'Dados'!$AC$329,"")} -> 3.8624007 | AO33: {=_xlfn.XLOOKUP(C33,Dados!$C$3:$C$329,Dados!$AD$3:'Dados'!$AD$329,"")} -> 3.73347
A34: 234 | B34: Consórcio Público Intermunicipal de Saúde do Norte e Noroeste Fluminense - CISNOVO | C34: 27.927.406/0001-70 | D34: Rio de Janeiro | E34: Sudeste | F34: =_xlfn.XLOOKUP(C34,Dados!$C$3:$C$329,Dados!$D$3:$D$329,"") -> 7 | G34: =_xlfn.XLOOKUP(C34,Dados!$C$3:$C$329,Dados!$E$3:$E$329,"") -> 136909 | H34: =_xlfn.XLOOKUP(C34,Dados!$C$3:$C$329,Dados!$F$3:$F$329,"") -> 136301.33 | I34: =_xlfn.XLOOKUP(C34,Dados!$C$3:$C$329,Dados!$G$3:$G$329,"") -> 135693.67 | J34: =_xlfn.XLOOKUP(C34,Dados!$C$3:$C$329,Dados!$H$3:$H$329,"") -> 135086 | K34: =_xlfn.XLOOKUP(C34,Dados!$C$3:$C$329,Dados!$I$3:$I$329,"") -> 134858 | L34: =_xlfn.XLOOKUP(C34,Dados!$C$3:$C$329,Dados!$J$3:$J$329,"") -> 6 | M34: =_xlfn.XLOOKUP(C34,Dados!$C$3:$C$329,Dados!$K$3:$K$329,"") -> Sudeste | N34: =_xlfn.XLOOKUP(C34,Dados!$C$3:$C$329,Dados!$L$3:$L$329,"") -> 2 | O34: =_xlfn.XLOOKUP(C34,Dados!$C$3:$C$329,Dados!$M$3:$M$329,"") -> 0.58278184 | P34: =_xlfn.XLOOKUP(C34,Dados!$C$3:$C$329,Dados!$N$3:$N$329,"") -> 0.57472587 | Q34: =_xlfn.XLOOKUP(C34,Dados!$C$3:$C$329,Dados!$O$3:$O$329,"") -> 0.53538215 | R34: =_xlfn.XLOOKUP(C34,Dados!$C$3:$C$329,Dados!$P$3:$P$329,"") -> 0.54142727 | S34: =_xlfn.XLOOKUP(C34,Dados!$C$3:$C$329,Dados!$Q$3:$Q$329,"") -> 0.63218507 | T34: =_xlfn.XLOOKUP(C34,Dados!$C$3:$C$329,Dados!$R$3:$R$329,"") -> 0.81377808 | U34: =_xlfn.XLOOKUP(C34,Dados!$C$3:$C$329,Dados!$S$3:$S$329,"") -> 0.90502718 | V34: =_xlfn.XLOOKUP(C34,Dados!$C$3:$C$329,Dados!$T$3:$T$329,"") -> 2839.4586 | W34: =_xlfn.XLOOKUP(C34,Dados!$C$3:$C$329,Dados!$U$3:$U$329,"") -> 2216.5255 | X34: =_xlfn.XLOOKUP(C34,Dados!$C$3:$C$329,Dados!$V$3:$V$329,"") -> 2159.4096 | Y34: =_xlfn.XLOOKUP(C34,Dados!$C$3:$C$329,Dados!$W$3:$W$329,"") -> 1618.226 | Z34: =_xlfn.XLOOKUP(C34,Dados!$C$3:$C$329,Dados!$X$3:$X$329,"") -> 1384.6227 | AF34: 0 | AG34: 0 | AH34: 0 | AI34: #DIV/0! | AJ34: #DIV/0! | AK34: {=_xlfn.XLOOKUP(C34,Dados!$C$3:$C$329,Dados!$Z$3:'Dados'!$Z$329,"")} -> 21.666618 | AL34: {=_xlfn.XLOOKUP(C34,Dados!$C$3:$C$329,Dados!$AA$3:'Dados'!$AA$329,"")} -> 21.206572 | AM34: {=_xlfn.XLOOKUP(C34,Dados!$C$3:$C$329,Dados!$AB$3:'Dados'!$AB$329,"")} -> 19.851428 | AN34: {=_xlfn.XLOOKUP(C34,Dados!$C$3:$C$329,Dados!$AC$3:'Dados'!$AC$329,"")} -> 16.223709 | AO34: {=_xlfn.XLOOKUP(C34,Dados!$C$3:$C$329,Dados!$AD$3:'Dados'!$AD$329,"")} -> 15.221982
A35: 236 | B35: Consórcio Intermunicipal de Saúde da Região Serrana - CIS-SERRA | C35: 07.015.626/0001-10 | D35: Rio de Janeiro | E35: Sudeste | F35: =_xlfn.XLOOKUP(C35,Dados!$C$3:$C$329,Dados!$D$3:$D$329,"") -> 20 | G35: =_xlfn.XLOOKUP(C35,Dados!$C$3:$C$329,Dados!$E$3:$E$329,"") -> 915975 | H35: =_xlfn.XLOOKUP(C35,Dados!$C$3:$C$329,Dados!$F$3:$F$329,"") -> 922024.33 | I35: =_xlfn.XLOOKUP(C35,Dados!$C$3:$C$329,Dados!$G$3:$G$329,"") -> 928073.67 | J35: =_xlfn.XLOOKUP(C35,Dados!$C$3:$C$329,Dados!$H$3:$H$329,"") -> 934123 | K35: =_xlfn.XLOOKUP(C35,Dados!$C$3:$C$329,Dados!$I$3:$I$329,"") -> 929855 | L35: =_xlfn.XLOOKUP(C35,Dados!$C$3:$C$329,Dados!$J$3:$J$329,"") -> 14 | M35: =_xlfn.XLOOKUP(C35,Dados!$C$3:$C$329,Dados!$K$3:$K$329,"") -> Sudeste | N35: =_xlfn.XLOOKUP(C35,Dados!$C$3:$C$329,Dados!$L$3:$L$329,"") -> 2 | O35: =_xlfn.XLOOKUP(C35,Dados!$C$3:$C$329,Dados!$M$3:$M$329,"") -> 0.68407301 | P35: =_xlfn.XLOOKUP(C35,Dados!$C$3:$C$329,Dados!$N$3:$N$329,"") -> 0.66283772 | Q35: =_xlfn.XLOOKUP(C35,Dados!$C$3:$C$329,Dados!$O$3:$O$329,"") -> 0.63949265 | R35: =_xlfn.XLOOKUP(C35,Dados!$C$3:$C$329,Dados!$P$3:$P$329,"") -> 0.63054819 | S35: =_xlfn.XLOOKUP(C35,Dados!$C$3:$C$329,Dados!$Q$3:$Q$329,"") -> 0.6574676 | T35: =_xlfn.XLOOKUP(C35,Dados!$C$3:$C$329,Dados!$R$3:$R$329,"") -> 0.7245229 | U35: =_xlfn.XLOOKUP(C35,Dados!$C$3:$C$329,Dados!$S$3:$S$329,"") -> 0.97059809 | V35: =_xlfn.XLOOKUP(C35,Dados!$C$3:$C$329,Dados!$T$3:$T$329,"") -> 1882.8402 | W35: =_xlfn.XLOOKUP(C35,Dados!$C$3:$C$329,Dados!$U$3:$U$329,"") -> 1714.9208 | X35: =_xlfn.XLOOKUP(C35,Dados!$C$3:$C$329,Dados!$V$3:$V$329,"") -> 1663.9274 | Y35: =_xlfn.XLOOKUP(C35,Dados!$C$3:$C$329,Dados!$W$3:$W$329,"") -> 1438.2452 | Z35: =_xlfn.XLOOKUP(C35,Dados!$C$3:$C$329,Dados!$X$3:$X$329,"") -> 1256.0454 | AF35: 0.05180842 | AG35: 0.14121308 | AH35: 0.11202143 | AI35: 0.67258585 | AJ35: 0.56499146 | AK35: {=_xlfn.XLOOKUP(C35,Dados!$C$3:$C$329,Dados!$Z$3:'Dados'!$Z$329,"")} -> 22.41074 | AL35: {=_xlfn.XLOOKUP(C35,Dados!$C$3:$C$329,Dados!$AA$3:'Dados'!$AA$329,"")} -> 20.203443 | AM35: {=_xlfn.XLOOKUP(C35,Dados!$C$3:$C$329,Dados!$AB$3:'Dados'!$AB$329,"")} -> 18.093432 | AN35: {=_xlfn.XLOOKUP(C35,Dados!$C$3:$C$329,Dados!$AC$3:'Dados'!$AC$329,"")} -> 15.930726 | AO35: {=_xlfn.XLOOKUP(C35,Dados!$C$3:$C$329,Dados!$AD$3:'Dados'!$AD$329,"")} -> 10.920963
A36: 265 | B36: Consórcio Público Intermunicipal de Saúde da Região dos Grandes Lagos - CONSAGRA | C36: 00.973.293/0001-93 | D36: São Paulo | E36: Sudeste | F36: =_xlfn.XLOOKUP(C36,Dados!$C$3:$C$329,Dados!$D$3:$D$329,"") -> 15 | G36: =_xlfn.XLOOKUP(C36,Dados!$C$3:$C$329,Dados!$E$3:$E$329,"") -> 54601 | H36: =_xlfn.XLOOKUP(C36,Dados!$C$3:$C$329,Dados!$F$3:$F$329,"") -> 52485.333 | I36: =_xlfn.XLOOKUP(C36,Dados!$C$3:$C$329,Dados!$G$3:$G$329,"") -> 50369.667 | J36: =_xlfn.XLOOKUP(C36,Dados!$C$3:$C$329,Dados!$H$3:$H$329,"") -> 48254 | K36: =_xlfn.XLOOKUP(C36,Dados!$C$3:$C$329,Dados!$I$3:$I$329,"") -> 48017 | L36: =_xlfn.XLOOKUP(C36,Dados!$C$3:$C$329,Dados!$J$3:$J$329,"") -> 6 | M36: =_xlfn.XLOOKUP(C36,Dados!$C$3:$C$329,Dados!$K$3:$K$329,"") -> Sudeste | N36: =_xlfn.XLOOKUP(C36,Dados!$C$3:$C$329,Dados!$L$3:$L$329,"") -> 2 | O36: =_xlfn.XLOOKUP(C36,Dados!$C$3:$C$329,Dados!$M$3:$M$329,"") -> 0.78339741 | P36: =_xlfn.XLOOKUP(C36,Dados!$C$3:$C$329,Dados!$N$3:$N$329,"") -> 0.79251737 | Q36: =_xlfn.XLOOKUP(C36,Dados!$C$3:$C$329,Dados!$O$3:$O$329,"") -> 0.74097883 | R36: =_xlfn.XLOOKUP(C36,Dados!$C$3:$C$329,Dados!$P$3:$P$329,"") -> 0.74601519 | S36: =_xlfn.XLOOKUP(C36,Dados!$C$3:$C$329,Dados!$Q$3:$Q$329,"") -> 0.91092383 | T36: =_xlfn.XLOOKUP(C36,Dados!$C$3:$C$329,Dados!$R$3:$R$329,"") -> 0.91732611 | U36: =_xlfn.XLOOKUP(C36,Dados!$C$3:$C$329,Dados!$S$3:$S$329,"") -> 0.96309455 | V36: =_xlfn.XLOOKUP(C36,Dados!$C$3:$C$329,Dados!$T$3:$T$329,"") -> 1848.9776 | W36: =_xlfn.XLOOKUP(C36,Dados!$C$3:$C$329,Dados!$U$3:$U$329,"") -> 1805.3122 | X36: =_xlfn.XLOOKUP(C36,Dados!$C$3:$C$329,Dados!$V$3:$V$329,"") -> 1684.8044 | Y36: =_xlfn.XLOOKUP(C36,Dados!$C$3:$C$329,Dados!$W$3:$W$329,"") -> 1334.1169 | Z36: =_xlfn.XLOOKUP(C36,Dados!$C$3:$C$329,Dados!$X$3:$X$329,"") -> 1383.1849 | AF36: 0.36568486 | AG36: 0.3911488 | AH36: 0.37469553 | AI36: 0.31945744 | AJ36: #DIV/0! | AK36: {=_xlfn.XLOOKUP(C36,Dados!$C$3:$C$329,Dados!$Z$3:'Dados'!$Z$329,"")} -> 32.357942 | AL36: {=_xlfn.XLOOKUP(C36,Dados!$C$3:$C$329,Dados!$AA$3:'Dados'!$AA$329,"")} -> 27.136133 | AM36: {=_xlfn.XLOOKUP(C36,Dados!$C$3:$C$329,Dados!$AB$3:'Dados'!$AB$329,"")} -> 18.526507 | AN36: {=_xlfn.XLOOKUP(C36,Dados!$C$3:$C$329,Dados!$AC$3:'Dados'!$AC$329,"")} -> 15.43414 | AO36: {=_xlfn.XLOOKUP(C36,Dados!$C$3:$C$329,Dados!$AD$3:'Dados'!$AD$329,"")} -> 14.413895
A37: 266 | B37: Consórcio Intermunicipal do Extremo Noroeste de São Paulo - CIENSP | C37: 07.309.266/0001-60 | D37: São Paulo | E37: Sudeste | F37: =_xlfn.XLOOKUP(C37,Dados!$C$3:$C$329,Dados!$D$3:$D$329,"") -> 20 | G37: =_xlfn.XLOOKUP(C37,Dados!$C$3:$C$329,Dados!$E$3:$E$329,"") -> 309918 | H37: =_xlfn.XLOOKUP(C37,Dados!$C$3:$C$329,Dados!$F$3:$F$329,"") -> 313951.67 | I37: =_xlfn.XLOOKUP(C37,Dados!$C$3:$C$329,Dados!$G$3:$G$329,"") -> 317985.33 | J37: =_xlfn.XLOOKUP(C37,Dados!$C$3:$C$329,Dados!$H$3:$H$329,"") -> 322019 | K37: =_xlfn.XLOOKUP(C37,Dados!$C$3:$C$329,Dados!$I$3:$I$329,"") -> 320199 | L37: =_xlfn.XLOOKUP(C37,Dados!$C$3:$C$329,Dados!$J$3:$J$329,"") -> 21 | M37: =_xlfn.XLOOKUP(C37,Dados!$C$3:$C$329,Dados!$K$3:$K$329,"") -> Sudeste | N37: =_xlfn.XLOOKUP(C37,Dados!$C$3:$C$329,Dados!$L$3:$L$329,"") -> 13 | O37: =_xlfn.XLOOKUP(C37,Dados!$C$3:$C$329,Dados!$M$3:$M$329,"") -> 0.74363 | P37: =_xlfn.XLOOKUP(C37,Dados!$C$3:$C$329,Dados!$N$3:$N$329,"") -> 0.7112755 | Q37: =_xlfn.XLOOKUP(C37,Dados!$C$3:$C$329,Dados!$O$3:$O$329,"") -> 0.69975001 | R37: =_xlfn.XLOOKUP(C37,Dados!$C$3:$C$329,Dados!$P$3:$P$329,"") -> 0.69638699 | S37: =_xlfn.XLOOKUP(C37,Dados!$C$3:$C$329,Dados!$Q$3:$Q$329,"") -> 0.88969833 | T37: =_xlfn.XLOOKUP(C37,Dados!$C$3:$C$329,Dados!$R$3:$R$329,"") -> 0.89956351 | U37: =_xlfn.XLOOKUP(C37,Dados!$C$3:$C$329,Dados!$S$3:$S$329,"") -> 0.94723512 | V37: =_xlfn.XLOOKUP(C37,Dados!$C$3:$C$329,Dados!$T$3:$T$329,"") -> 2006.1039 | W37: =_xlfn.XLOOKUP(C37,Dados!$C$3:$C$329,Dados!$U$3:$U$329,"") -> 1768.9288 | X37: =_xlfn.XLOOKUP(C37,Dados!$C$3:$C$329,Dados!$V$3:$V$329,"") -> 1510.3813 | Y37: =_xlfn.XLOOKUP(C37,Dados!$C$3:$C$329,Dados!$W$3:$W$329,"") -> 1260.9636 | Z37: =_xlfn.XLOOKUP(C37,Dados!$C$3:$C$329,Dados!$X$3:$X$329,"") -> 1124.7546 | AF37: 0.022605888 | AG37: 0.01889903 | AH37: 0.017865648 | AI37: 0.020871263 | AJ37: 0.022261244 | AK37: {=_xlfn.XLOOKUP(C37,Dados!$C$3:$C$329,Dados!$Z$3:'Dados'!$Z$329,"")} -> 17.317039 | AL37: {=_xlfn.XLOOKUP(C37,Dados!$C$3:$C$329,Dados!$AA$3:'Dados'!$AA$329,"")} -> 17.490731 | AM37: {=_xlfn.XLOOKUP(C37,Dados!$C$3:$C$329,Dados!$AB$3:'Dados'!$AB$329,"")} -> 16.65457 | AN37: {=_xlfn.XLOOKUP(C37,Dados!$C$3:$C$329,Dados!$AC$3:'Dados'!$AC$329,"")} -> 13.228667 | AO37: {=_xlfn.XLOOKUP(C37,Dados!$C$3:$C$329,Dados!$AD$3:'Dados'!$AD$329,"")} -> 11.626816
A38: 267 | B38: Consórcio Intermunicipal de Saúde - CIMSA | C38: 03.714.880/0001-56 | D38: São Paulo | E38: Sudeste | F38: =_xlfn.XLOOKUP(C38,Dados!$C$3:$C$329,Dados!$D$3:$D$329,"") -> 24 | G38: =_xlfn.XLOOKUP(C38,Dados!$C$3:$C$329,Dados!$E$3:$E$329,"") -> 182242 | H38: =_xlfn.XLOOKUP(C38,Dados!$C$3:$C$329,Dados!$F$3:$F$329,"") -> 185489.33 | I38: =_xlfn.XLOOKUP(C38,Dados!$C$3:$C$329,Dados!$G$3:$G$329,"") -> 188736.67 | J38: =_xlfn.XLOOKUP(C38,Dados!$C$3:$C$329,Dados!$H$3:$H$329,"") -> 191984 | K38: =_xlfn.XLOOKUP(C38,Dados!$C$3:$C$329,Dados!$I$3:$I$329,"") -> 190167 | L38: =_xlfn.XLOOKUP(C38,Dados!$C$3:$C$329,Dados!$J$3:$J$329,"") -> 12 | M38: =_xlfn.XLOOKUP(C38,Dados!$C$3:$C$329,Dados!$K$3:$K$329,"") -> Sudeste | N38: =_xlfn.XLOOKUP(C38,Dados!$C$3:$C$329,Dados!$L$3:$L$329,"") -> 1 | O38: =_xlfn.XLOOKUP(C38,Dados!$C$3:$C$329,Dados!$M$3:$M$329,"") -> 0.78558749 | P38: =_xlfn.XLOOKUP(C38,Dados!$C$3:$C$329,Dados!$N$3:$N$329,"") -> 0.75565616 | Q38: =_xlfn.XLOOKUP(C38,Dados!$C$3:$C$329,Dados!$O$3:$O$329,"") -> 0.73885218 | R38: =_xlfn.XLOOKUP(C38,Dados!$C$3:$C$329,Dados!$P$3:$P$329,"") -> 0.7317375 | S38: =_xlfn.XLOOKUP(C38,Dados!$C$3:$C$329,Dados!$Q$3:$Q$329,"") -> 0.95462149 | T38: =_xlfn.XLOOKUP(C38,Dados!$C$3:$C$329,Dados!$R$3:$R$329,"") -> 0.9487008 | U38: =_xlfn.XLOOKUP(C38,Dados!$C$3:$C$329,Dados!$S$3:$S$329,"") -> 0.98340812 | V38: =_xlfn.XLOOKUP(C38,Dados!$C$3:$C$329,Dados!$T$3:$T$329,"") -> 1654.8516 | W38: =_xlfn.XLOOKUP(C38,Dados!$C$3:$C$329,Dados!$U$3:$U$329,"") -> 1440.0058 | X38: =_xlfn.XLOOKUP(C38,Dados!$C$3:$C$329,Dados!$V$3:$V$329,"") -> 1282.772 | Y38: =_xlfn.XLOOKUP(C38,Dados!$C$3:$C$329,Dados!$W$3:$W$329,"") -> 1129.5315 | Z38: =_xlfn.XLOOKUP(C38,Dados!$C$3:$C$329,Dados!$X$3:$X$329,"") -> 1063.2662 | AF38: 0.041788203 | AG38: 0.079575582 | AH38: 0.11304913 | AI38: 0.12650427 | AJ38: 0.17274344 | AK38: {=_xlfn.XLOOKUP(C38,Dados!$C$3:$C$329,Dados!$Z$3:'Dados'!$Z$329,"")} -> 23.086956 | AL38: {=_xlfn.XLOOKUP(C38,Dados!$C$3:$C$329,Dados!$AA$3:'Dados'!$AA$329,"")} -> 20.31768 | AM38: {=_xlfn.XLOOKUP(C38,Dados!$C$3:$C$329,Dados!$AB$3:'Dados'!$AB$329,"")} -> 18.633756 | AN38: {=_xlfn.XLOOKUP(C38,Dados!$C$3:$C$329,Dados!$AC$3:'Dados'!$AC$329,"")} -> 13.93126 | AO38: {=_xlfn.XLOOKUP(C38,Dados!$C$3:$C$329,Dados!$AD$3:'Dados'!$AD$329,"")} -> 12.88457
A39: 268 | B39: Consórcio Intermunicipal de Saúde da Microrregião de Penápolis - CIMPE | C39: 55.750.301/0001-24 | D39: São Paulo | E39: Sudeste | F39: =_xlfn.XLOOKUP(C39,Dados!$C$3:$C$329,Dados!$D$3:$D$329,"") -> 37 | G39: =_xlfn.XLOOKUP(C39,Dados!$C$3:$C$329,Dados!$E$3:$E$329,"") -> 98687 | H39: =_xlfn.XLOOKUP(C39,Dados!$C$3:$C$329,Dados!$F$3:$F$329,"") -> 101233.33 | I39: =_xlfn.XLOOKUP(C39,Dados!$C$3:$C$329,Dados!$G$3:$G$329,"") -> 103779.67 | J39: =_xlfn.XLOOKUP(C39,Dados!$C$3:$C$329,Dados!$H$3:$H$329,"") -> 106326 | K39: =_xlfn.XLOOKUP(C39,Dados!$C$3:$C$329,Dados!$I$3:$I$329,"") -> 105597 | L39: =_xlfn.XLOOKUP(C39,Dados!$C$3:$C$329,Dados!$J$3:$J$329,"") -> 7 | M39: =_xlfn.XLOOKUP(C39,Dados!$C$3:$C$329,Dados!$K$3:$K$329,"") -> Sudeste | N39: =_xlfn.XLOOKUP(C39,Dados!$C$3:$C$329,Dados!$L$3:$L$329,"") -> 14 | O39: =_xlfn.XLOOKUP(C39,Dados!$C$3:$C$329,Dados!$M$3:$M$329,"") -> 0.73118469 | P39: =_xlfn.XLOOKUP(C39,Dados!$C$3:$C$329,Dados!$N$3:$N$329,"") -> 0.69896174 | Q39: =_xlfn.XLOOKUP(C39,Dados!$C$3:$C$329,Dados!$O$3:$O$329,"") -> 0.70757875 | R39: =_xlfn.XLOOKUP(C39,Dados!$C$3:$C$329,Dados!$P$3:$P$329,"") -> 0.67889083 | S39: =_xlfn.XLOOKUP(C39,Dados!$C$3:$C$329,Dados!$Q$3:$Q$329,"") -> 0.91269411 | T39: =_xlfn.XLOOKUP(C39,Dados!$C$3:$C$329,Dados!$R$3:$R$329,"") -> 0.92396032 | U39: =_xlfn.XLOOKUP(C39,Dados!$C$3:$C$329,Dados!$S$3:$S$329,"") -> 0.94158267 | V39: =_xlfn.XLOOKUP(C39,Dados!$C$3:$C$329,Dados!$T$3:$T$329,"") -> 2023.6442 | W39: =_xlfn.XLOOKUP(C39,Dados!$C$3:$C$329,Dados!$U$3:$U$329,"") -> 1595.3257 | X39: =_xlfn.XLOOKUP(C39,Dados!$C$3:$C$329,Dados!$V$3:$V$329,"") -> 1373.1699 | Y39: =_xlfn.XLOOKUP(C39,Dados!$C$3:$C$329,Dados!$W$3:$W$329,"") -> 1236.356 | Z39: =_xlfn.XLOOKUP(C39,Dados!$C$3:$C$329,Dados!$X$3:$X$329,"") -> 1198.8211 | AF39: 0.15159652 | AG39: 0.1953754 | AH39: 0.22509091 | AI39: 0 | AJ39: 0 | AK39: {=_xlfn.XLOOKUP(C39,Dados!$C$3:$C$329,Dados!$Z$3:'Dados'!$Z$329,"")} -> 19.173336 | AL39: {=_xlfn.XLOOKUP(C39,Dados!$C$3:$C$329,Dados!$AA$3:'Dados'!$AA$329,"")} -> 18.307023 | AM39: {=_xlfn.XLOOKUP(C39,Dados!$C$3:$C$329,Dados!$AB$3:'Dados'!$AB$329,"")} -> 21.915632 | AN39: {=_xlfn.XLOOKUP(C39,Dados!$C$3:$C$329,Dados!$AC$3:'Dados'!$AC$329,"")} -> 15.606644 | AO39: {=_xlfn.XLOOKUP(C39,Dados!$C$3:$C$329,Dados!$AD$3:'Dados'!$AD$329,"")} -> 12.564751
A40: 269 | B40: Consórcio Regional Intermunicipal de Saúde - CRIS | C40: 07.833.463/0001-83 | D40: São Paulo | E40: Sudeste | F40: =_xlfn.XLOOKUP(C40,Dados!$C$3:$C$329,Dados!$D$3:$D$329,"") -> 19 | G40: =_xlfn.XLOOKUP(C40,Dados!$C$3:$C$329,Dados!$E$3:$E$329,"") -> 117618 | H40: =_xlfn.XLOOKUP(C40,Dados!$C$3:$C$329,Dados!$F$3:$F$329,"") -> 117643 | I40: =_xlfn.XLOOKUP(C40,Dados!$C$3:$C$329,Dados!$G$3:$G$329,"") -> 117668 | J40: =_xlfn.XLOOKUP(C40,Dados!$C$3:$C$329,Dados!$H$3:$H$329,"") -> 117693 | K40: =_xlfn.XLOOKUP(C40,Dados!$C$3:$C$329,Dados!$I$3:$I$329,"") -> 117600 | L40: =_xlfn.XLOOKUP(C40,Dados!$C$3:$C$329,Dados!$J$3:$J$329,"") -> 7 | M40: =_xlfn.XLOOKUP(C40,Dados!$C$3:$C$329,Dados!$K$3:$K$329,"") -> Sudeste | N40: =_xlfn.XLOOKUP(C40,Dados!$C$3:$C$329,Dados!$L$3:$L$329,"") -> 1 | O40: =_xlfn.XLOOKUP(C40,Dados!$C$3:$C$329,Dados!$M$3:$M$329,"") -> 0.7599245 | P40: =_xlfn.XLOOKUP(C40,Dados!$C$3:$C$329,Dados!$N$3:$N$329,"") -> 0.75205919 | Q40: =_xlfn.XLOOKUP(C40,Dados!$C$3:$C$329,Dados!$O$3:$O$329,"") -> 0.7378161 | R40: =_xlfn.XLOOKUP(C40,Dados!$C$3:$C$329,Dados!$P$3:$P$329,"") -> 0.72212934 | S40: =_xlfn.XLOOKUP(C40,Dados!$C$3:$C$329,Dados!$Q$3:$Q$329,"") -> 0.92049438 | T40: =_xlfn.XLOOKUP(C40,Dados!$C$3:$C$329,Dados!$R$3:$R$329,"") -> 0.90645254 | U40: =_xlfn.XLOOKUP(C40,Dados!$C$3:$C$329,Dados!$S$3:$S$329,"") -> 0.95213824 | V40: =_xlfn.XLOOKUP(C40,Dados!$C$3:$C$329,Dados!$T$3:$T$329,"") -> 1729.1097 | W40: =_xlfn.XLOOKUP(C40,Dados!$C$3:$C$329,Dados!$U$3:$U$329,"") -> 1501.9431 | X40: =_xlfn.XLOOKUP(C40,Dados!$C$3:$C$329,Dados!$V$3:$V$329,"") -> 1321.9646 | Y40: =_xlfn.XLOOKUP(C40,Dados!$C$3:$C$329,Dados!$W$3:$W$329,"") -> 1108.096 | Z40: =_xlfn.XLOOKUP(C40,Dados!$C$3:$C$329,Dados!$X$3:$X$329,"") -> 1091.9685 | AF40: 0.66030212 | AG40: 0.68150109 | AH40: 0.71369089 | AI40: 0.73694273 | AJ40: #DIV/0! | AK40: {=_xlfn.XLOOKUP(C40,Dados!$C$3:$C$329,Dados!$Z$3:'Dados'!$Z$329,"")} -> 10.22721 | AL40: {=_xlfn.XLOOKUP(C40,Dados!$C$3:$C$329,Dados!$AA$3:'Dados'!$AA$329,"")} -> 14.310669 | AM40: {=_xlfn.XLOOKUP(C40,Dados!$C$3:$C$329,Dados!$AB$3:'Dados'!$AB$329,"")} -> 11.915415 | AN40: {=_xlfn.XLOOKUP(C40,Dados!$C$3:$C$329,Dados!$AC$3:'Dados'!$AC$329,"")} -> 8.8753622 | AO40: {=_xlfn.XLOOKUP(C40,Dados!$C$3:$C$329,Dados!$AD$3:'Dados'!$AD$329,"")} -> 8.5719473
A41: 270 | B41: Consórcio de Desenvolvimento do Vale do Rio Grande - CODEVAR | C41: 23.816.422/0001-35 | D41: São Paulo | E41: Sudeste | F41: =_xlfn.XLOOKUP(C41,Dados!$C$3:$C$329,Dados!$D$3:$D$329,"") -> 9 | G41: =_xlfn.XLOOKUP(C41,Dados!$C$3:$C$329,Dados!$E$3:$E$329,"") -> 573475 | H41: =_xlfn.XLOOKUP(C41,Dados!$C$3:$C$329,Dados!$F$3:$F$329,"") -> 579872.33 | I41: =_xlfn.XLOOKUP(C41,Dados!$C$3:$C$329,Dados!$G$3:$G$329,"") -> 586269.67 | J41: =_xlfn.XLOOKUP(C41,Dados!$C$3:$C$329,Dados!$H$3:$H$329,"") -> 592667 | K41: =_xlfn.XLOOKUP(C41,Dados!$C$3:$C$329,Dados!$I$3:$I$329,"") -> 589505 | L41: =_xlfn.XLOOKUP(C41,Dados!$C$3:$C$329,Dados!$J$3:$J$329,"") -> 30 | M41: =_xlfn.XLOOKUP(C41,Dados!$C$3:$C$329,Dados!$K$3:$K$329,"") -> Sudeste | N41: =_xlfn.XLOOKUP(C41,Dados!$C$3:$C$329,Dados!$L$3:$L$329,"") -> 30 | O41: =_xlfn.XLOOKUP(C41,Dados!$C$3:$C$329,Dados!$M$3:$M$329,"") -> 0.79061746 | P41: =_xlfn.XLOOKUP(C41,Dados!$C$3:$C$329,Dados!$N$3:$N$329,"") -> 0.77303337 | Q41: =_xlfn.XLOOKUP(C41,Dados!$C$3:$C$329,Dados!$O$3:$O$329,"") -> 0.76421946 | R41: =_xlfn.XLOOKUP(C41,Dados!$C$3:$C$329,Dados!$P$3:$P$329,"") -> 0.74873494 | S41: =_xlfn.XLOOKUP(C41,Dados!$C$3:$C$329,Dados!$Q$3:$Q$329,"") -> 0.95507853 | T41: =_xlfn.XLOOKUP(C41,Dados!$C$3:$C$329,Dados!$R$3:$R$329,"") -> 0.95048442 | U41: =_xlfn.XLOOKUP(C41,Dados!$C$3:$C$329,Dados!$S$3:$S$329,"") -> 0.97264356 | V41: =_xlfn.XLOOKUP(C41,Dados!$C$3:$C$329,Dados!$T$3:$T$329,"") -> 2020.8863 | W41: =_xlfn.XLOOKUP(C41,Dados!$C$3:$C$329,Dados!$U$3:$U$329,"") -> 1637.0469 | X41: =_xlfn.XLOOKUP(C41,Dados!$C$3:$C$329,Dados!$V$3:$V$329,"") -> 1627.921 | Y41: =_xlfn.XLOOKUP(C41,Dados!$C$3:$C$329,Dados!$W$3:$W$329,"") -> 1390.2082 | Z41: =_xlfn.XLOOKUP(C41,Dados!$C$3:$C$329,Dados!$X$3:$X$329,"") -> 1189.5068 | AF41: 0.14589168 | AG41: 0.32646732 | AH41: 0.088137671 | AI41: 0.58982154 | AJ41: 0.54476325 | AK41: {=_xlfn.XLOOKUP(C41,Dados!$C$3:$C$329,Dados!$Z$3:'Dados'!$Z$329,"")} -> 25.792331 | AL41: {=_xlfn.XLOOKUP(C41,Dados!$C$3:$C$329,Dados!$AA$3:'Dados'!$AA$329,"")} -> 23.870692 | AM41: {=_xlfn.XLOOKUP(C41,Dados!$C$3:$C$329,Dados!$AB$3:'Dados'!$AB$329,"")} -> 21.427554 | AN41: {=_xlfn.XLOOKUP(C41,Dados!$C$3:$C$329,Dados!$AC$3:'Dados'!$AC$329,"")} -> 17.010119 | AO41: {=_xlfn.XLOOKUP(C41,Dados!$C$3:$C$329,Dados!$AD$3:'Dados'!$AD$329,"")} -> 18.666347
A42: 272 | B42: Consórcio Intermunicipal de Saúde do Circuito das Águas - CONISCA | C42: 06.138.766/0001-13 | D42: São Paulo | E42: Sudeste | F42: =_xlfn.XLOOKUP(C42,Dados!$C$3:$C$329,Dados!$D$3:$D$329,"") -> 20 | G42: =_xlfn.XLOOKUP(C42,Dados!$C$3:$C$329,Dados!$E$3:$E$329,"") -> 106590 | H42: =_xlfn.XLOOKUP(C42,Dados!$C$3:$C$329,Dados!$F$3:$F$329,"") -> 106609.67 | I42: =_xlfn.XLOOKUP(C42,Dados!$C$3:$C$329,Dados!$G$3:$G$329,"") -> 106629.33 | J42: =_xlfn.XLOOKUP(C42,Dados!$C$3:$C$329,Dados!$H$3:$H$329,"") -> 106649 | K42: =_xlfn.XLOOKUP(C42,Dados!$C$3:$C$329,Dados!$I$3:$I$329,"") -> 105815 | L42: =_xlfn.XLOOKUP(C42,Dados!$C$3:$C$329,Dados!$J$3:$J$329,"") -> 5 | M42: =_xlfn.XLOOKUP(C42,Dados!$C$3:$C$329,Dados!$K$3:$K$329,"") -> Sudeste | N42: =_xlfn.XLOOKUP(C42,Dados!$C$3:$C$329,Dados!$L$3:$L$329,"") -> 1 | O42: =_xlfn.XLOOKUP(C42,Dados!$C$3:$C$329,Dados!$M$3:$M$329,"") -> 0.76066381 | P42: =_xlfn.XLOOKUP(C42,Dados!$C$3:$C$329,Dados!$N$3:$N$329,"") -> 0.75404949 | Q42: =_xlfn.XLOOKUP(C42,Dados!$C$3:$C$329,Dados!$O$3:$O$329,"") -> 0.74110455 | R42: =_xlfn.XLOOKUP(C42,Dados!$C$3:$C$329,Dados!$P$3:$P$329,"") -> 0.71119042 | S42: =_xlfn.XLOOKUP(C42,Dados!$C$3:$C$329,Dados!$Q$3:$Q$329,"") -> 0.70349968 | T42: =_xlfn.XLOOKUP(C42,Dados!$C$3:$C$329,Dados!$R$3:$R$329,"") -> 0.75560649 | U42: =_xlfn.XLOOKUP(C42,Dados!$C$3:$C$329,Dados!$S$3:$S$329,"") -> 0.98342119 | V42: =_xlfn.XLOOKUP(C42,Dados!$C$3:$C$329,Dados!$T$3:$T$329,"") -> 1868.5714 | W42: =_xlfn.XLOOKUP(C42,Dados!$C$3:$C$329,Dados!$U$3:$U$329,"") -> 1396.1914 | X42: =_xlfn.XLOOKUP(C42,Dados!$C$3:$C$329,Dados!$V$3:$V$329,"") -> 1185.7953 | Y42: =_xlfn.XLOOKUP(C42,Dados!$C$3:$C$329,Dados!$W$3:$W$329,"") -> 1058.2776 | Z42: =_xlfn.XLOOKUP(C42,Dados!$C$3:$C$329,Dados!$X$3:$X$329,"") -> 1040.6543 | AF42: #DIV/0! | AG42: 0.11952028 | AH42: 0.13839353 | AI42: 0.18993489 | AJ42: #DIV/0! | AK42: {=_xlfn.XLOOKUP(C42,Dados!$C$3:$C$329,Dados!$Z$3:'Dados'!$Z$329,"")} -> 18.017938 | AL42: {=_xlfn.XLOOKUP(C42,Dados!$C$3:$C$329,Dados!$AA$3:'Dados'!$AA$329,"")} -> 14.851674 | AM42: {=_xlfn.XLOOKUP(C42,Dados!$C$3:$C$329,Dados!$AB$3:'Dados'!$AB$329,"")} -> 12.947028 | AN42: {=_xlfn.XLOOKUP(C42,Dados!$C$3:$C$329,Dados!$AC$3:'Dados'!$AC$329,"")} -> 9.9989967 | AO42: {=_xlfn.XLOOKUP(C42,Dados!$C$3:$C$329,Dados!$AD$3:'Dados'!$AD$329,"")} -> 10.164192
A43: 273 | B43: Consórcio Intermunicipal de Saúde da Região Metropolitana de Campinas - CISMETRO | C43: 19.947.645/0001-64 | D43: São Paulo | E43: Sudeste | F43: =_xlfn.XLOOKUP(C43,Dados!$C$3:$C$329,Dados!$D$3:$D$329,"") -> 11 | G43: =_xlfn.XLOOKUP(C43,Dados!$C$3:$C$329,Dados!$E$3:$E$329,"") -> 1643187 | H43: =_xlfn.XLOOKUP(C43,Dados!$C$3:$C$329,Dados!$F$3:$F$329,"") -> 1654637.7 | I43: =_xlfn.XLOOKUP(C43,Dados!$C$3:$C$329,Dados!$G$3:$G$329,"") -> 1666088.3 | J43: =_xlfn.XLOOKUP(C43,Dados!$C$3:$C$329,Dados!$H$3:$H$329,"") -> 1677539 | K43: =_xlfn.XLOOKUP(C43,Dados!$C$3:$C$329,Dados!$I$3:$I$329,"") -> 1656922 | L43: =_xlfn.XLOOKUP(C43,Dados!$C$3:$C$329,Dados!$J$3:$J$329,"") -> 25 | M43: =_xlfn.XLOOKUP(C43,Dados!$C$3:$C$329,Dados!$K$3:$K$329,"") -> Sudeste | N43: =_xlfn.XLOOKUP(C43,Dados!$C$3:$C$329,Dados!$L$3:$L$329,"") -> 1 | O43: =_xlfn.XLOOKUP(C43,Dados!$C$3:$C$329,Dados!$M$3:$M$329,"") -> 0.78342742 | P43: =_xlfn.XLOOKUP(C43,Dados!$C$3:$C$329,Dados!$N$3:$N$329,"") -> 0.76674091 | Q43: =_xlfn.XLOOKUP(C43,Dados!$C$3:$C$329,Dados!$O$3:$O$329,"") -> 0.75324956 | R43: =_xlfn.XLOOKUP(C43,Dados!$C$3:$C$329,Dados!$P$3:$P$329,"") -> 0.74066562 | S43: =_xlfn.XLOOKUP(C43,Dados!$C$3:$C$329,Dados!$Q$3:$Q$329,"") -> 0.88101786 | T43: =_xlfn.XLOOKUP(C43,Dados!$C$3:$C$329,Dados!$R$3:$R$329,"") -> 0.92954855 | U43: =_xlfn.XLOOKUP(C43,Dados!$C$3:$C$329,Dados!$S$3:$S$329,"") -> 0.97426714 | V43: =_xlfn.XLOOKUP(C43,Dados!$C$3:$C$329,Dados!$T$3:$T$329,"") -> 1948.2961 | W43: =_xlfn.XLOOKUP(C43,Dados!$C$3:$C$329,Dados!$U$3:$U$329,"") -> 1707.3001 | X43: =_xlfn.XLOOKUP(C43,Dados!$C$3:$C$329,Dados!$V$3:$V$329,"") -> 1470.8477 | Y43: =_xlfn.XLOOKUP(C43,Dados!$C$3:$C$329,Dados!$W$3:$W$329,"") -> 1350.9023 | Z43: =_xlfn.XLOOKUP(C43,Dados!$C$3:$C$329,Dados!$X$3:$X$329,"") -> 1186.8327 | AF43: 0.17614405 | AG43: 0.17593874 | AH43: 0.21042767 | AI43: 0.22341742 | AJ43: 0.27064722 | AK43: {=_xlfn.XLOOKUP(C43,Dados!$C$3:$C$329,Dados!$Z$3:'Dados'!$Z$329,"")} -> 15.382093 | AL43: {=_xlfn.XLOOKUP(C43,Dados!$C$3:$C$329,Dados!$AA$3:'Dados'!$AA$329,"")} -> 13.237534 | AM43: {=_xlfn.XLOOKUP(C43,Dados!$C$3:$C$329,Dados!$AB$3:'Dados'!$AB$329,"")} -> 12.028065 | AN43: {=_xlfn.XLOOKUP(C43,Dados!$C$3:$C$329,Dados!$AC$3:'Dados'!$AC$329,"")} -> 9.7658856 | AO43: {=_xlfn.XLOOKUP(C43,Dados!$C$3:$C$329,Dados!$AD$3:'Dados'!$AD$329,"")} -> 8.1524683
A44: 274 | B44: União dos Municípios da Média Sorocabana - UMMES | C44: 01.488.169/0001-03 | D44: São Paulo | E44: Sudeste | F44: =_xlfn.XLOOKUP(C44,Dados!$C$3:$C$329,Dados!$D$3:$D$329,"") -> 28 | G44: =_xlfn.XLOOKUP(C44,Dados!$C$3:$C$329,Dados!$E$3:$E$329,"") -> 306840 | H44: =_xlfn.XLOOKUP(C44,Dados!$C$3:$C$329,Dados!$F$3:$F$329,"") -> 310460 | I44: =_xlfn.XLOOKUP(C44,Dados!$C$3:$C$329,Dados!$G$3:$G$329,"") -> 314080 | J44: =_xlfn.XLOOKUP(C44,Dados!$C$3:$C$329,Dados!$H$3:$H$329,"") -> 317700 | K44: =_xlfn.XLOOKUP(C44,Dados!$C$3:$C$329,Dados!$I$3:$I$329,"") -> 316157 | L44: =_xlfn.XLOOKUP(C44,Dados!$C$3:$C$329,Dados!$J$3:$J$329,"") -> 20 | M44: =_xlfn.XLOOKUP(C44,Dados!$C$3:$C$329,Dados!$K$3:$K$329,"") -> Sudeste | N44: =_xlfn.XLOOKUP(C44,Dados!$C$3:$C$329,Dados!$L$3:$L$329,"") -> 25 | O44: =_xlfn.XLOOKUP(C44,Dados!$C$3:$C$329,Dados!$M$3:$M$329,"") -> 0.76489669 | P44: =_xlfn.XLOOKUP(C44,Dados!$C$3:$C$329,Dados!$N$3:$N$329,"") -> 0.74445084 | Q44: =_xlfn.XLOOKUP(C44,Dados!$C$3:$C$329,Dados!$O$3:$O$329,"") -> 0.73183218 | R44: =_xlfn.XLOOKUP(C44,Dados!$C$3:$C$329,Dados!$P$3:$P$329,"") -> 0.70698447 | S44: =_xlfn.XLOOKUP(C44,Dados!$C$3:$C$329,Dados!$Q$3:$Q$329,"") -> 0.89204968 | T44: =_xlfn.XLOOKUP(C44,Dados!$C$3:$C$329,Dados!$R$3:$R$329,"") -> 0.92723018 | U44: =_xlfn.XLOOKUP(C44,Dados!$C$3:$C$329,Dados!$S$3:$S$329,"") -> 0.97841711 | V44: =_xlfn.XLOOKUP(C44,Dados!$C$3:$C$329,Dados!$T$3:$T$329,"") -> 2233.0842 | W44: =_xlfn.XLOOKUP(C44,Dados!$C$3:$C$329,Dados!$U$3:$U$329,"") -> 1706.7967 | X44: =_xlfn.XLOOKUP(C44,Dados!$C$3:$C$329,Dados!$V$3:$V$329,"") -> 1532.0737 | Y44: =_xlfn.XLOOKUP(C44,Dados!$C$3:$C$329,Dados!$W$3:$W$329,"") -> 1307.1234 | Z44: =_xlfn.XLOOKUP(C44,Dados!$C$3:$C$329,Dados!$X$3:$X$329,"") -> 1124.9171 | AF44: 0.15542113 | AG44: 0.098527511 | AH44: #DIV/0! | AI44: 0.1222373 | AJ44: 0.16749356 | AK44: {=_xlfn.XLOOKUP(C44,Dados!$C$3:$C$329,Dados!$Z$3:'Dados'!$Z$329,"")} -> 16.876004 | AL44: {=_xlfn.XLOOKUP(C44,Dados!$C$3:$C$329,Dados!$AA$3:'Dados'!$AA$329,"")} -> 17.203627 | AM44: {=_xlfn.XLOOKUP(C44,Dados!$C$3:$C$329,Dados!$AB$3:'Dados'!$AB$329,"")} -> 14.627073 | AN44: {=_xlfn.XLOOKUP(C44,Dados!$C$3:$C$329,Dados!$AC$3:'Dados'!$AC$329,"")} -> 11.447142 | AO44: {=_xlfn.XLOOKUP(C44,Dados!$C$3:$C$329,Dados!$AD$3:'Dados'!$AD$329,"")} -> 11.40701
A45: 275 | B45: Consórcio Intermunicipal do Alto Vale do Paranapanema - AMVAPA | C45: 03.753.263/0001-60 | D45: São Paulo | E45: Sudeste | F45: =_xlfn.XLOOKUP(C45,Dados!$C$3:$C$329,Dados!$D$3:$D$329,"") -> 24 | G45: =_xlfn.XLOOKUP(C45,Dados!$C$3:$C$329,Dados!$E$3:$E$329,"") -> 360324 | H45: =_xlfn.XLOOKUP(C45,Dados!$C$3:$C$329,Dados!$F$3:$F$329,"") -> 358981.33 | I45: =_xlfn.XLOOKUP(C45,Dados!$C$3:$C$329,Dados!$G$3:$G$329,"") -> 357638.67 | J45: =_xlfn.XLOOKUP(C45,Dados!$C$3:$C$329,Dados!$H$3:$H$329,"") -> 356296 | K45: =_xlfn.XLOOKUP(C45,Dados!$C$3:$C$329,Dados!$I$3:$I$329,"") -> 354266 | L45: =_xlfn.XLOOKUP(C45,Dados!$C$3:$C$329,Dados!$J$3:$J$329,"") -> 20 | M45: =_xlfn.XLOOKUP(C45,Dados!$C$3:$C$329,Dados!$K$3:$K$329,"") -> Sudeste | N45: =_xlfn.XLOOKUP(C45,Dados!$C$3:$C$329,Dados!$L$3:$L$329,"") -> 49 | O45: =_xlfn.XLOOKUP(C45,Dados!$C$3:$C$329,Dados!$M$3:$M$329,"") -> 0.7622115 | P45: =_xlfn.XLOOKUP(C45,Dados!$C$3:$C$329,Dados!$N$3:$N$329,"") -> 0.73277164 | Q45: =_xlfn.XLOOKUP(C45,Dados!$C$3:$C$329,Dados!$O$3:$O$329,"") -> 0.71981366 | R45: =_xlfn.XLOOKUP(C45,Dados!$C$3:$C$329,Dados!$P$3:$P$329,"") -> 0.70132861 | S45: =_xlfn.XLOOKUP(C45,Dados!$C$3:$C$329,Dados!$Q$3:$Q$329,"") -> 0.82876764 | T45: =_xlfn.XLOOKUP(C45,Dados!$C$3:$C$329,Dados!$R$3:$R$329,"") -> 0.86179845 | U45: =_xlfn.XLOOKUP(C45,Dados!$C$3:$C$329,Dados!$S$3:$S$329,"") -> 0.94276556 | V45: =_xlfn.XLOOKUP(C45,Dados!$C$3:$C$329,Dados!$T$3:$T$329,"") -> 1818.022 | W45: =_xlfn.XLOOKUP(C45,Dados!$C$3:$C$329,Dados!$U$3:$U$329,"") -> 1619.1825 | X45: =_xlfn.XLOOKUP(C45,Dados!$C$3:$C$329,Dados!$V$3:$V$329,"") -> 1368.6161 | Y45: =_xlfn.XLOOKUP(C45,Dados!$C$3:$C$329,Dados!$W$3:$W$329,"") -> 1240.4589 | Z45: =_xlfn.XLOOKUP(C45,Dados!$C$3:$C$329,Dados!$X$3:$X$329,"") -> 1071.218 | AF45: #DIV/0! | AG45: 0.26875554 | AH45: 0.51165661 | AI45: 0.85110072 | AJ45: 0.84059734 | AK45: {=_xlfn.XLOOKUP(C45,Dados!$C$3:$C$329,Dados!$Z$3:'Dados'!$Z$329,"")} -> 15.523304 | AL45: {=_xlfn.XLOOKUP(C45,Dados!$C$3:$C$329,Dados!$AA$3:'Dados'!$AA$329,"")} -> 13.501535 | AM45: {=_xlfn.XLOOKUP(C45,Dados!$C$3:$C$329,Dados!$AB$3:'Dados'!$AB$329,"")} -> 11.588123 | AN45: {=_xlfn.XLOOKUP(C45,Dados!$C$3:$C$329,Dados!$AC$3:'Dados'!$AC$329,"")} -> 10.492262 | AO45: {=_xlfn.XLOOKUP(C45,Dados!$C$3:$C$329,Dados!$AD$3:'Dados'!$AD$329,"")} -> 9.0047394
A46: 276 | B46: Consórcio de Desenvolvimento das Regiões Sul e Sudoeste do Estado de São Paulo - CONDERSUL | C46: 01.089.454/0001-43 | D46: São Paulo | E46: Sudeste | F46: =_xlfn.XLOOKUP(C46,Dados!$C$3:$C$329,Dados!$D$3:$D$329,"") -> 29 | G46: =_xlfn.XLOOKUP(C46,Dados!$C$3:$C$329,Dados!$E$3:$E$329,"") -> 254874 | H46: =_xlfn.XLOOKUP(C46,Dados!$C$3:$C$329,Dados!$F$3:$F$329,"") -> 255452 | I46: =_xlfn.XLOOKUP(C46,Dados!$C$3:$C$329,Dados!$G$3:$G$329,"") -> 256030 | J46: =_xlfn.XLOOKUP(C46,Dados!$C$3:$C$329,Dados!$H$3:$H$329,"") -> 256608 | K46: =_xlfn.XLOOKUP(C46,Dados!$C$3:$C$329,Dados!$I$3:$I$329,"") -> 256247 | L46: =_xlfn.XLOOKUP(C46,Dados!$C$3:$C$329,Dados!$J$3:$J$329,"") -> 17 | M46: =_xlfn.XLOOKUP(C46,Dados!$C$3:$C$329,Dados!$K$3:$K$329,"") -> Sudeste | N46: =_xlfn.XLOOKUP(C46,Dados!$C$3:$C$329,Dados!$L$3:$L$329,"") -> 20 | O46: =_xlfn.XLOOKUP(C46,Dados!$C$3:$C$329,Dados!$M$3:$M$329,"") -> 0.70273656 | P46: =_xlfn.XLOOKUP(C46,Dados!$C$3:$C$329,Dados!$N$3:$N$329,"") -> 0.68569326 | Q46: =_xlfn.XLOOKUP(C46,Dados!$C$3:$C$329,Dados!$O$3:$O$329,"") -> 0.6524207 | R46: =_xlfn.XLOOKUP(C46,Dados!$C$3:$C$329,Dados!$P$3:$P$329,"") -> 0.64327284 | S46: =_xlfn.XLOOKUP(C46,Dados!$C$3:$C$329,Dados!$Q$3:$Q$329,"") -> 0.67997034 | T46: =_xlfn.XLOOKUP(C46,Dados!$C$3:$C$329,Dados!$R$3:$R$329,"") -> 0.81406178 | U46: =_xlfn.XLOOKUP(C46,Dados!$C$3:$C$329,Dados!$S$3:$S$329,"") -> 0.94261673 | V46: =_xlfn.XLOOKUP(C46,Dados!$C$3:$C$329,Dados!$T$3:$T$329,"") -> 1701.4373 | W46: =_xlfn.XLOOKUP(C46,Dados!$C$3:$C$329,Dados!$U$3:$U$329,"") -> 1431.3611 | X46: =_xlfn.XLOOKUP(C46,Dados!$C$3:$C$329,Dados!$V$3:$V$329,"") -> 1228.5931 | Y46: =_xlfn.XLOOKUP(C46,Dados!$C$3:$C$329,Dados!$W$3:$W$329,"") -> 931.19614 | Z46: =_xlfn.XLOOKUP(C46,Dados!$C$3:$C$329,Dados!$X$3:$X$329,"") -> 937.78374 | AF46: #DIV/0! | AG46: #DIV/0! | AH46: #DIV/0! | AI46: 0 | AJ46: #DIV/0! | AK46: {=_xlfn.XLOOKUP(C46,Dados!$C$3:$C$329,Dados!$Z$3:'Dados'!$Z$329,"")} -> 13.674455 | AL46: {=_xlfn.XLOOKUP(C46,Dados!$C$3:$C$329,Dados!$AA$3:'Dados'!$AA$329,"")} -> 11.563624 | AM46: {=_xlfn.XLOOKUP(C46,Dados!$C$3:$C$329,Dados!$AB$3:'Dados'!$AB$329,"")} -> 11.177538 | AN46: {=_xlfn.XLOOKUP(C46,Dados!$C$3:$C$329,Dados!$AC$3:'Dados'!$AC$329,"")} -> 7.9624447 | AO46: {=_xlfn.XLOOKUP(C46,Dados!$C$3:$C$329,Dados!$AD$3:'Dados'!$AD$329,"")} -> 13.758323
A47: 277 | B47: Consórcio Intermunicipal Três Rios - COINTRI | C47: 04.611.637/0001-75 | D47: São Paulo | E47: Sudeste | F47: =_xlfn.XLOOKUP(C47,Dados!$C$3:$C$329,Dados!$D$3:$D$329,"") -> 24 | G47: =_xlfn.XLOOKUP(C47,Dados!$C$3:$C$329,Dados!$E$3:$E$329,"") -> 936049 | H47: =_xlfn.XLOOKUP(C47,Dados!$C$3:$C$329,Dados!$F$3:$F$329,"") -> 929133 | I47: =_xlfn.XLOOKUP(C47,Dados!$C$3:$C$329,Dados!$G$3:$G$329,"") -> 922217 | J47: =_xlfn.XLOOKUP(C47,Dados!$C$3:$C$329,Dados!$H$3:$H$329,"") -> 915301 | K47: =_xlfn.XLOOKUP(C47,Dados!$C$3:$C$329,Dados!$I$3:$I$329,"") -> 906034 | L47: =_xlfn.XLOOKUP(C47,Dados!$C$3:$C$329,Dados!$J$3:$J$329,"") -> 18 | M47: =_xlfn.XLOOKUP(C47,Dados!$C$3:$C$329,Dados!$K$3:$K$329,"") -> Sudeste | N47: =_xlfn.XLOOKUP(C47,Dados!$C$3:$C$329,Dados!$L$3:$L$329,"") -> 36 | O47: =_xlfn.XLOOKUP(C47,Dados!$C$3:$C$329,Dados!$M$3:$M$329,"") -> 0.75766258 | P47: =_xlfn.XLOOKUP(C47,Dados!$C$3:$C$329,Dados!$N$3:$N$329,"") -> 0.73955758 | Q47: =_xlfn.XLOOKUP(C47,Dados!$C$3:$C$329,Dados!$O$3:$O$329,"") -> 0.70239493 | R47: =_xlfn.XLOOKUP(C47,Dados!$C$3:$C$329,Dados!$P$3:$P$329,"") -> 0.69577138 | S47: =_xlfn.XLOOKUP(C47,Dados!$C$3:$C$329,Dados!$Q$3:$Q$329,"") -> 0.71237776 | T47: =_xlfn.XLOOKUP(C47,Dados!$C$3:$C$329,Dados!$R$3:$R$329,"") -> 0.82904321 | U47: =_xlfn.XLOOKUP(C47,Dados!$C$3:$C$329,Dados!$S$3:$S$329,"") -> 0.97986915 | V47: =_xlfn.XLOOKUP(C47,Dados!$C$3:$C$329,Dados!$T$3:$T$329,"") -> 2176.9029 | W47: =_xlfn.XLOOKUP(C47,Dados!$C$3:$C$329,Dados!$U$3:$U$329,"") -> 2001.6429 | X47: =_xlfn.XLOOKUP(C47,Dados!$C$3:$C$329,Dados!$V$3:$V$329,"") -> 1718.6677 | Y47: =_xlfn.XLOOKUP(C47,Dados!$C$3:$C$329,Dados!$W$3:$W$329,"") -> 1370.6256 | Z47: =_xlfn.XLOOKUP(C47,Dados!$C$3:$C$329,Dados!$X$3:$X$329,"") -> 1366.0416 | AF47: 0.75855828 | AG47: 0.80610803 | AH47: 0.46972382 | AI47: 0.71295693 | AJ47: 0.84786867 | AK47: {=_xlfn.XLOOKUP(C47,Dados!$C$3:$C$329,Dados!$Z$3:'Dados'!$Z$329,"")} -> 15.342115 | AL47: {=_xlfn.XLOOKUP(C47,Dados!$C$3:$C$329,Dados!$AA$3:'Dados'!$AA$329,"")} -> 14.82648 | AM47: {=_xlfn.XLOOKUP(C47,Dados!$C$3:$C$329,Dados!$AB$3:'Dados'!$AB$329,"")} -> 14.832273 | AN47: {=_xlfn.XLOOKUP(C47,Dados!$C$3:$C$329,Dados!$AC$3:'Dados'!$AC$329,"")} -> 12.508895 | AO47: {=_xlfn.XLOOKUP(C47,Dados!$C$3:$C$329,Dados!$AD$3:'Dados'!$AD$329,"")} -> 11.705115
A48: 278 | B48: Consórcio de Desenvolvimento dos Municípios do Alto Tietê - CONDEMAT | C48: 13.569.532/0001-96 | D48: São Paulo | E48: Sudeste | F48: =_xlfn.XLOOKUP(C48,Dados!$C$3:$C$329,Dados!$D$3:$D$329,"") -> 14 | G48: =_xlfn.XLOOKUP(C48,Dados!$C$3:$C$329,Dados!$E$3:$E$329,"") -> 3043922 | H48: =_xlfn.XLOOKUP(C48,Dados!$C$3:$C$329,Dados!$F$3:$F$329,"") -> 3065162 | I48: =_xlfn.XLOOKUP(C48,Dados!$C$3:$C$329,Dados!$G$3:$G$329,"") -> 3086402 | J48: =_xlfn.XLOOKUP(C48,Dados!$C$3:$C$329,Dados!$H$3:$H$329,"") -> 3107642 | K48: =_xlfn.XLOOKUP(C48,Dados!$C$3:$C$329,Dados!$I$3:$I$329,"") -> 3077629 | L48: =_xlfn.XLOOKUP(C48,Dados!$C$3:$C$329,Dados!$J$3:$J$329,"") -> 12 | M48: =_xlfn.XLOOKUP(C48,Dados!$C$3:$C$329,Dados!$K$3:$K$329,"") -> Sudeste | N48: =_xlfn.XLOOKUP(C48,Dados!$C$3:$C$329,Dados!$L$3:$L$329,"") -> 31 | O48: =_xlfn.XLOOKUP(C48,Dados!$C$3:$C$329,Dados!$M$3:$M$329,"") -> 0.75470262 | P48: =_xlfn.XLOOKUP(C48,Dados!$C$3:$C$329,Dados!$N$3:$N$329,"") -> 0.73087526 | Q48: =_xlfn.XLOOKUP(C48,Dados!$C$3:$C$329,Dados!$O$3:$O$329,"") -> 0.71466496 | R48: =_xlfn.XLOOKUP(C48,Dados!$C$3:$C$329,Dados!$P$3:$P$329,"") -> 0.70383395 | S48: =_xlfn.XLOOKUP(C48,Dados!$C$3:$C$329,Dados!$Q$3:$Q$329,"") -> 0.86347319 | T48: =_xlfn.XLOOKUP(C48,Dados!$C$3:$C$329,Dados!$R$3:$R$329,"") -> 0.95501551 | U48: =_xlfn.XLOOKUP(C48,Dados!$C$3:$C$329,Dados!$S$3:$S$329,"") -> 0.9920626 | V48: =_xlfn.XLOOKUP(C48,Dados!$C$3:$C$329,Dados!$T$3:$T$329,"") -> 1151.844 | W48: =_xlfn.XLOOKUP(C48,Dados!$C$3:$C$329,Dados!$U$3:$U$329,"") -> 1036.934 | X48: =_xlfn.XLOOKUP(C48,Dados!$C$3:$C$329,Dados!$V$3:$V$329,"") -> 910.94615 | Y48: =_xlfn.XLOOKUP(C48,Dados!$C$3:$C$329,Dados!$W$3:$W$329,"") -> 809.27996 | Z48: =_xlfn.XLOOKUP(C48,Dados!$C$3:$C$329,Dados!$X$3:$X$329,"") -> 757.15829 | AF48: 0.081613382 | AG48: 0.088193857 | AH48: 0.079132997 | AI48: 0.10092473 | AJ48: 0.12373036 | AK48: {=_xlfn.XLOOKUP(C48,Dados!$C$3:$C$329,Dados!$Z$3:'Dados'!$Z$329,"")} -> 12.603823 | AL48: {=_xlfn.XLOOKUP(C48,Dados!$C$3:$C$329,Dados!$AA$3:'Dados'!$AA$329,"")} -> 11.088052 | AM48: {=_xlfn.XLOOKUP(C48,Dados!$C$3:$C$329,Dados!$AB$3:'Dados'!$AB$329,"")} -> 9.4374822 | AN48: {=_xlfn.XLOOKUP(C48,Dados!$C$3:$C$329,Dados!$AC$3:'Dados'!$AC$329,"")} -> 8.5322881 | AO48: {=_xlfn.XLOOKUP(C48,Dados!$C$3:$C$329,Dados!$AD$3:'Dados'!$AD$329,"")} -> 7.7187185
A49: 279 | B49: Consórcio Intermunicipal Grande Abc - CIGABC | C49: 58.151.580/0001-06 | D49: São Paulo | E49: Sudeste | F49: =_xlfn.XLOOKUP(C49,Dados!$C$3:$C$329,Dados!$D$3:$D$329,"") -> 15 | G49: =_xlfn.XLOOKUP(C49,Dados!$C$3:$C$329,Dados!$E$3:$E$329,"") -> 2789011 | H49: =_xlfn.XLOOKUP(C49,Dados!$C$3:$C$329,Dados!$F$3:$F$329,"") -> 2801023.3 | I49: =_xlfn.XLOOKUP(C49,Dados!$C$3:$C$329,Dados!$G$3:$G$329,"") -> 2813035.7 | J49: =_xlfn.XLOOKUP(C49,Dados!$C$3:$C$329,Dados!$H$3:$H$329,"") -> 2825048 | K49: =_xlfn.XLOOKUP(C49,Dados!$C$3:$C$329,Dados!$I$3:$I$329,"") -> 2807712 | L49: =_xlfn.XLOOKUP(C49,Dados!$C$3:$C$329,Dados!$J$3:$J$329,"") -> 7 | M49: =_xlfn.XLOOKUP(C49,Dados!$C$3:$C$329,Dados!$K$3:$K$329,"") -> Sudeste | N49: =_xlfn.XLOOKUP(C49,Dados!$C$3:$C$329,Dados!$L$3:$L$329,"") -> 27 | O49: =_xlfn.XLOOKUP(C49,Dados!$C$3:$C$329,Dados!$M$3:$M$329,"") -> 0.73823488 | P49: =_xlfn.XLOOKUP(C49,Dados!$C$3:$C$329,Dados!$N$3:$N$329,"") -> 0.72467281 | Q49: =_xlfn.XLOOKUP(C49,Dados!$C$3:$C$329,Dados!$O$3:$O$329,"") -> 0.69446495 | R49: =_xlfn.XLOOKUP(C49,Dados!$C$3:$C$329,Dados!$P$3:$P$329,"") -> 0.67758601 | S49: =_xlfn.XLOOKUP(C49,Dados!$C$3:$C$329,Dados!$Q$3:$Q$329,"") -> 0.69783524 | T49: =_xlfn.XLOOKUP(C49,Dados!$C$3:$C$329,Dados!$R$3:$R$329,"") -> 0.79717575 | U49: =_xlfn.XLOOKUP(C49,Dados!$C$3:$C$329,Dados!$S$3:$S$329,"") -> 0.85820827 | V49: =_xlfn.XLOOKUP(C49,Dados!$C$3:$C$329,Dados!$T$3:$T$329,"") -> 1666.7799 | W49: =_xlfn.XLOOKUP(C49,Dados!$C$3:$C$329,Dados!$U$3:$U$329,"") -> 1500.4738 | X49: =_xlfn.XLOOKUP(C49,Dados!$C$3:$C$329,Dados!$V$3:$V$329,"") -> 1407.092 | Y49: =_xlfn.XLOOKUP(C49,Dados!$C$3:$C$329,Dados!$W$3:$W$329,"") -> 1353.9923 | Z49: =_xlfn.XLOOKUP(C49,Dados!$C$3:$C$329,Dados!$X$3:$X$329,"") -> 1254.9014 | AF49: 0.48540093 | AG49: 0.55399171 | AH49: 0.4031885 | AI49: 0.46248556 | AJ49: 0.22170114 | AK49: {=_xlfn.XLOOKUP(C49,Dados!$C$3:$C$329,Dados!$Z$3:'Dados'!$Z$329,"")} -> 12.950014 | AL49: {=_xlfn.XLOOKUP(C49,Dados!$C$3:$C$329,Dados!$AA$3:'Dados'!$AA$329,"")} -> 11.951738 | AM49: {=_xlfn.XLOOKUP(C49,Dados!$C$3:$C$329,Dados!$AB$3:'Dados'!$AB$329,"")} -> 10.58725 | AN49: {=_xlfn.XLOOKUP(C49,Dados!$C$3:$C$329,Dados!$AC$3:'Dados'!$AC$329,"")} -> 8.7419959 | AO49: {=_xlfn.XLOOKUP(C49,Dados!$C$3:$C$329,Dados!$AD$3:'Dados'!$AD$329,"")} -> 7.5930555
A50: 281 | B50: Consórcio Intermunicipal da Região Sudoeste da Grande São Paulo - CONISUD | C50: 05.031.043/0001-58 | D50: São Paulo | E50: Sudeste | F50: =_xlfn.XLOOKUP(C50,Dados!$C$3:$C$329,Dados!$D$3:$D$329,"") -> 22 | G50: =_xlfn.XLOOKUP(C50,Dados!$C$3:$C$329,Dados!$E$3:$E$329,"") -> 1159902 | H50: =_xlfn.XLOOKUP(C50,Dados!$C$3:$C$329,Dados!$F$3:$F$329,"") -> 1168913.3 | I50: =_xlfn.XLOOKUP(C50,Dados!$C$3:$C$329,Dados!$G$3:$G$329,"") -> 1177924.7 | J50: =_xlfn.XLOOKUP(C50,Dados!$C$3:$C$329,Dados!$H$3:$H$329,"") -> 1186936 | K50: =_xlfn.XLOOKUP(C50,Dados!$C$3:$C$329,Dados!$I$3:$I$329,"") -> 1172450 | L50: =_xlfn.XLOOKUP(C50,Dados!$C$3:$C$329,Dados!$J$3:$J$329,"") -> 8 | M50: =_xlfn.XLOOKUP(C50,Dados!$C$3:$C$329,Dados!$K$3:$K$329,"") -> Sudeste | N50: =_xlfn.XLOOKUP(C50,Dados!$C$3:$C$329,Dados!$L$3:$L$329,"") -> 17 | O50: =_xlfn.XLOOKUP(C50,Dados!$C$3:$C$329,Dados!$M$3:$M$329,"") -> 0.74844099 | P50: =_xlfn.XLOOKUP(C50,Dados!$C$3:$C$329,Dados!$N$3:$N$329,"") -> 0.71598989 | Q50: =_xlfn.XLOOKUP(C50,Dados!$C$3:$C$329,Dados!$O$3:$O$329,"") -> 0.69739281 | R50: =_xlfn.XLOOKUP(C50,Dados!$C$3:$C$329,Dados!$P$3:$P$329,"") -> 0.68650316 | S50: =_xlfn.XLOOKUP(C50,Dados!$C$3:$C$329,Dados!$Q$3:$Q$329,"") -> 0.73154839 | T50: =_xlfn.XLOOKUP(C50,Dados!$C$3:$C$329,Dados!$R$3:$R$329,"") -> 0.93451115 | U50: =_xlfn.XLOOKUP(C50,Dados!$C$3:$C$329,Dados!$S$3:$S$329,"") -> 0.99034732 | V50: =_xlfn.XLOOKUP(C50,Dados!$C$3:$C$329,Dados!$T$3:$T$329,"") -> 1260.0041 | W50: =_xlfn.XLOOKUP(C50,Dados!$C$3:$C$329,Dados!$U$3:$U$329,"") -> 975.65512 | X50: =_xlfn.XLOOKUP(C50,Dados!$C$3:$C$329,Dados!$V$3:$V$329,"") -> 911.41097 | Y50: =_xlfn.XLOOKUP(C50,Dados!$C$3:$C$329,Dados!$W$3:$W$329,"") -> 781.81767 | Z50: =_xlfn.XLOOKUP(C50,Dados!$C$3:$C$329,Dados!$X$3:$X$329,"") -> 745.73678 | AF50: 0.55924907 | AG50: 0.15577279 | AH50: 0.3015686 | AI50: 0.47269206 | AJ50: 0.82051472 | AK50: {=_xlfn.XLOOKUP(C50,Dados!$C$3:$C$329,Dados!$Z$3:'Dados'!$Z$329,"")} -> 11.404817 | AL50: {=_xlfn.XLOOKUP(C50,Dados!$C$3:$C$329,Dados!$AA$3:'Dados'!$AA$329,"")} -> 10.16894 | AM50: {=_xlfn.XLOOKUP(C50,Dados!$C$3:$C$329,Dados!$AB$3:'Dados'!$AB$329,"")} -> 9.3605638 | AN50: {=_xlfn.XLOOKUP(C50,Dados!$C$3:$C$329,Dados!$AC$3:'Dados'!$AC$329,"")} -> 7.7069749 | AO50: {=_xlfn.XLOOKUP(C50,Dados!$C$3:$C$329,Dados!$AD$3:'Dados'!$AD$329,"")} -> 7.9700849
A51: 311 | B51: Consórcio Intermunicipal de Saúde da Região de Fernandópolis - CISARF | C51: 05.655.308/0001-99 | D51: São Paulo | E51: Sudeste | F51: =_xlfn.XLOOKUP(C51,Dados!$C$3:$C$329,Dados!$D$3:$D$329,"") -> 21 | G51: =_xlfn.XLOOKUP(C51,Dados!$C$3:$C$329,Dados!$E$3:$E$329,"") -> 143774 | H51: =_xlfn.XLOOKUP(C51,Dados!$C$3:$C$329,Dados!$F$3:$F$329,"") -> 141412.33 | I51: =_xlfn.XLOOKUP(C51,Dados!$C$3:$C$329,Dados!$G$3:$G$329,"") -> 139050.67 | J51: =_xlfn.XLOOKUP(C51,Dados!$C$3:$C$329,Dados!$H$3:$H$329,"") -> 136689 | K51: =_xlfn.XLOOKUP(C51,Dados!$C$3:$C$329,Dados!$I$3:$I$329,"") -> 136117 | L51: =_xlfn.XLOOKUP(C51,Dados!$C$3:$C$329,Dados!$J$3:$J$329,"") -> 13 | M51: =_xlfn.XLOOKUP(C51,Dados!$C$3:$C$329,Dados!$K$3:$K$329,"") -> Sudeste | N51: =_xlfn.XLOOKUP(C51,Dados!$C$3:$C$329,Dados!$L$3:$L$329,"") -> 2 | O51: =_xlfn.XLOOKUP(C51,Dados!$C$3:$C$329,Dados!$M$3:$M$329,"") -> 0.79155656 | P51: =_xlfn.XLOOKUP(C51,Dados!$C$3:$C$329,Dados!$N$3:$N$329,"") -> 0.77632985 | Q51: =_xlfn.XLOOKUP(C51,Dados!$C$3:$C$329,Dados!$O$3:$O$329,"") -> 0.73724107 | R51: =_xlfn.XLOOKUP(C51,Dados!$C$3:$C$329,Dados!$P$3:$P$329,"") -> 0.73712259 | S51: =_xlfn.XLOOKUP(C51,Dados!$C$3:$C$329,Dados!$Q$3:$Q$329,"") -> 0.88345946 | T51: =_xlfn.XLOOKUP(C51,Dados!$C$3:$C$329,Dados!$R$3:$R$329,"") -> 0.90728957 | U51: =_xlfn.XLOOKUP(C51,Dados!$C$3:$C$329,Dados!$S$3:$S$329,"") -> 0.94647266 | V51: =_xlfn.XLOOKUP(C51,Dados!$C$3:$C$329,Dados!$T$3:$T$329,"") -> 1828.0725 | W51: =_xlfn.XLOOKUP(C51,Dados!$C$3:$C$329,Dados!$U$3:$U$329,"") -> 1729.8679 | X51: =_xlfn.XLOOKUP(C51,Dados!$C$3:$C$329,Dados!$V$3:$V$329,"") -> 1472.2757 | Y51: =_xlfn.XLOOKUP(C51,Dados!$C$3:$C$329,Dados!$W$3:$W$329,"") -> 1209.2088 | Z51: =_xlfn.XLOOKUP(C51,Dados!$C$3:$C$329,Dados!$X$3:$X$329,"") -> 1149.9358 | AF51: 0.50048182 | AG51: 0.49042399 | AH51: 0.57475284 | AI51: 0.54786198 | AJ51: 0.53759973 | AK51: {=_xlfn.XLOOKUP(C51,Dados!$C$3:$C$329,Dados!$Z$3:'Dados'!$Z$329,"")} -> 15.063141 | AL51: {=_xlfn.XLOOKUP(C51,Dados!$C$3:$C$329,Dados!$AA$3:'Dados'!$AA$329,"")} -> 11.956383 | AM51: {=_xlfn.XLOOKUP(C51,Dados!$C$3:$C$329,Dados!$AB$3:'Dados'!$AB$329,"")} -> 10.457102 | AN51: {=_xlfn.XLOOKUP(C51,Dados!$C$3:$C$329,Dados!$AC$3:'Dados'!$AC$329,"")} -> 9.4103915 | AO51: {=_xlfn.XLOOKUP(C51,Dados!$C$3:$C$329,Dados!$AD$3:'Dados'!$AD$329,"")} -> 9.5828074
A52: 312 | B52: Consórcio Público Intermunicipal de Inovacao e Desenvolvimento do Estado de Sao Paulo - CinDesp - CINDESP | C52: 29.185.021/0001-00 | D52: São Paulo | E52: Sudeste | F52: =_xlfn.XLOOKUP(C52,Dados!$C$3:$C$329,Dados!$D$3:$D$329,"") -> 7 | G52: =_xlfn.XLOOKUP(C52,Dados!$C$3:$C$329,Dados!$E$3:$E$329,"") -> 565733 | H52: =_xlfn.XLOOKUP(C52,Dados!$C$3:$C$329,Dados!$F$3:$F$329,"") -> 566338.33 | I52: =_xlfn.XLOOKUP(C52,Dados!$C$3:$C$329,Dados!$G$3:$G$329,"") -> 566943.67 | J52: =_xlfn.XLOOKUP(C52,Dados!$C$3:$C$329,Dados!$H$3:$H$329,"") -> 567549 | K52: =_xlfn.XLOOKUP(C52,Dados!$C$3:$C$329,Dados!$I$3:$I$329,"") -> 564561 | L52: =_xlfn.XLOOKUP(C52,Dados!$C$3:$C$329,Dados!$J$3:$J$329,"") -> 43 | M52: =_xlfn.XLOOKUP(C52,Dados!$C$3:$C$329,Dados!$K$3:$K$329,"") -> Sudeste | N52: =_xlfn.XLOOKUP(C52,Dados!$C$3:$C$329,Dados!$L$3:$L$329,"") -> 14 | O52: =_xlfn.XLOOKUP(C52,Dados!$C$3:$C$329,Dados!$M$3:$M$329,"") -> 0.72840505 | P52: =_xlfn.XLOOKUP(C52,Dados!$C$3:$C$329,Dados!$N$3:$N$329,"") -> 0.70095247 | Q52: =_xlfn.XLOOKUP(C52,Dados!$C$3:$C$329,Dados!$O$3:$O$329,"") -> 0.68115532 | R52: =_xlfn.XLOOKUP(C52,Dados!$C$3:$C$329,Dados!$P$3:$P$329,"") -> 0.67318811 | S52: =_xlfn.XLOOKUP(C52,Dados!$C$3:$C$329,Dados!$Q$3:$Q$329,"") -> 0.82804995 | T52: =_xlfn.XLOOKUP(C52,Dados!$C$3:$C$329,Dados!$R$3:$R$329,"") -> 0.8596008 | U52: =_xlfn.XLOOKUP(C52,Dados!$C$3:$C$329,Dados!$S$3:$S$329,"") -> 0.9447822 | V52: =_xlfn.XLOOKUP(C52,Dados!$C$3:$C$329,Dados!$T$3:$T$329,"") -> 1749.2853 | W52: =_xlfn.XLOOKUP(C52,Dados!$C$3:$C$329,Dados!$U$3:$U$329,"") -> 1579.37 | X52: =_xlfn.XLOOKUP(C52,Dados!$C$3:$C$329,Dados!$V$3:$V$329,"") -> 1394.7725 | Y52: =_xlfn.XLOOKUP(C52,Dados!$C$3:$C$329,Dados!$W$3:$W$329,"") -> 1178.3988 | Z52: =_xlfn.XLOOKUP(C52,Dados!$C$3:$C$329,Dados!$X$3:$X$329,"") -> 1079.178 | AF52: 0.033906372 | AG52: 0.014114393 | AH52: 0.1555573 | AI52: #DIV/0! | AJ52: 0.010162813 | AK52: {=_xlfn.XLOOKUP(C52,Dados!$C$3:$C$329,Dados!$Z$3:'Dados'!$Z$329,"")} -> 13.886848 | AL52: {=_xlfn.XLOOKUP(C52,Dados!$C$3:$C$329,Dados!$AA$3:'Dados'!$AA$329,"")} -> 11.866896 | AM52: {=_xlfn.XLOOKUP(C52,Dados!$C$3:$C$329,Dados!$AB$3:'Dados'!$AB$329,"")} -> 12.942787 | AN52: {=_xlfn.XLOOKUP(C52,Dados!$C$3:$C$329,Dados!$AC$3:'Dados'!$AC$329,"")} -> 8.81714 | AO52: {=_xlfn.XLOOKUP(C52,Dados!$C$3:$C$329,Dados!$AD$3:'Dados'!$AD$329,"")} -> 8.0177607
A53: 313 | B53: Consórcio de Municípios da Região Central - CONCEM | C53: 45.080.766/0001-61 | D53: São Paulo | E53: Sudeste | F53: =_xlfn.XLOOKUP(C53,Dados!$C$3:$C$329,Dados!$D$3:$D$329,"") -> 3 | G53: =_xlfn.XLOOKUP(C53,Dados!$C$3:$C$329,Dados!$E$3:$E$329,"") -> 818697 | H53: =_xlfn.XLOOKUP(C53,Dados!$C$3:$C$329,Dados!$F$3:$F$329,"") -> 820337 | I53: =_xlfn.XLOOKUP(C53,Dados!$C$3:$C$329,Dados!$G$3:$G$329,"") -> 821977 | J53: =_xlfn.XLOOKUP(C53,Dados!$C$3:$C$329,Dados!$H$3:$H$329,"") -> 823617 | K53: =_xlfn.XLOOKUP(C53,Dados!$C$3:$C$329,Dados!$I$3:$I$329,"") -> 816698 | L53: =_xlfn.XLOOKUP(C53,Dados!$C$3:$C$329,Dados!$J$3:$J$329,"") -> 17 | M53: =_xlfn.XLOOKUP(C53,Dados!$C$3:$C$329,Dados!$K$3:$K$329,"") -> Sudeste | N53: =_xlfn.XLOOKUP(C53,Dados!$C$3:$C$329,Dados!$L$3:$L$329,"") -> 6 | O53: =_xlfn.XLOOKUP(C53,Dados!$C$3:$C$329,Dados!$M$3:$M$329,"") -> 0.81839984 | P53: =_xlfn.XLOOKUP(C53,Dados!$C$3:$C$329,Dados!$N$3:$N$329,"") -> 0.80888995 | Q53: =_xlfn.XLOOKUP(C53,Dados!$C$3:$C$329,Dados!$O$3:$O$329,"") -> 0.80378933 | R53: =_xlfn.XLOOKUP(C53,Dados!$C$3:$C$329,Dados!$P$3:$P$329,"") -> 0.77794996 | S53: =_xlfn.XLOOKUP(C53,Dados!$C$3:$C$329,Dados!$Q$3:$Q$329,"") -> 0.9470357 | T53: =_xlfn.XLOOKUP(C53,Dados!$C$3:$C$329,Dados!$R$3:$R$329,"") -> 0.9644191 | U53: =_xlfn.XLOOKUP(C53,Dados!$C$3:$C$329,Dados!$S$3:$S$329,"") -> 0.98542508 | V53: =_xlfn.XLOOKUP(C53,Dados!$C$3:$C$329,Dados!$T$3:$T$329,"") -> 1997.3584 | W53: =_xlfn.XLOOKUP(C53,Dados!$C$3:$C$329,Dados!$U$3:$U$329,"") -> 1513.016 | X53: =_xlfn.XLOOKUP(C53,Dados!$C$3:$C$329,Dados!$V$3:$V$329,"") -> 1321.2165 | Y53: =_xlfn.XLOOKUP(C53,Dados!$C$3:$C$329,Dados!$W$3:$W$329,"") -> 1255.1861 | Z53: =_xlfn.XLOOKUP(C53,Dados!$C$3:$C$329,Dados!$X$3:$X$329,"") -> 1088.0557 | AF53: 0.11913185 | AG53: 0.039779952 | AH53: 0.58624953 | AI53: #DIV/0! | AJ53: #DIV/0! | AK53: {=_xlfn.XLOOKUP(C53,Dados!$C$3:$C$329,Dados!$Z$3:'Dados'!$Z$329,"")} -> 10.381554 | AL53: {=_xlfn.XLOOKUP(C53,Dados!$C$3:$C$329,Dados!$AA$3:'Dados'!$AA$329,"")} -> 9.1255911 | AM53: {=_xlfn.XLOOKUP(C53,Dados!$C$3:$C$329,Dados!$AB$3:'Dados'!$AB$329,"")} -> 9.0806446 | AN53: {=_xlfn.XLOOKUP(C53,Dados!$C$3:$C$329,Dados!$AC$3:'Dados'!$AC$329,"")} -> 7.9991331 | AO53: {=_xlfn.XLOOKUP(C53,Dados!$C$3:$C$329,Dados!$AD$3:'Dados'!$AD$329,"")} -> 7.2823908
A54: 314 | B54: Consórcio Intermunicipal da Região de Saúde de Itapeva - CIRSIT | C54: 34.909.476/0001-61 | D54: São Paulo | E54: Sudeste | F54: =_xlfn.XLOOKUP(C54,Dados!$C$3:$C$329,Dados!$D$3:$D$329,"") -> 5 | G54: =_xlfn.XLOOKUP(C54,Dados!$C$3:$C$329,Dados!$E$3:$E$329,"") -> 94964 | H54: =_xlfn.XLOOKUP(C54,Dados!$C$3:$C$329,Dados!$F$3:$F$329,"") -> 93305.667 | I54: =_xlfn.XLOOKUP(C54,Dados!$C$3:$C$329,Dados!$G$3:$G$329,"") -> 91647.333 | J54: =_xlfn.XLOOKUP(C54,Dados!$C$3:$C$329,Dados!$H$3:$H$329,"") -> 89989 | K54: =_xlfn.XLOOKUP(C54,Dados!$C$3:$C$329,Dados!$I$3:$I$329,"") -> 90468 | L54: =_xlfn.XLOOKUP(C54,Dados!$C$3:$C$329,Dados!$J$3:$J$329,"") -> 7 | M54: =_xlfn.XLOOKUP(C54,Dados!$C$3:$C$329,Dados!$K$3:$K$329,"") -> Sudeste | N54: =_xlfn.XLOOKUP(C54,Dados!$C$3:$C$329,Dados!$L$3:$L$329,"") -> 1 | O54: =_xlfn.XLOOKUP(C54,Dados!$C$3:$C$329,Dados!$M$3:$M$329,"") -> 0.69176588 | P54: =_xlfn.XLOOKUP(C54,Dados!$C$3:$C$329,Dados!$N$3:$N$329,"") -> 0.67610745 | Q54: =_xlfn.XLOOKUP(C54,Dados!$C$3:$C$329,Dados!$O$3:$O$329,"") -> 0.64156891 | R54: =_xlfn.XLOOKUP(C54,Dados!$C$3:$C$329,Dados!$P$3:$P$329,"") -> 0.63455566 | S54: =_xlfn.XLOOKUP(C54,Dados!$C$3:$C$329,Dados!$Q$3:$Q$329,"") -> 0.59903501 | T54: =_xlfn.XLOOKUP(C54,Dados!$C$3:$C$329,Dados!$R$3:$R$329,"") -> 0.75261485 | U54: =_xlfn.XLOOKUP(C54,Dados!$C$3:$C$329,Dados!$S$3:$S$329,"") -> 0.91205427 | V54: =_xlfn.XLOOKUP(C54,Dados!$C$3:$C$329,Dados!$T$3:$T$329,"") -> 1727.6969 | W54: =_xlfn.XLOOKUP(C54,Dados!$C$3:$C$329,Dados!$U$3:$U$329,"") -> 1577.1279 | X54: =_xlfn.XLOOKUP(C54,Dados!$C$3:$C$329,Dados!$V$3:$V$329,"") -> 1428.5402 | Y54: =_xlfn.XLOOKUP(C54,Dados!$C$3:$C$329,Dados!$W$3:$W$329,"") -> 1018.7761 | Z54: =_xlfn.XLOOKUP(C54,Dados!$C$3:$C$329,Dados!$X$3:$X$329,"") -> 1069.4142 | AF54: 0.039106118 | AG54: 0.040412604 | AH54: 0.037903272 | AI54: 0.087590677 | AJ54: 0.12647654 | AK54: {=_xlfn.XLOOKUP(C54,Dados!$C$3:$C$329,Dados!$Z$3:'Dados'!$Z$329,"")} -> 10.054631 | AL54: {=_xlfn.XLOOKUP(C54,Dados!$C$3:$C$329,Dados!$AA$3:'Dados'!$AA$329,"")} -> 8.5707656 | AM54: {=_xlfn.XLOOKUP(C54,Dados!$C$3:$C$329,Dados!$AB$3:'Dados'!$AB$329,"")} -> 7.3429305 | AN54: {=_xlfn.XLOOKUP(C54,Dados!$C$3:$C$329,Dados!$AC$3:'Dados'!$AC$329,"")} -> 9.6176866 | AO54: {=_xlfn.XLOOKUP(C54,Dados!$C$3:$C$329,Dados!$AD$3:'Dados'!$AD$329,"")} -> 27.25168
A55: 316 | B55: Consórcio Intermunicipal de Saúde da Rede de Urgência Centro Sul - CISRU | C55: 11.938.399/0001-72 | D55: Minas Gerais | E55: Sudeste | F55: =_xlfn.XLOOKUP(C55,Dados!$C$3:$C$329,Dados!$D$3:$D$329,"") -> 12 | G55: =_xlfn.XLOOKUP(C55,Dados!$C$3:$C$329,Dados!$E$3:$E$329,"") -> 788727 | H55: =_xlfn.XLOOKUP(C55,Dados!$C$3:$C$329,Dados!$F$3:$F$329,"") -> 789576 | I55: =_xlfn.XLOOKUP(C55,Dados!$C$3:$C$329,Dados!$G$3:$G$329,"") -> 790425 | J55: =_xlfn.XLOOKUP(C55,Dados!$C$3:$C$329,Dados!$H$3:$H$329,"") -> 791274 | K55: =_xlfn.XLOOKUP(C55,Dados!$C$3:$C$329,Dados!$I$3:$I$329,"") -> 787738 | L55: =_xlfn.XLOOKUP(C55,Dados!$C$3:$C$329,Dados!$J$3:$J$329,"") -> 50 | M55: =_xlfn.XLOOKUP(C55,Dados!$C$3:$C$329,Dados!$K$3:$K$329,"") -> Sudeste | N55: =_xlfn.XLOOKUP(C55,Dados!$C$3:$C$329,Dados!$L$3:$L$329,"") -> 1 | O55: =_xlfn.XLOOKUP(C55,Dados!$C$3:$C$329,Dados!$M$3:$M$329,"") -> 0.67499878 | P55: =_xlfn.XLOOKUP(C55,Dados!$C$3:$C$329,Dados!$N$3:$N$329,"") -> 0.64860261 | Q55: =_xlfn.XLOOKUP(C55,Dados!$C$3:$C$329,Dados!$O$3:$O$329,"") -> 0.623014 | R55: =_xlfn.XLOOKUP(C55,Dados!$C$3:$C$329,Dados!$P$3:$P$329,"") -> 0.60766502 | S55: =_xlfn.XLOOKUP(C55,Dados!$C$3:$C$329,Dados!$Q$3:$Q$329,"") -> 0.7517935 | T55: =_xlfn.XLOOKUP(C55,Dados!$C$3:$C$329,Dados!$R$3:$R$329,"") -> 0.84016637 | U55: =_xlfn.XLOOKUP(C55,Dados!$C$3:$C$329,Dados!$S$3:$S$329,"") -> 0.90922302 | V55: =_xlfn.XLOOKUP(C55,Dados!$C$3:$C$329,Dados!$T$3:$T$329,"") -> 2135.8621 | W55: =_xlfn.XLOOKUP(C55,Dados!$C$3:$C$329,Dados!$U$3:$U$329,"") -> 1971.9094 | X55: =_xlfn.XLOOKUP(C55,Dados!$C$3:$C$329,Dados!$V$3:$V$329,"") -> 1514.5157 | Y55: =_xlfn.XLOOKUP(C55,Dados!$C$3:$C$329,Dados!$W$3:$W$329,"") -> 1202.2004 | Z55: =_xlfn.XLOOKUP(C55,Dados!$C$3:$C$329,Dados!$X$3:$X$329,"") -> 1076.0437 | AF55: 0.74398136 | AG55: 0.71085761 | AH55: 0.72065778 | AI55: 0.74099831 | AJ55: 0.79334137 | AK55: {=_xlfn.XLOOKUP(C55,Dados!$C$3:$C$329,Dados!$Z$3:'Dados'!$Z$329,"")} -> 13.149077 | AL55: {=_xlfn.XLOOKUP(C55,Dados!$C$3:$C$329,Dados!$AA$3:'Dados'!$AA$329,"")} -> 9.9938866 | AM55: {=_xlfn.XLOOKUP(C55,Dados!$C$3:$C$329,Dados!$AB$3:'Dados'!$AB$329,"")} -> 7.8899605 | AN55: {=_xlfn.XLOOKUP(C55,Dados!$C$3:$C$329,Dados!$AC$3:'Dados'!$AC$329,"")} -> 6.6313843 | AO55: {=_xlfn.XLOOKUP(C55,Dados!$C$3:$C$329,Dados!$AD$3:'Dados'!$AD$329,"")} -> 6.6952185
A56: 318 | B56: Consórcio Intermunicipal de Saúde Para Gerenciamento da Rede de Urgência e Emergência da Macro Sudeste - CISDESTE | C56: 17.813.026/0001-51 | D56: Minas Gerais | E56: Sudeste | F56: =_xlfn.XLOOKUP(C56,Dados!$C$3:$C$329,Dados!$D$3:$D$329,"") -> 11 | G56: =_xlfn.XLOOKUP(C56,Dados!$C$3:$C$329,Dados!$E$3:$E$329,"") -> 2360243 | H56: =_xlfn.XLOOKUP(C56,Dados!$C$3:$C$329,Dados!$F$3:$F$329,"") -> 2370197 | I56: =_xlfn.XLOOKUP(C56,Dados!$C$3:$C$329,Dados!$G$3:$G$329,"") -> 2380151 | J56: =_xlfn.XLOOKUP(C56,Dados!$C$3:$C$329,Dados!$H$3:$H$329,"") -> 2390105 | K56: =_xlfn.XLOOKUP(C56,Dados!$C$3:$C$329,Dados!$I$3:$I$329,"") -> 2380306 | L56: =_xlfn.XLOOKUP(C56,Dados!$C$3:$C$329,Dados!$J$3:$J$329,"") -> 146 | M56: =_xlfn.XLOOKUP(C56,Dados!$C$3:$C$329,Dados!$K$3:$K$329,"") -> Sudeste | N56: =_xlfn.XLOOKUP(C56,Dados!$C$3:$C$329,Dados!$L$3:$L$329,"") -> 1 | O56: =_xlfn.XLOOKUP(C56,Dados!$C$3:$C$329,Dados!$M$3:$M$329,"") -> 0.66144015 | P56: =_xlfn.XLOOKUP(C56,Dados!$C$3:$C$329,Dados!$N$3:$N$329,"") -> 0.63916645 | Q56: =_xlfn.XLOOKUP(C56,Dados!$C$3:$C$329,Dados!$O$3:$O$329,"") -> 0.61392493 | R56: =_xlfn.XLOOKUP(C56,Dados!$C$3:$C$329,Dados!$P$3:$P$329,"") -> 0.60310255 | S56: =_xlfn.XLOOKUP(C56,Dados!$C$3:$C$329,Dados!$Q$3:$Q$329,"") -> 0.77640998 | T56: =_xlfn.XLOOKUP(C56,Dados!$C$3:$C$329,Dados!$R$3:$R$329,"") -> 0.82795615 | U56: =_xlfn.XLOOKUP(C56,Dados!$C$3:$C$329,Dados!$S$3:$S$329,"") -> 0.92217049 | V56: =_xlfn.XLOOKUP(C56,Dados!$C$3:$C$329,Dados!$T$3:$T$329,"") -> 1917.0604 | W56: =_xlfn.XLOOKUP(C56,Dados!$C$3:$C$329,Dados!$U$3:$U$329,"") -> 1456.5518 | X56: =_xlfn.XLOOKUP(C56,Dados!$C$3:$C$329,Dados!$V$3:$V$329,"") -> 1272.1819 | Y56: =_xlfn.XLOOKUP(C56,Dados!$C$3:$C$329,Dados!$W$3:$W$329,"") -> 1128.1344 | Z56: =_xlfn.XLOOKUP(C56,Dados!$C$3:$C$329,Dados!$X$3:$X$329,"") -> 1004.311 | AF56: 0.73147371 | AG56: 0.73315604 | AH56: 0.60726563 | AI56: 0.7373428 | AJ56: 0.75280665 | AK56: {=_xlfn.XLOOKUP(C56,Dados!$C$3:$C$329,Dados!$Z$3:'Dados'!$Z$329,"")} -> 10.826212 | AL56: {=_xlfn.XLOOKUP(C56,Dados!$C$3:$C$329,Dados!$AA$3:'Dados'!$AA$329,"")} -> 7.2577954 | AM56: {=_xlfn.XLOOKUP(C56,Dados!$C$3:$C$329,Dados!$AB$3:'Dados'!$AB$329,"")} -> 7.0172027 | AN56: {=_xlfn.XLOOKUP(C56,Dados!$C$3:$C$329,Dados!$AC$3:'Dados'!$AC$329,"")} -> 6.0983329 | AO56: {=_xlfn.XLOOKUP(C56,Dados!$C$3:$C$329,Dados!$AD$3:'Dados'!$AD$329,"")} -> 5.9671912
A57: 319 | B57: Consórcio Intermunicipal de Saúde da Macrorregião do Sul de Minas - CISSUL | C57: 13.985.869/0001-84 | D57: Minas Gerais | E57: Sudeste | F57: =_xlfn.XLOOKUP(C57,Dados!$C$3:$C$329,Dados!$D$3:$D$329,"") -> 13 | G57: =_xlfn.XLOOKUP(C57,Dados!$C$3:$C$329,Dados!$E$3:$E$329,"") -> 2881476 | H57: =_xlfn.XLOOKUP(C57,Dados!$C$3:$C$329,Dados!$F$3:$F$329,"") -> 2864294.7 | I57: =_xlfn.XLOOKUP(C57,Dados!$C$3:$C$329,Dados!$G$3:$G$329,"") -> 2847113.3 | J57: =_xlfn.XLOOKUP(C57,Dados!$C$3:$C$329,Dados!$H$3:$H$329,"") -> 2829932 | K57: =_xlfn.XLOOKUP(C57,Dados!$C$3:$C$329,Dados!$I$3:$I$329,"") -> 2815483 | L57: =_xlfn.XLOOKUP(C57,Dados!$C$3:$C$329,Dados!$J$3:$J$329,"") -> 153 | M57: =_xlfn.XLOOKUP(C57,Dados!$C$3:$C$329,Dados!$K$3:$K$329,"") -> Sudeste | N57: =_xlfn.XLOOKUP(C57,Dados!$C$3:$C$329,Dados!$L$3:$L$329,"") -> 1 | O57: =_xlfn.XLOOKUP(C57,Dados!$C$3:$C$329,Dados!$M$3:$M$329,"") -> 0.73253909 | P57: =_xlfn.XLOOKUP(C57,Dados!$C$3:$C$329,Dados!$N$3:$N$329,"") -> 0.71518761 | Q57: =_xlfn.XLOOKUP(C57,Dados!$C$3:$C$329,Dados!$O$3:$O$329,"") -> 0.68473618 | R57: =_xlfn.XLOOKUP(C57,Dados!$C$3:$C$329,Dados!$P$3:$P$329,"") -> 0.6689645 | S57: =_xlfn.XLOOKUP(C57,Dados!$C$3:$C$329,Dados!$Q$3:$Q$329,"") -> 0.83207901 | T57: =_xlfn.XLOOKUP(C57,Dados!$C$3:$C$329,Dados!$R$3:$R$329,"") -> 0.84727053 | U57: =_xlfn.XLOOKUP(C57,Dados!$C$3:$C$329,Dados!$S$3:$S$329,"") -> 0.95587685 | V57: =_xlfn.XLOOKUP(C57,Dados!$C$3:$C$329,Dados!$T$3:$T$329,"") -> 2030.5278 | W57: =_xlfn.XLOOKUP(C57,Dados!$C$3:$C$329,Dados!$U$3:$U$329,"") -> 1724.3861 | X57: =_xlfn.XLOOKUP(C57,Dados!$C$3:$C$329,Dados!$V$3:$V$329,"") -> 1461.642 | Y57: =_xlfn.XLOOKUP(C57,Dados!$C$3:$C$329,Dados!$W$3:$W$329,"") -> 1253.4421 | Z57: =_xlfn.XLOOKUP(C57,Dados!$C$3:$C$329,Dados!$X$3:$X$329,"") -> 1114.1342 | AF57: 0.67820773 | AG57: 0.70143911 | AH57: 0.71796849 | AI57: 0.74245691 | AJ57: 0.75708577 | AK57: {=_xlfn.XLOOKUP(C57,Dados!$C$3:$C$329,Dados!$Z$3:'Dados'!$Z$329,"")} -> 14.145543 | AL57: {=_xlfn.XLOOKUP(C57,Dados!$C$3:$C$329,Dados!$AA$3:'Dados'!$AA$329,"")} -> 11.091701 | AM57: {=_xlfn.XLOOKUP(C57,Dados!$C$3:$C$329,Dados!$AB$3:'Dados'!$AB$329,"")} -> 8.8869451 | AN57: {=_xlfn.XLOOKUP(C57,Dados!$C$3:$C$329,Dados!$AC$3:'Dados'!$AC$329,"")} -> 7.698508 | AO57: {=_xlfn.XLOOKUP(C57,Dados!$C$3:$C$329,Dados!$AD$3:'Dados'!$AD$329,"")} -> 7.35975
A58: 325 | B58: Consórcio Inetmunicipal de Saúde da Baixada Fluminense - CISBAF | C58: 03.681.070/0001-40 | D58: Rio de Janeiro | E58: Sudeste | F58: =_xlfn.XLOOKUP(C58,Dados!$C$3:$C$329,Dados!$D$3:$D$329,"") -> 25 | G58: =_xlfn.XLOOKUP(C58,Dados!$C$3:$C$329,Dados!$E$3:$E$329,"") -> 3571473 | H58: =_xlfn.XLOOKUP(C58,Dados!$C$3:$C$329,Dados!$F$3:$F$329,"") -> 3598554.3 | I58: =_xlfn.XLOOKUP(C58,Dados!$C$3:$C$329,Dados!$G$3:$G$329,"") -> 3625635.7 | J58: =_xlfn.XLOOKUP(C58,Dados!$C$3:$C$329,Dados!$H$3:$H$329,"") -> 3652717 | K58: =_xlfn.XLOOKUP(C58,Dados!$C$3:$C$329,Dados!$I$3:$I$329,"") -> 3637487 | L58: =_xlfn.XLOOKUP(C58,Dados!$C$3:$C$329,Dados!$J$3:$J$329,"") -> 12 | M58: =_xlfn.XLOOKUP(C58,Dados!$C$3:$C$329,Dados!$K$3:$K$329,"") -> Sudeste | N58: =_xlfn.XLOOKUP(C58,Dados!$C$3:$C$329,Dados!$L$3:$L$329,"") -> 1 | O58: =_xlfn.XLOOKUP(C58,Dados!$C$3:$C$329,Dados!$M$3:$M$329,"") -> 0.50856046 | P58: =_xlfn.XLOOKUP(C58,Dados!$C$3:$C$329,Dados!$N$3:$N$329,"") -> 0.48666045 | Q58: =_xlfn.XLOOKUP(C58,Dados!$C$3:$C$329,Dados!$O$3:$O$329,"") -> 0.48477987 | R58: =_xlfn.XLOOKUP(C58,Dados!$C$3:$C$329,Dados!$P$3:$P$329,"") -> 0.46840225 | S58: =_xlfn.XLOOKUP(C58,Dados!$C$3:$C$329,Dados!$Q$3:$Q$329,"") -> 0.87741803 | T58: =_xlfn.XLOOKUP(C58,Dados!$C$3:$C$329,Dados!$R$3:$R$329,"") -> 0.69499667 | U58: =_xlfn.XLOOKUP(C58,Dados!$C$3:$C$329,Dados!$S$3:$S$329,"") -> 0.96271723 | V58: =_xlfn.XLOOKUP(C58,Dados!$C$3:$C$329,Dados!$T$3:$T$329,"") -> 1564.2553 | W58: =_xlfn.XLOOKUP(C58,Dados!$C$3:$C$329,Dados!$U$3:$U$329,"") -> 1257.1952 | X58: =_xlfn.XLOOKUP(C58,Dados!$C$3:$C$329,Dados!$V$3:$V$329,"") -> 1143.08 | Y58: =_xlfn.XLOOKUP(C58,Dados!$C$3:$C$329,Dados!$W$3:$W$329,"") -> 911.47383 | Z58: =_xlfn.XLOOKUP(C58,Dados!$C$3:$C$329,Dados!$X$3:$X$329,"") -> 773.57064 | AF58: 0.56561847 | AG58: 0.58695655 | AH58: 0.60882982 | AI58: 0.70276406 | AJ58: 0.72227685 | AK58: {=_xlfn.XLOOKUP(C58,Dados!$C$3:$C$329,Dados!$Z$3:'Dados'!$Z$329,"")} -> 41.544219 | AL58: {=_xlfn.XLOOKUP(C58,Dados!$C$3:$C$329,Dados!$AA$3:'Dados'!$AA$329,"")} -> 38.90757 | AM58: {=_xlfn.XLOOKUP(C58,Dados!$C$3:$C$329,Dados!$AB$3:'Dados'!$AB$329,"")} -> 21.516002 | AN58: {=_xlfn.XLOOKUP(C58,Dados!$C$3:$C$329,Dados!$AC$3:'Dados'!$AC$329,"")} -> 15.998395 | AO58: {=_xlfn.XLOOKUP(C58,Dados!$C$3:$C$329,Dados!$AD$3:'Dados'!$AD$329,"")} -> 13.31859
A59: 326 | B59: Consórcio Intermunicipal de Saúde do Alto Vale do Paraíba - CONSAVAP | C59: 19.701.130/0001-80 | D59: São Paulo | E59: Sudeste | F59: =_xlfn.XLOOKUP(C59,Dados!$C$3:$C$329,Dados!$D$3:$D$329,"") -> 12 | G59: =_xlfn.XLOOKUP(C59,Dados!$C$3:$C$329,Dados!$E$3:$E$329,"") -> 1128248 | H59: =_xlfn.XLOOKUP(C59,Dados!$C$3:$C$329,Dados!$F$3:$F$329,"") -> 1127034 | I59: =_xlfn.XLOOKUP(C59,Dados!$C$3:$C$329,Dados!$G$3:$G$329,"") -> 1125820 | J59: =_xlfn.XLOOKUP(C59,Dados!$C$3:$C$329,Dados!$H$3:$H$329,"") -> 1124606 | K59: =_xlfn.XLOOKUP(C59,Dados!$C$3:$C$329,Dados!$I$3:$I$329,"") -> 1114287 | L59: =_xlfn.XLOOKUP(C59,Dados!$C$3:$C$329,Dados!$J$3:$J$329,"") -> 8 | M59: =_xlfn.XLOOKUP(C59,Dados!$C$3:$C$329,Dados!$K$3:$K$329,"") -> Sudeste | N59: =_xlfn.XLOOKUP(C59,Dados!$C$3:$C$329,Dados!$L$3:$L$329,"") | O59: =_xlfn.XLOOKUP(C59,Dados!$C$3:$C$329,Dados!$M$3:$M$329,"") -> 0.82216901 | P59: =_xlfn.XLOOKUP(C59,Dados!$C$3:$C$329,Dados!$N$3:$N$329,"") -> 0.81530191 | Q59: =_xlfn.XLOOKUP(C59,Dados!$C$3:$C$329,Dados!$O$3:$O$329,"") -> 0.79690428 | R59: =_xlfn.XLOOKUP(C59,Dados!$C$3:$C$329,Dados!$P$3:$P$329,"") -> 0.77659503 | S59: =_xlfn.XLOOKUP(C59,Dados!$C$3:$C$329,Dados!$Q$3:$Q$329,"") -> 0.92230953 | T59: =_xlfn.XLOOKUP(C59,Dados!$C$3:$C$329,Dados!$R$3:$R$329,"") -> 0.95566998 | U59: =_xlfn.XLOOKUP(C59,Dados!$C$3:$C$329,Dados!$S$3:$S$329,"") -> 0.99568418 | V59: =_xlfn.XLOOKUP(C59,Dados!$C$3:$C$329,Dados!$T$3:$T$329,"") -> 1595.1648 | W59: =_xlfn.XLOOKUP(C59,Dados!$C$3:$C$329,Dados!$U$3:$U$329,"") -> 1395.7585 | X59: =_xlfn.XLOOKUP(C59,Dados!$C$3:$C$329,Dados!$V$3:$V$329,"") -> 1278.6173 | Y59: =_xlfn.XLOOKUP(C59,Dados!$C$3:$C$329,Dados!$W$3:$W$329,"") -> 1186.1455 | Z59: =_xlfn.XLOOKUP(C59,Dados!$C$3:$C$329,Dados!$X$3:$X$329,"") -> 1108.6759 | AF59: 0.03064312 | AG59: 0.034077661 | AH59: =AF59/AG59 -> 0.89921428 | AI59: 0.030026441 | AJ59: 0.029628653 | AK59: {=_xlfn.XLOOKUP(C59,Dados!$C$3:$C$329,Dados!$Z$3:'Dados'!$Z$329,"")} -> 17.857719 | AL59: {=_xlfn.XLOOKUP(C59,Dados!$C$3:$C$329,Dados!$AA$3:'Dados'!$AA$329,"")} -> 17.535089 | AM59: {=_xlfn.XLOOKUP(C59,Dados!$C$3:$C$329,Dados!$AB$3:'Dados'!$AB$329,"")} -> 17.35179 | AN59: {=_xlfn.XLOOKUP(C59,Dados!$C$3:$C$329,Dados!$AC$3:'Dados'!$AC$329,"")} -> 15.923617 | AO59: {=_xlfn.XLOOKUP(C59,Dados!$C$3:$C$329,Dados!$AD$3:'Dados'!$AD$329,"")} -> 12.672674
A60: 44 | B60: Consórcio Intermunicipal de Saúde do Norte do Paraná - CISNOP | C60: 00.126.737/0001-55 | D60: Paraná | E60: Sul | F60: =_xlfn.XLOOKUP(C60,Dados!$C$3:$C$329,Dados!$D$3:$D$329,"") -> 30 | G60: =_xlfn.XLOOKUP(C60,Dados!$C$3:$C$329,Dados!$E$3:$E$329,"") -> 217325 | H60: =_xlfn.XLOOKUP(C60,Dados!$C$3:$C$329,Dados!$F$3:$F$329,"") -> 218429.33 | I60: =_xlfn.XLOOKUP(C60,Dados!$C$3:$C$329,Dados!$G$3:$G$329,"") -> 219533.67 | J60: =_xlfn.XLOOKUP(C60,Dados!$C$3:$C$329,Dados!$H$3:$H$329,"") -> 220638 | K60: =_xlfn.XLOOKUP(C60,Dados!$C$3:$C$329,Dados!$I$3:$I$329,"") -> 221429 | L60: =_xlfn.XLOOKUP(C60,Dados!$C$3:$C$329,Dados!$J$3:$J$329,"") -> 21 | M60: =_xlfn.XLOOKUP(C60,Dados!$C$3:$C$329,Dados!$K$3:$K$329,"") -> Sul | N60: =_xlfn.XLOOKUP(C60,Dados!$C$3:$C$329,Dados!$L$3:$L$329,"") -> 5 | O60: =_xlfn.XLOOKUP(C60,Dados!$C$3:$C$329,Dados!$M$3:$M$329,"") -> 0.69576009 | P60: =_xlfn.XLOOKUP(C60,Dados!$C$3:$C$329,Dados!$N$3:$N$329,"") -> 0.66109033 | Q60: =_xlfn.XLOOKUP(C60,Dados!$C$3:$C$329,Dados!$O$3:$O$329,"") -> 0.63864339 | R60: =_xlfn.XLOOKUP(C60,Dados!$C$3:$C$329,Dados!$P$3:$P$329,"") -> 0.63557696 | S60: =_xlfn.XLOOKUP(C60,Dados!$C$3:$C$329,Dados!$Q$3:$Q$329,"") -> 0.59768936 | T60: =_xlfn.XLOOKUP(C60,Dados!$C$3:$C$329,Dados!$R$3:$R$329,"") -> 0.88808245 | U60: =_xlfn.XLOOKUP(C60,Dados!$C$3:$C$329,Dados!$S$3:$S$329,"") -> 0.91677615 | V60: =_xlfn.XLOOKUP(C60,Dados!$C$3:$C$329,Dados!$T$3:$T$329,"") -> 1694.7299 | W60: =_xlfn.XLOOKUP(C60,Dados!$C$3:$C$329,Dados!$U$3:$U$329,"") -> 1415.0976 | X60: =_xlfn.XLOOKUP(C60,Dados!$C$3:$C$329,Dados!$V$3:$V$329,"") -> 1292.8099 | Y60: =_xlfn.XLOOKUP(C60,Dados!$C$3:$C$329,Dados!$W$3:$W$329,"") -> 920.4792 | Z60: =_xlfn.XLOOKUP(C60,Dados!$C$3:$C$329,Dados!$X$3:$X$329,"") -> 967.90397 | AF60: 0.063508771 | AG60: 0.078972535 | AH60: 0.014660661 | AI60: 0.097438894 | AJ60: 0.11669025 | AK60: {=_xlfn.XLOOKUP(C60,Dados!$C$3:$C$329,Dados!$Z$3:'Dados'!$Z$329,"")} -> 2.488508 | AL60: {=_xlfn.XLOOKUP(C60,Dados!$C$3:$C$329,Dados!$AA$3:'Dados'!$AA$329,"")} -> 2.1396943 | AM60: {=_xlfn.XLOOKUP(C60,Dados!$C$3:$C$329,Dados!$AB$3:'Dados'!$AB$329,"")} -> 1.7494765 | AN60: {=_xlfn.XLOOKUP(C60,Dados!$C$3:$C$329,Dados!$AC$3:'Dados'!$AC$329,"")} -> 2.2847878 | AO60: {=_xlfn.XLOOKUP(C60,Dados!$C$3:$C$329,Dados!$AD$3:'Dados'!$AD$329,"")} -> 2.0416748
A61: 45 | B61: Consórcio Intermunicipal de Saúde - CONIMS | C61: 00.136.858/0001-88 | D61: Paraná | E61: Sul | F61: =_xlfn.XLOOKUP(C61,Dados!$C$3:$C$329,Dados!$D$3:$D$329,"") -> 30 | G61: =_xlfn.XLOOKUP(C61,Dados!$C$3:$C$329,Dados!$E$3:$E$329,"") -> 705893 | H61: =_xlfn.XLOOKUP(C61,Dados!$C$3:$C$329,Dados!$F$3:$F$329,"") -> 694293.33 | I61: =_xlfn.XLOOKUP(C61,Dados!$C$3:$C$329,Dados!$G$3:$G$329,"") -> 682693.67 | J61: =_xlfn.XLOOKUP(C61,Dados!$C$3:$C$329,Dados!$H$3:$H$329,"") -> 671094 | K61: =_xlfn.XLOOKUP(C61,Dados!$C$3:$C$329,Dados!$I$3:$I$329,"") -> 662968 | L61: =_xlfn.XLOOKUP(C61,Dados!$C$3:$C$329,Dados!$J$3:$J$329,"") -> 26 | M61: =_xlfn.XLOOKUP(C61,Dados!$C$3:$C$329,Dados!$K$3:$K$329,"") -> Sul | N61: =_xlfn.XLOOKUP(C61,Dados!$C$3:$C$329,Dados!$L$3:$L$329,"") -> 2 | O61: =_xlfn.XLOOKUP(C61,Dados!$C$3:$C$329,Dados!$M$3:$M$329,"") -> 0.76736356 | P61: =_xlfn.XLOOKUP(C61,Dados!$C$3:$C$329,Dados!$N$3:$N$329,"") -> 0.75269722 | Q61: =_xlfn.XLOOKUP(C61,Dados!$C$3:$C$329,Dados!$O$3:$O$329,"") -> 0.72204194 | R61: =_xlfn.XLOOKUP(C61,Dados!$C$3:$C$329,Dados!$P$3:$P$329,"") -> 0.71616976 | S61: =_xlfn.XLOOKUP(C61,Dados!$C$3:$C$329,Dados!$Q$3:$Q$329,"") -> 0.58655889 | T61: =_xlfn.XLOOKUP(C61,Dados!$C$3:$C$329,Dados!$R$3:$R$329,"") -> 0.86664384 | U61: =_xlfn.XLOOKUP(C61,Dados!$C$3:$C$329,Dados!$S$3:$S$329,"") -> 0.90485442 | V61: =_xlfn.XLOOKUP(C61,Dados!$C$3:$C$329,Dados!$T$3:$T$329,"") -> 1735.9555 | W61: =_xlfn.XLOOKUP(C61,Dados!$C$3:$C$329,Dados!$U$3:$U$329,"") -> 1630.4834 | X61: =_xlfn.XLOOKUP(C61,Dados!$C$3:$C$329,Dados!$V$3:$V$329,"") -> 1429.4261 | Y61: =_xlfn.XLOOKUP(C61,Dados!$C$3:$C$329,Dados!$W$3:$W$329,"") -> 1202.4242 | Z61: =_xlfn.XLOOKUP(C61,Dados!$C$3:$C$329,Dados!$X$3:$X$329,"") -> 1047.764 | AF61: 0.054348174 | AG61: 0.054956481 | AH61: 0.068042982 | AI61: 0.082818409 | AJ61: 0.13591539 | AK61: {=_xlfn.XLOOKUP(C61,Dados!$C$3:$C$329,Dados!$Z$3:'Dados'!$Z$329,"")} -> 16.56529 | AL61: {=_xlfn.XLOOKUP(C61,Dados!$C$3:$C$329,Dados!$AA$3:'Dados'!$AA$329,"")} -> 15.521192 | AM61: {=_xlfn.XLOOKUP(C61,Dados!$C$3:$C$329,Dados!$AB$3:'Dados'!$AB$329,"")} -> 14.650634 | AN61: {=_xlfn.XLOOKUP(C61,Dados!$C$3:$C$329,Dados!$AC$3:'Dados'!$AC$329,"")} -> 10.303375 | AO61: {=_xlfn.XLOOKUP(C61,Dados!$C$3:$C$329,Dados!$AD$3:'Dados'!$AD$329,"")} -> 12.316661
A62: 47 | B62: Consórcio Intergestores Paraná Saúde - CIPS | C62: 03.273.207/0001-28 | D62: Paraná | E62: Sul | F62: =_xlfn.XLOOKUP(C62,Dados!$C$3:$C$329,Dados!$D$3:$D$329,"") -> 25 | G62: =_xlfn.XLOOKUP(C62,Dados!$C$3:$C$329,Dados!$E$3:$E$329,"") -> 10098629 | H62: =_xlfn.XLOOKUP(C62,Dados!$C$3:$C$329,Dados!$F$3:$F$329,"") -> 10004637 | I62: =_xlfn.XLOOKUP(C62,Dados!$C$3:$C$329,Dados!$G$3:$G$329,"") -> 9910645 | J62: =_xlfn.XLOOKUP(C62,Dados!$C$3:$C$329,Dados!$H$3:$H$329,"") -> 9816653 | K62: =_xlfn.XLOOKUP(C62,Dados!$C$3:$C$329,Dados!$I$3:$I$329,"") -> 9745601 | L62: =_xlfn.XLOOKUP(C62,Dados!$C$3:$C$329,Dados!$J$3:$J$329,"") -> 397 | M62: =_xlfn.XLOOKUP(C62,Dados!$C$3:$C$329,Dados!$K$3:$K$329,"") -> Sul | N62: =_xlfn.XLOOKUP(C62,Dados!$C$3:$C$329,Dados!$L$3:$L$329,"") -> 1 | O62: =_xlfn.XLOOKUP(C62,Dados!$C$3:$C$329,Dados!$M$3:$M$329,"") -> 0.74367915 | P62: =_xlfn.XLOOKUP(C62,Dados!$C$3:$C$329,Dados!$N$3:$N$329,"") -> 0.7163013 | Q62: =_xlfn.XLOOKUP(C62,Dados!$C$3:$C$329,Dados!$O$3:$O$329,"") -> 0.70334763 | R62: =_xlfn.XLOOKUP(C62,Dados!$C$3:$C$329,Dados!$P$3:$P$329,"") -> 0.67601495 | S62: =_xlfn.XLOOKUP(C62,Dados!$C$3:$C$329,Dados!$Q$3:$Q$329,"") -> 0.61983333 | T62: =_xlfn.XLOOKUP(C62,Dados!$C$3:$C$329,Dados!$R$3:$R$329,"") -> 0.8516103 | U62: =_xlfn.XLOOKUP(C62,Dados!$C$3:$C$329,Dados!$S$3:$S$329,"") -> 0.92369424 | V62: =_xlfn.XLOOKUP(C62,Dados!$C$3:$C$329,Dados!$T$3:$T$329,"") -> 1632.747 | W62: =_xlfn.XLOOKUP(C62,Dados!$C$3:$C$329,Dados!$U$3:$U$329,"") -> 1452.4846 | X62: =_xlfn.XLOOKUP(C62,Dados!$C$3:$C$329,Dados!$V$3:$V$329,"") -> 1283.9608 | Y62: =_xlfn.XLOOKUP(C62,Dados!$C$3:$C$329,Dados!$W$3:$W$329,"") -> 1082.2504 | Z62: =_xlfn.XLOOKUP(C62,Dados!$C$3:$C$329,Dados!$X$3:$X$329,"") -> 972.03228 | AF62: 0.010612759 | AG62: #DIV/0! | AH62: #DIV/0! | AI62: 0.0086571262 | AJ62: 0.01078758 | AK62: {=_xlfn.XLOOKUP(C62,Dados!$C$3:$C$329,Dados!$Z$3:'Dados'!$Z$329,"")} -> 11.633481 | AL62: {=_xlfn.XLOOKUP(C62,Dados!$C$3:$C$329,Dados!$AA$3:'Dados'!$AA$329,"")} -> 11.059975 | AM62: {=_xlfn.XLOOKUP(C62,Dados!$C$3:$C$329,Dados!$AB$3:'Dados'!$AB$329,"")} -> 10.071815 | AN62: {=_xlfn.XLOOKUP(C62,Dados!$C$3:$C$329,Dados!$AC$3:'Dados'!$AC$329,"")} -> 8.0569233 | AO62: {=_xlfn.XLOOKUP(C62,Dados!$C$3:$C$329,Dados!$AD$3:'Dados'!$AD$329,"")} -> 7.9023649
A63: 48 | B63: Consórcio Intermunicipal de Saúde do Litoral do Paraná - CISLIPA | C63: 13.681.884/0001-39 | D63: Paraná | E63: Sul | F63: =_xlfn.XLOOKUP(C63,Dados!$C$3:$C$329,Dados!$D$3:$D$329,"") -> 14 | G63: =_xlfn.XLOOKUP(C63,Dados!$C$3:$C$329,Dados!$E$3:$E$329,"") -> 312589 | H63: =_xlfn.XLOOKUP(C63,Dados!$C$3:$C$329,Dados!$F$3:$F$329,"") -> 309240.67 | I63: =_xlfn.XLOOKUP(C63,Dados!$C$3:$C$329,Dados!$G$3:$G$329,"") -> 305892.33 | J63: =_xlfn.XLOOKUP(C63,Dados!$C$3:$C$329,Dados!$H$3:$H$329,"") -> 302544 | K63: =_xlfn.XLOOKUP(C63,Dados!$C$3:$C$329,Dados!$I$3:$I$329,"") -> 299824 | L63: =_xlfn.XLOOKUP(C63,Dados!$C$3:$C$329,Dados!$J$3:$J$329,"") -> 7 | M63: =_xlfn.XLOOKUP(C63,Dados!$C$3:$C$329,Dados!$K$3:$K$329,"") -> Sul | N63: =_xlfn.XLOOKUP(C63,Dados!$C$3:$C$329,Dados!$L$3:$L$329,"") -> 3 | O63: =_xlfn.XLOOKUP(C63,Dados!$C$3:$C$329,Dados!$M$3:$M$329,"") -> 0.66558422 | P63: =_xlfn.XLOOKUP(C63,Dados!$C$3:$C$329,Dados!$N$3:$N$329,"") -> 0.63530018 | Q63: =_xlfn.XLOOKUP(C63,Dados!$C$3:$C$329,Dados!$O$3:$O$329,"") -> 0.62455193 | R63: =_xlfn.XLOOKUP(C63,Dados!$C$3:$C$329,Dados!$P$3:$P$329,"") -> 0.60149744 | S63: =_xlfn.XLOOKUP(C63,Dados!$C$3:$C$329,Dados!$Q$3:$Q$329,"") -> 0.73258168 | T63: =_xlfn.XLOOKUP(C63,Dados!$C$3:$C$329,Dados!$R$3:$R$329,"") -> 0.83578756 | U63: =_xlfn.XLOOKUP(C63,Dados!$C$3:$C$329,Dados!$S$3:$S$329,"") -> 0.97399559 | V63: =_xlfn.XLOOKUP(C63,Dados!$C$3:$C$329,Dados!$T$3:$T$329,"") -> 1406.6321 | W63: =_xlfn.XLOOKUP(C63,Dados!$C$3:$C$329,Dados!$U$3:$U$329,"") -> 1300.6855 | X63: =_xlfn.XLOOKUP(C63,Dados!$C$3:$C$329,Dados!$V$3:$V$329,"") -> 1205.6415 | Y63: =_xlfn.XLOOKUP(C63,Dados!$C$3:$C$329,Dados!$W$3:$W$329,"") -> 1054.1455 | Z63: =_xlfn.XLOOKUP(C63,Dados!$C$3:$C$329,Dados!$X$3:$X$329,"") -> 915.66323 | AF63: 0.26814303 | AG63: 0.32675969 | AH63: 1.2982756 | AI63: 0.28054937 | AJ63: 0.54599981 | AK63: {=_xlfn.XLOOKUP(C63,Dados!$C$3:$C$329,Dados!$Z$3:'Dados'!$Z$329,"")} -> 4.4123818 | AL63: {=_xlfn.XLOOKUP(C63,Dados!$C$3:$C$329,Dados!$AA$3:'Dados'!$AA$329,"")} -> 5.0385061 | AM63: {=_xlfn.XLOOKUP(C63,Dados!$C$3:$C$329,Dados!$AB$3:'Dados'!$AB$329,"")} -> 3.5296471 | AN63: {=_xlfn.XLOOKUP(C63,Dados!$C$3:$C$329,Dados!$AC$3:'Dados'!$AC$329,"")} -> 3.6703554 | AO63: {=_xlfn.XLOOKUP(C63,Dados!$C$3:$C$329,Dados!$AD$3:'Dados'!$AD$329,"")} -> 3.9288049
A64: 49 | B64: Consórcio Intermunicipal de Saúde Cisa Amerios 12º R.S. | C64: 86.689.023/0001-70 | D64: Paraná | E64: Sul | F64: =_xlfn.XLOOKUP(C64,Dados!$C$3:$C$329,Dados!$D$3:$D$329,"") -> 31 | G64: =_xlfn.XLOOKUP(C64,Dados!$C$3:$C$329,Dados!$E$3:$E$329,"") -> 189229 | H64: =_xlfn.XLOOKUP(C64,Dados!$C$3:$C$329,Dados!$F$3:$F$329,"") -> 187243.67 | I64: =_xlfn.XLOOKUP(C64,Dados!$C$3:$C$329,Dados!$G$3:$G$329,"") -> 185258.33 | J64: =_xlfn.XLOOKUP(C64,Dados!$C$3:$C$329,Dados!$H$3:$H$329,"") -> 183273 | K64: =_xlfn.XLOOKUP(C64,Dados!$C$3:$C$329,Dados!$I$3:$I$329,"") -> 183002 | L64: =_xlfn.XLOOKUP(C64,Dados!$C$3:$C$329,Dados!$J$3:$J$329,"") -> 20 | M64: =_xlfn.XLOOKUP(C64,Dados!$C$3:$C$329,Dados!$K$3:$K$329,"") -> Sul | N64: =_xlfn.XLOOKUP(C64,Dados!$C$3:$C$329,Dados!$L$3:$L$329,"") -> 2 | O64: =_xlfn.XLOOKUP(C64,Dados!$C$3:$C$329,Dados!$M$3:$M$329,"") -> 0.67688206 | P64: =_xlfn.XLOOKUP(C64,Dados!$C$3:$C$329,Dados!$N$3:$N$329,"") -> 0.6646245 | Q64: =_xlfn.XLOOKUP(C64,Dados!$C$3:$C$329,Dados!$O$3:$O$329,"") -> 0.65319347 | R64: =_xlfn.XLOOKUP(C64,Dados!$C$3:$C$329,Dados!$P$3:$P$329,"") -> 0.62614681 | S64: =_xlfn.XLOOKUP(C64,Dados!$C$3:$C$329,Dados!$Q$3:$Q$329,"") -> 0.31741818 | T64: =_xlfn.XLOOKUP(C64,Dados!$C$3:$C$329,Dados!$R$3:$R$329,"") -> 0.76059272 | U64: =_xlfn.XLOOKUP(C64,Dados!$C$3:$C$329,Dados!$S$3:$S$329,"") -> 0.84855165 | V64: =_xlfn.XLOOKUP(C64,Dados!$C$3:$C$329,Dados!$T$3:$T$329,"") -> 2075.5021 | W64: =_xlfn.XLOOKUP(C64,Dados!$C$3:$C$329,Dados!$U$3:$U$329,"") -> 1969.8289 | X64: =_xlfn.XLOOKUP(C64,Dados!$C$3:$C$329,Dados!$V$3:$V$329,"") -> 1874.1254 | Y64: =_xlfn.XLOOKUP(C64,Dados!$C$3:$C$329,Dados!$W$3:$W$329,"") -> 1461.4071 | Z64: =_xlfn.XLOOKUP(C64,Dados!$C$3:$C$329,Dados!$X$3:$X$329,"") -> 1351.282 | AF64: 0.13960491 | AG64: 0.098092983 | AH64: 0.10855166 | AI64: 0.13379018 | AJ64: 0.17730678 | AK64: {=_xlfn.XLOOKUP(C64,Dados!$C$3:$C$329,Dados!$Z$3:'Dados'!$Z$329,"")} -> 14.912973 | AL64: {=_xlfn.XLOOKUP(C64,Dados!$C$3:$C$329,Dados!$AA$3:'Dados'!$AA$329,"")} -> 14.328218 | AM64: {=_xlfn.XLOOKUP(C64,Dados!$C$3:$C$329,Dados!$AB$3:'Dados'!$AB$329,"")} -> 13.049982 | AN64: {=_xlfn.XLOOKUP(C64,Dados!$C$3:$C$329,Dados!$AC$3:'Dados'!$AC$329,"")} -> 10.740769 | AO64: {=_xlfn.XLOOKUP(C64,Dados!$C$3:$C$329,Dados!$AD$3:'Dados'!$AD$329,"")} -> 11.388083
A65: 56 | B65: Consórcio Intermunicipal do Noroeste do Estado do Rio Grande do Sul - CISA-IJUI | C65: 02.231.696/0001-92 | D65: Rio grande do Sul | E65: Sul | F65: =_xlfn.XLOOKUP(C65,Dados!$C$3:$C$329,Dados!$D$3:$D$329,"") -> 27 | G65: =_xlfn.XLOOKUP(C65,Dados!$C$3:$C$329,Dados!$E$3:$E$329,"") -> 485529 | H65: =_xlfn.XLOOKUP(C65,Dados!$C$3:$C$329,Dados!$F$3:$F$329,"") -> 481310 | I65: =_xlfn.XLOOKUP(C65,Dados!$C$3:$C$329,Dados!$G$3:$G$329,"") -> 477091 | J65: =_xlfn.XLOOKUP(C65,Dados!$C$3:$C$329,Dados!$H$3:$H$329,"") -> 472872 | K65: =_xlfn.XLOOKUP(C65,Dados!$C$3:$C$329,Dados!$I$3:$I$329,"") -> 472006 | L65: =_xlfn.XLOOKUP(C65,Dados!$C$3:$C$329,Dados!$J$3:$J$329,"") -> 46 | M65: =_xlfn.XLOOKUP(C65,Dados!$C$3:$C$329,Dados!$K$3:$K$329,"") -> Sul | N65: =_xlfn.XLOOKUP(C65,Dados!$C$3:$C$329,Dados!$L$3:$L$329,"") -> 11 | O65: =_xlfn.XLOOKUP(C65,Dados!$C$3:$C$329,Dados!$M$3:$M$329,"") -> 0.68688049 | P65: =_xlfn.XLOOKUP(C65,Dados!$C$3:$C$329,Dados!$N$3:$N$329,"") -> 0.6671601 | Q65: =_xlfn.XLOOKUP(C65,Dados!$C$3:$C$329,Dados!$O$3:$O$329,"") -> 0.64974176 | R65: =_xlfn.XLOOKUP(C65,Dados!$C$3:$C$329,Dados!$P$3:$P$329,"") -> 0.63976332 | S65: =_xlfn.XLOOKUP(C65,Dados!$C$3:$C$329,Dados!$Q$3:$Q$329,"") -> 0.15088193 | T65: =_xlfn.XLOOKUP(C65,Dados!$C$3:$C$329,Dados!$R$3:$R$329,"") -> 0.83291375 | U65: =_xlfn.XLOOKUP(C65,Dados!$C$3:$C$329,Dados!$S$3:$S$329,"") -> 0.81272006 | V65: =_xlfn.XLOOKUP(C65,Dados!$C$3:$C$329,Dados!$T$3:$T$329,"") -> 1529.5808 | W65: =_xlfn.XLOOKUP(C65,Dados!$C$3:$C$329,Dados!$U$3:$U$329,"") -> 1514.4081 | X65: =_xlfn.XLOOKUP(C65,Dados!$C$3:$C$329,Dados!$V$3:$V$329,"") -> 1430.8038 | Y65: =_xlfn.XLOOKUP(C65,Dados!$C$3:$C$329,Dados!$W$3:$W$329,"") -> 1162.5991 | Z65: =_xlfn.XLOOKUP(C65,Dados!$C$3:$C$329,Dados!$X$3:$X$329,"") -> 1037.8327 | AF65: #DIV/0! | AG65: #DIV/0! | AH65: #DIV/0! | AI65: 0.012826789 | AJ65: #DIV/0! | AK65: {=_xlfn.XLOOKUP(C65,Dados!$C$3:$C$329,Dados!$Z$3:'Dados'!$Z$329,"")} -> 10.826255 | AL65: {=_xlfn.XLOOKUP(C65,Dados!$C$3:$C$329,Dados!$AA$3:'Dados'!$AA$329,"")} -> 10.310438 | AM65: {=_xlfn.XLOOKUP(C65,Dados!$C$3:$C$329,Dados!$AB$3:'Dados'!$AB$329,"")} -> 11.888122 | AN65: {=_xlfn.XLOOKUP(C65,Dados!$C$3:$C$329,Dados!$AC$3:'Dados'!$AC$329,"")} -> 5.1302213 | AO65: {=_xlfn.XLOOKUP(C65,Dados!$C$3:$C$329,Dados!$AD$3:'Dados'!$AD$329,"")} -> 4.2286623
A66: 57 | B66: Consórcio Intermunicipal de Saúde das Missões - CISMISSÕES | C66: 02.264.781/0001-57 | D66: Rio grande do Sul | E66: Sul | F66: =_xlfn.XLOOKUP(C66,Dados!$C$3:$C$329,Dados!$D$3:$D$329,"") -> 27 | G66: =_xlfn.XLOOKUP(C66,Dados!$C$3:$C$329,Dados!$E$3:$E$329,"") -> 212287 | H66: =_xlfn.XLOOKUP(C66,Dados!$C$3:$C$329,Dados!$F$3:$F$329,"") -> 210150 | I66: =_xlfn.XLOOKUP(C66,Dados!$C$3:$C$329,Dados!$G$3:$G$329,"") -> 208013 | J66: =_xlfn.XLOOKUP(C66,Dados!$C$3:$C$329,Dados!$H$3:$H$329,"") -> 205876 | K66: =_xlfn.XLOOKUP(C66,Dados!$C$3:$C$329,Dados!$I$3:$I$329,"") -> 207133 | L66: =_xlfn.XLOOKUP(C66,Dados!$C$3:$C$329,Dados!$J$3:$J$329,"") -> 27 | M66: =_xlfn.XLOOKUP(C66,Dados!$C$3:$C$329,Dados!$K$3:$K$329,"") -> Sul | N66: =_xlfn.XLOOKUP(C66,Dados!$C$3:$C$329,Dados!$L$3:$L$329,"") -> 2 | O66: =_xlfn.XLOOKUP(C66,Dados!$C$3:$C$329,Dados!$M$3:$M$329,"") -> 0.64145495 | P66: =_xlfn.XLOOKUP(C66,Dados!$C$3:$C$329,Dados!$N$3:$N$329,"") -> 0.61509408 | Q66: =_xlfn.XLOOKUP(C66,Dados!$C$3:$C$329,Dados!$O$3:$O$329,"") -> 0.59603404 | R66: =_xlfn.XLOOKUP(C66,Dados!$C$3:$C$329,Dados!$P$3:$P$329,"") -> 0.57379572 | S66: =_xlfn.XLOOKUP(C66,Dados!$C$3:$C$329,Dados!$Q$3:$Q$329,"") -> 0.15815412 | T66: =_xlfn.XLOOKUP(C66,Dados!$C$3:$C$329,Dados!$R$3:$R$329,"") -> 0.82945429 | U66: =_xlfn.XLOOKUP(C66,Dados!$C$3:$C$329,Dados!$S$3:$S$329,"") -> 0.77123542 | V66: =_xlfn.XLOOKUP(C66,Dados!$C$3:$C$329,Dados!$T$3:$T$329,"") -> 1598.4744 | W66: =_xlfn.XLOOKUP(C66,Dados!$C$3:$C$329,Dados!$U$3:$U$329,"") -> 1488.4917 | X66: =_xlfn.XLOOKUP(C66,Dados!$C$3:$C$329,Dados!$V$3:$V$329,"") -> 1409.245 | Y66: =_xlfn.XLOOKUP(C66,Dados!$C$3:$C$329,Dados!$W$3:$W$329,"") -> 1107.5458 | Z66: =_xlfn.XLOOKUP(C66,Dados!$C$3:$C$329,Dados!$X$3:$X$329,"") -> 1042.804 | AF66: #DIV/0! | AG66: 0.053732698 | AH66: #DIV/0! | AI66: #DIV/0! | AJ66: 0.069464821 | AK66: {=_xlfn.XLOOKUP(C66,Dados!$C$3:$C$329,Dados!$Z$3:'Dados'!$Z$329,"")} -> 4.8065873 | AL66: {=_xlfn.XLOOKUP(C66,Dados!$C$3:$C$329,Dados!$AA$3:'Dados'!$AA$329,"")} -> 4.1829265 | AM66: {=_xlfn.XLOOKUP(C66,Dados!$C$3:$C$329,Dados!$AB$3:'Dados'!$AB$329,"")} -> 5.707725 | AN66: {=_xlfn.XLOOKUP(C66,Dados!$C$3:$C$329,Dados!$AC$3:'Dados'!$AC$329,"")} -> 3.124405 | AO66: {=_xlfn.XLOOKUP(C66,Dados!$C$3:$C$329,Dados!$AD$3:'Dados'!$AD$329,"")} -> 2.660088
A67: 61 | B67: Consórcio de Saúde Intermunicipal e desenvolvimento Regional - CONSIM | C67: 08.007.591/0001-30 | D67: Rio grande do Sul | E67: Sul | F67: =_xlfn.XLOOKUP(C67,Dados!$C$3:$C$329,Dados!$D$3:$D$329,"") -> 18 | G67: =_xlfn.XLOOKUP(C67,Dados!$C$3:$C$329,Dados!$E$3:$E$329,"") -> 78108 | H67: =_xlfn.XLOOKUP(C67,Dados!$C$3:$C$329,Dados!$F$3:$F$329,"") -> 80729 | I67: =_xlfn.XLOOKUP(C67,Dados!$C$3:$C$329,Dados!$G$3:$G$329,"") -> 81308 | J67: =_xlfn.XLOOKUP(C67,Dados!$C$3:$C$329,Dados!$H$3:$H$329,"") -> 76371 | K67: =_xlfn.XLOOKUP(C67,Dados!$C$3:$C$329,Dados!$I$3:$I$329,"") -> 76622 | L67: =_xlfn.XLOOKUP(C67,Dados!$C$3:$C$329,Dados!$J$3:$J$329,"") -> 14 | M67: =_xlfn.XLOOKUP(C67,Dados!$C$3:$C$329,Dados!$K$3:$K$329,"") -> Sul | N67: =_xlfn.XLOOKUP(C67,Dados!$C$3:$C$329,Dados!$L$3:$L$329,"") -> 42 | O67: =_xlfn.XLOOKUP(C67,Dados!$C$3:$C$329,Dados!$M$3:$M$329,"") -> 0.67924048 | P67: =_xlfn.XLOOKUP(C67,Dados!$C$3:$C$329,Dados!$N$3:$N$329,"") -> 0.64690456 | Q67: =_xlfn.XLOOKUP(C67,Dados!$C$3:$C$329,Dados!$O$3:$O$329,"") -> 0.62956519 | R67: =_xlfn.XLOOKUP(C67,Dados!$C$3:$C$329,Dados!$P$3:$P$329,"") -> 0.61000565 | S67: =_xlfn.XLOOKUP(C67,Dados!$C$3:$C$329,Dados!$Q$3:$Q$329,"") -> 0.13670258 | T67: =_xlfn.XLOOKUP(C67,Dados!$C$3:$C$329,Dados!$R$3:$R$329,"") -> 0.88275132 | U67: =_xlfn.XLOOKUP(C67,Dados!$C$3:$C$329,Dados!$S$3:$S$329,"") -> 0.82504434 | V67: =_xlfn.XLOOKUP(C67,Dados!$C$3:$C$329,Dados!$T$3:$T$329,"") -> 1928.6444 | W67: =_xlfn.XLOOKUP(C67,Dados!$C$3:$C$329,Dados!$U$3:$U$329,"") -> 1658.6859 | X67: =_xlfn.XLOOKUP(C67,Dados!$C$3:$C$329,Dados!$V$3:$V$329,"") -> 1651.9874 | Y67: =_xlfn.XLOOKUP(C67,Dados!$C$3:$C$329,Dados!$W$3:$W$329,"") -> 1219.7553 | Z67: =_xlfn.XLOOKUP(C67,Dados!$C$3:$C$329,Dados!$X$3:$X$329,"") -> 1117.4158 | AF67: 0.030494966 | AG67: 0.032694077 | AH67: 0.038397836 | AI67: 0.041324835 | AJ67: 0.048918119 | AK67: {=_xlfn.XLOOKUP(C67,Dados!$C$3:$C$329,Dados!$Z$3:'Dados'!$Z$329,"")} -> 3.4314238 | AL67: {=_xlfn.XLOOKUP(C67,Dados!$C$3:$C$329,Dados!$AA$3:'Dados'!$AA$329,"")} -> 3.3367073 | AM67: {=_xlfn.XLOOKUP(C67,Dados!$C$3:$C$329,Dados!$AB$3:'Dados'!$AB$329,"")} -> 6.4652355 | AN67: {=_xlfn.XLOOKUP(C67,Dados!$C$3:$C$329,Dados!$AC$3:'Dados'!$AC$329,"")} -> 3.1815346 | AO67: {=_xlfn.XLOOKUP(C67,Dados!$C$3:$C$329,Dados!$AD$3:'Dados'!$AD$329,"")} -> 2.29527
A68: 66 | B68: Consórcio Intermunicipal de Saúde do Nordeste de Santa Catarina - CISNORDESTE | C68: 03.222.337/0001-31 | D68: Santa Catarina | E68: Sul | F68: =_xlfn.XLOOKUP(C68,Dados!$C$3:$C$329,Dados!$D$3:$D$329,"") -> 26 | G68: =_xlfn.XLOOKUP(C68,Dados!$C$3:$C$329,Dados!$E$3:$E$329,"") -> 1358098 | H68: =_xlfn.XLOOKUP(C68,Dados!$C$3:$C$329,Dados!$F$3:$F$329,"") -> 1329017.3 | I68: =_xlfn.XLOOKUP(C68,Dados!$C$3:$C$329,Dados!$G$3:$G$329,"") -> 1299936.7 | J68: =_xlfn.XLOOKUP(C68,Dados!$C$3:$C$329,Dados!$H$3:$H$329,"") -> 1270856 | K68: =_xlfn.XLOOKUP(C68,Dados!$C$3:$C$329,Dados!$I$3:$I$329,"") -> 1252644 | L68: =_xlfn.XLOOKUP(C68,Dados!$C$3:$C$329,Dados!$J$3:$J$329,"") -> 17 | M68: =_xlfn.XLOOKUP(C68,Dados!$C$3:$C$329,Dados!$K$3:$K$329,"") -> Sul | N68: =_xlfn.XLOOKUP(C68,Dados!$C$3:$C$329,Dados!$L$3:$L$329,"") -> 4 | O68: =_xlfn.XLOOKUP(C68,Dados!$C$3:$C$329,Dados!$M$3:$M$329,"") -> 0.7943801 | P68: =_xlfn.XLOOKUP(C68,Dados!$C$3:$C$329,Dados!$N$3:$N$329,"") -> 0.78222537 | Q68: =_xlfn.XLOOKUP(C68,Dados!$C$3:$C$329,Dados!$O$3:$O$329,"") -> 0.77614489 | R68: =_xlfn.XLOOKUP(C68,Dados!$C$3:$C$329,Dados!$P$3:$P$329,"") -> 0.76261967 | S68: =_xlfn.XLOOKUP(C68,Dados!$C$3:$C$329,Dados!$Q$3:$Q$329,"") -> 0.66099861 | T68: =_xlfn.XLOOKUP(C68,Dados!$C$3:$C$329,Dados!$R$3:$R$329,"") -> 0.91075845 | U68: =_xlfn.XLOOKUP(C68,Dados!$C$3:$C$329,Dados!$S$3:$S$329,"") -> 0.9920999 | V68: =_xlfn.XLOOKUP(C68,Dados!$C$3:$C$329,Dados!$T$3:$T$329,"") -> 1902.5898 | W68: =_xlfn.XLOOKUP(C68,Dados!$C$3:$C$329,Dados!$U$3:$U$329,"") -> 1616.2698 | X68: =_xlfn.XLOOKUP(C68,Dados!$C$3:$C$329,Dados!$V$3:$V$329,"") -> 1482.7291 | Y68: =_xlfn.XLOOKUP(C68,Dados!$C$3:$C$329,Dados!$W$3:$W$329,"") -> 1395.2728 | Z68: =_xlfn.XLOOKUP(C68,Dados!$C$3:$C$329,Dados!$X$3:$X$329,"") -> 1260.6119 | AF68: #DIV/0! | AG68: #DIV/0! | AH68: #DIV/0! | AI68: 0.054978316 | AJ68: 0.058390421 | AK68: {=_xlfn.XLOOKUP(C68,Dados!$C$3:$C$329,Dados!$Z$3:'Dados'!$Z$329,"")} -> 16.332402 | AL68: {=_xlfn.XLOOKUP(C68,Dados!$C$3:$C$329,Dados!$AA$3:'Dados'!$AA$329,"")} -> 16.947506 | AM68: {=_xlfn.XLOOKUP(C68,Dados!$C$3:$C$329,Dados!$AB$3:'Dados'!$AB$329,"")} -> 15.261867 | AN68: {=_xlfn.XLOOKUP(C68,Dados!$C$3:$C$329,Dados!$AC$3:'Dados'!$AC$329,"")} -> 13.908795 | AO68: {=_xlfn.XLOOKUP(C68,Dados!$C$3:$C$329,Dados!$AD$3:'Dados'!$AD$329,"")} -> 10.892729
A69: 213 | B69: Consórcio Público Intermunicipal de Saúde do Centro Noroeste da Região do Paraná - CISCENOP | C69: 01.178.931/0001-47 | D69: Paraná | E69: Sul | F69: =_xlfn.XLOOKUP(C69,Dados!$C$3:$C$329,Dados!$D$3:$D$329,"") -> 28 | G69: =_xlfn.XLOOKUP(C69,Dados!$C$3:$C$329,Dados!$E$3:$E$329,"") -> 174873 | H69: =_xlfn.XLOOKUP(C69,Dados!$C$3:$C$329,Dados!$F$3:$F$329,"") -> 173923.67 | I69: =_xlfn.XLOOKUP(C69,Dados!$C$3:$C$329,Dados!$G$3:$G$329,"") -> 172974.33 | J69: =_xlfn.XLOOKUP(C69,Dados!$C$3:$C$329,Dados!$H$3:$H$329,"") -> 172025 | K69: =_xlfn.XLOOKUP(C69,Dados!$C$3:$C$329,Dados!$I$3:$I$329,"") -> 171034 | L69: =_xlfn.XLOOKUP(C69,Dados!$C$3:$C$329,Dados!$J$3:$J$329,"") -> 11 | M69: =_xlfn.XLOOKUP(C69,Dados!$C$3:$C$329,Dados!$K$3:$K$329,"") -> Sul | N69: =_xlfn.XLOOKUP(C69,Dados!$C$3:$C$329,Dados!$L$3:$L$329,"") -> 2 | O69: =_xlfn.XLOOKUP(C69,Dados!$C$3:$C$329,Dados!$M$3:$M$329,"") -> 0.73190154 | P69: =_xlfn.XLOOKUP(C69,Dados!$C$3:$C$329,Dados!$N$3:$N$329,"") -> 0.72515487 | Q69: =_xlfn.XLOOKUP(C69,Dados!$C$3:$C$329,Dados!$O$3:$O$329,"") -> 0.70965029 | R69: =_xlfn.XLOOKUP(C69,Dados!$C$3:$C$329,Dados!$P$3:$P$329,"") -> 0.68672345 | S69: =_xlfn.XLOOKUP(C69,Dados!$C$3:$C$329,Dados!$Q$3:$Q$329,"") -> 0.5389042 | T69: =_xlfn.XLOOKUP(C69,Dados!$C$3:$C$329,Dados!$R$3:$R$329,"") -> 0.86612003 | U69: =_xlfn.XLOOKUP(C69,Dados!$C$3:$C$329,Dados!$S$3:$S$329,"") -> 0.90413338 | V69: =_xlfn.XLOOKUP(C69,Dados!$C$3:$C$329,Dados!$T$3:$T$329,"") -> 2064.3514 | W69: =_xlfn.XLOOKUP(C69,Dados!$C$3:$C$329,Dados!$U$3:$U$329,"") -> 1664.6901 | X69: =_xlfn.XLOOKUP(C69,Dados!$C$3:$C$329,Dados!$V$3:$V$329,"") -> 1549.4924 | Y69: =_xlfn.XLOOKUP(C69,Dados!$C$3:$C$329,Dados!$W$3:$W$329,"") -> 1315.7238 | Z69: =_xlfn.XLOOKUP(C69,Dados!$C$3:$C$329,Dados!$X$3:$X$329,"") -> 1185.1119 | AF69: 0.059081601 | AG69: 0.065172939 | AH69: #DIV/0! | AI69: #DIV/0! | AJ69: #DIV/0! | AK69: {=_xlfn.XLOOKUP(C69,Dados!$C$3:$C$329,Dados!$Z$3:'Dados'!$Z$329,"")} -> 22.842686 | AL69: {=_xlfn.XLOOKUP(C69,Dados!$C$3:$C$329,Dados!$AA$3:'Dados'!$AA$329,"")} -> 24.538564 | AM69: {=_xlfn.XLOOKUP(C69,Dados!$C$3:$C$329,Dados!$AB$3:'Dados'!$AB$329,"")} -> 18.91772 | AN69: {=_xlfn.XLOOKUP(C69,Dados!$C$3:$C$329,Dados!$AC$3:'Dados'!$AC$329,"")} -> 12.935783 | AO69: {=_xlfn.XLOOKUP(C69,Dados!$C$3:$C$329,Dados!$AD$3:'Dados'!$AD$329,"")} -> 10.332267
A70: 216 | B70: Consórcio Intermunicipal de Saúde do Vale do Ivai e Região - CISVIR | C70: 01.010.042/0001-76 | D70: Paraná | E70: Sul | F70: =_xlfn.XLOOKUP(C70,Dados!$C$3:$C$329,Dados!$D$3:$D$329,"") -> 29 | G70: =_xlfn.XLOOKUP(C70,Dados!$C$3:$C$329,Dados!$E$3:$E$329,"") -> 391300 | H70: =_xlfn.XLOOKUP(C70,Dados!$C$3:$C$329,Dados!$F$3:$F$329,"") -> 391857.33 | I70: =_xlfn.XLOOKUP(C70,Dados!$C$3:$C$329,Dados!$G$3:$G$329,"") -> 392414.67 | J70: =_xlfn.XLOOKUP(C70,Dados!$C$3:$C$329,Dados!$H$3:$H$329,"") -> 392972 | K70: =_xlfn.XLOOKUP(C70,Dados!$C$3:$C$329,Dados!$I$3:$I$329,"") -> 389991 | L70: =_xlfn.XLOOKUP(C70,Dados!$C$3:$C$329,Dados!$J$3:$J$329,"") -> 18 | M70: =_xlfn.XLOOKUP(C70,Dados!$C$3:$C$329,Dados!$K$3:$K$329,"") -> Sul | N70: =_xlfn.XLOOKUP(C70,Dados!$C$3:$C$329,Dados!$L$3:$L$329,"") -> 1 | O70: =_xlfn.XLOOKUP(C70,Dados!$C$3:$C$329,Dados!$M$3:$M$329,"") -> 0.79335858 | P70: =_xlfn.XLOOKUP(C70,Dados!$C$3:$C$329,Dados!$N$3:$N$329,"") -> 0.76420027 | Q70: =_xlfn.XLOOKUP(C70,Dados!$C$3:$C$329,Dados!$O$3:$O$329,"") -> 0.74712177 | R70: =_xlfn.XLOOKUP(C70,Dados!$C$3:$C$329,Dados!$P$3:$P$329,"") -> 0.71433931 | S70: =_xlfn.XLOOKUP(C70,Dados!$C$3:$C$329,Dados!$Q$3:$Q$329,"") -> 0.60438214 | T70: =_xlfn.XLOOKUP(C70,Dados!$C$3:$C$329,Dados!$R$3:$R$329,"") -> 0.92100005 | U70: =_xlfn.XLOOKUP(C70,Dados!$C$3:$C$329,Dados!$S$3:$S$329,"") -> 0.95594853 | V70: =_xlfn.XLOOKUP(C70,Dados!$C$3:$C$329,Dados!$T$3:$T$329,"") -> 1673.4152 | W70: =_xlfn.XLOOKUP(C70,Dados!$C$3:$C$329,Dados!$U$3:$U$329,"") -> 1353.4577 | X70: =_xlfn.XLOOKUP(C70,Dados!$C$3:$C$329,Dados!$V$3:$V$329,"") -> 1223.18 | Y70: =_xlfn.XLOOKUP(C70,Dados!$C$3:$C$329,Dados!$W$3:$W$329,"") -> 1067.7319 | Z70: =_xlfn.XLOOKUP(C70,Dados!$C$3:$C$329,Dados!$X$3:$X$329,"") -> 910.67484 | AF70: #DIV/0! | AG70: #DIV/0! | AH70: 0.069411291 | AI70: 0.08654929 | AJ70: 0.10895424 | AK70: {=_xlfn.XLOOKUP(C70,Dados!$C$3:$C$329,Dados!$Z$3:'Dados'!$Z$329,"")} -> 10.917128 | AL70: {=_xlfn.XLOOKUP(C70,Dados!$C$3:$C$329,Dados!$AA$3:'Dados'!$AA$329,"")} -> 10.671478 | AM70: {=_xlfn.XLOOKUP(C70,Dados!$C$3:$C$329,Dados!$AB$3:'Dados'!$AB$329,"")} -> 11.698232 | AN70: {=_xlfn.XLOOKUP(C70,Dados!$C$3:$C$329,Dados!$AC$3:'Dados'!$AC$329,"")} -> 8.330077 | AO70: {=_xlfn.XLOOKUP(C70,Dados!$C$3:$C$329,Dados!$AD$3:'Dados'!$AD$329,"")} -> 8.4431154
A71: 217 | B71: Consórcio Público Intermunicipal de Saúde do Norte Pioneiro - CISNORPI | C71: 00.476.612/0001-55 | D71: Paraná | E71: Sul | F71: =_xlfn.XLOOKUP(C71,Dados!$C$3:$C$329,Dados!$D$3:$D$329,"") -> 29 | G71: =_xlfn.XLOOKUP(C71,Dados!$C$3:$C$329,Dados!$E$3:$E$329,"") -> 282324 | H71: =_xlfn.XLOOKUP(C71,Dados!$C$3:$C$329,Dados!$F$3:$F$329,"") -> 279324.67 | I71: =_xlfn.XLOOKUP(C71,Dados!$C$3:$C$329,Dados!$G$3:$G$329,"") -> 276325.33 | J71: =_xlfn.XLOOKUP(C71,Dados!$C$3:$C$329,Dados!$H$3:$H$329,"") -> 273326 | K71: =_xlfn.XLOOKUP(C71,Dados!$C$3:$C$329,Dados!$I$3:$I$329,"") -> 272749 | L71: =_xlfn.XLOOKUP(C71,Dados!$C$3:$C$329,Dados!$J$3:$J$329,"") -> 22 | M71: =_xlfn.XLOOKUP(C71,Dados!$C$3:$C$329,Dados!$K$3:$K$329,"") -> Sul | N71: =_xlfn.XLOOKUP(C71,Dados!$C$3:$C$329,Dados!$L$3:$L$329,"") -> 4 | O71: =_xlfn.XLOOKUP(C71,Dados!$C$3:$C$329,Dados!$M$3:$M$329,"") -> 0.72835554 | P71: =_xlfn.XLOOKUP(C71,Dados!$C$3:$C$329,Dados!$N$3:$N$329,"") -> 0.69436758 | Q71: =_xlfn.XLOOKUP(C71,Dados!$C$3:$C$329,Dados!$O$3:$O$329,"") -> 0.68845225 | R71: =_xlfn.XLOOKUP(C71,Dados!$C$3:$C$329,Dados!$P$3:$P$329,"") -> 0.65182164 | S71: =_xlfn.XLOOKUP(C71,Dados!$C$3:$C$329,Dados!$Q$3:$Q$329,"") -> 0.63579041 | T71: =_xlfn.XLOOKUP(C71,Dados!$C$3:$C$329,Dados!$R$3:$R$329,"") -> 0.83266691 | U71: =_xlfn.XLOOKUP(C71,Dados!$C$3:$C$329,Dados!$S$3:$S$329,"") -> 0.93393184 | V71: =_xlfn.XLOOKUP(C71,Dados!$C$3:$C$329,Dados!$T$3:$T$329,"") -> 1426.6576 | W71: =_xlfn.XLOOKUP(C71,Dados!$C$3:$C$329,Dados!$U$3:$U$329,"") -> 1448.1335 | X71: =_xlfn.XLOOKUP(C71,Dados!$C$3:$C$329,Dados!$V$3:$V$329,"") -> 1257.3618 | Y71: =_xlfn.XLOOKUP(C71,Dados!$C$3:$C$329,Dados!$W$3:$W$329,"") -> 995.56736 | Z71: =_xlfn.XLOOKUP(C71,Dados!$C$3:$C$329,Dados!$X$3:$X$329,"") -> 884.41572 | AF71: 0.09099627 | AG71: 0.098759486 | AH71: 0.23665015 | AI71: #DIV/0! | AJ71: #DIV/0! | AK71: {=_xlfn.XLOOKUP(C71,Dados!$C$3:$C$329,Dados!$Z$3:'Dados'!$Z$329,"")} -> 6.4362399 | AL71: {=_xlfn.XLOOKUP(C71,Dados!$C$3:$C$329,Dados!$AA$3:'Dados'!$AA$329,"")} -> 10.612887 | AM71: {=_xlfn.XLOOKUP(C71,Dados!$C$3:$C$329,Dados!$AB$3:'Dados'!$AB$329,"")} -> 6.2070277 | AN71: {=_xlfn.XLOOKUP(C71,Dados!$C$3:$C$329,Dados!$AC$3:'Dados'!$AC$329,"")} -> 5.5677177 | AO71: {=_xlfn.XLOOKUP(C71,Dados!$C$3:$C$329,Dados!$AD$3:'Dados'!$AD$329,"")} -> 3.8969125
A72: 220 | B72: Consórcio Intermunicipal Para o Desenvolvimento Regional do Território Divisa Norte do Paraná - CODREN | C72: 16.834.978/0001-99 | D72: Paraná | E72: Sul | F72: =_xlfn.XLOOKUP(C72,Dados!$C$3:$C$329,Dados!$D$3:$D$329,"") -> 12 | G72: =_xlfn.XLOOKUP(C72,Dados!$C$3:$C$329,Dados!$E$3:$E$329,"") -> 14075 | H72: =_xlfn.XLOOKUP(C72,Dados!$C$3:$C$329,Dados!$F$3:$F$329,"") -> 13908 | I72: =_xlfn.XLOOKUP(C72,Dados!$C$3:$C$329,Dados!$G$3:$G$329,"") -> 13741 | J72: =_xlfn.XLOOKUP(C72,Dados!$C$3:$C$329,Dados!$H$3:$H$329,"") -> 13574 | K72: =_xlfn.XLOOKUP(C72,Dados!$C$3:$C$329,Dados!$I$3:$I$329,"") -> 13662 | L72: =_xlfn.XLOOKUP(C72,Dados!$C$3:$C$329,Dados!$J$3:$J$329,"") -> 3 | M72: =_xlfn.XLOOKUP(C72,Dados!$C$3:$C$329,Dados!$K$3:$K$329,"") -> Sul | N72: =_xlfn.XLOOKUP(C72,Dados!$C$3:$C$329,Dados!$L$3:$L$329,"") -> 16 | O72: =_xlfn.XLOOKUP(C72,Dados!$C$3:$C$329,Dados!$M$3:$M$329,"") -> 0.63643011 | P72: =_xlfn.XLOOKUP(C72,Dados!$C$3:$C$329,Dados!$N$3:$N$329,"") -> 0.62076666 | Q72: =_xlfn.XLOOKUP(C72,Dados!$C$3:$C$329,Dados!$O$3:$O$329,"") -> 0.61651092 | R72: =_xlfn.XLOOKUP(C72,Dados!$C$3:$C$329,Dados!$P$3:$P$329,"") -> 0.57525766 | S72: =_xlfn.XLOOKUP(C72,Dados!$C$3:$C$329,Dados!$Q$3:$Q$329,"") -> 0.25967448 | T72: =_xlfn.XLOOKUP(C72,Dados!$C$3:$C$329,Dados!$R$3:$R$329,"") -> 0.62978532 | U72: =_xlfn.XLOOKUP(C72,Dados!$C$3:$C$329,Dados!$S$3:$S$329,"") -> 0.84637629 | V72: =_xlfn.XLOOKUP(C72,Dados!$C$3:$C$329,Dados!$T$3:$T$329,"") -> 2331.3381 | W72: =_xlfn.XLOOKUP(C72,Dados!$C$3:$C$329,Dados!$U$3:$U$329,"") -> 1999.592 | X72: =_xlfn.XLOOKUP(C72,Dados!$C$3:$C$329,Dados!$V$3:$V$329,"") -> 1551.4617 | Y72: =_xlfn.XLOOKUP(C72,Dados!$C$3:$C$329,Dados!$W$3:$W$329,"") -> 1297.1669 | Z72: =_xlfn.XLOOKUP(C72,Dados!$C$3:$C$329,Dados!$X$3:$X$329,"") -> 1178.3829 | AF72: #DIV/0! | AG72: 0.17722973 | AH72: 0.31517396 | AI72: 0.39898416 | AJ72: #DIV/0! | AK72: {=_xlfn.XLOOKUP(C72,Dados!$C$3:$C$329,Dados!$Z$3:'Dados'!$Z$329,"")} -> 12.02032 | AL72: {=_xlfn.XLOOKUP(C72,Dados!$C$3:$C$329,Dados!$AA$3:'Dados'!$AA$329,"")} -> 7.4103394 | AM72: {=_xlfn.XLOOKUP(C72,Dados!$C$3:$C$329,Dados!$AB$3:'Dados'!$AB$329,"")} -> 7.8587439 | AN72: {=_xlfn.XLOOKUP(C72,Dados!$C$3:$C$329,Dados!$AC$3:'Dados'!$AC$329,"")} -> 10.967585 | AO72: {=_xlfn.XLOOKUP(C72,Dados!$C$3:$C$329,Dados!$AD$3:'Dados'!$AD$329,"")} -> 10.906163
A73: 223 | B73: Consórcio Público Intermunicipal de Atenção A Sanidade Agropecuária, Desenvolvimento Rural e Urbano Sustentável da Região Central do Estado do Paraná - CID CENTRO | C73: 11.881.350/0001-20 | D73: Paraná | E73: Sul | F73: =_xlfn.XLOOKUP(C73,Dados!$C$3:$C$329,Dados!$D$3:$D$329,"") -> 14 | G73: =_xlfn.XLOOKUP(C73,Dados!$C$3:$C$329,Dados!$E$3:$E$329,"") -> 481191 | H73: =_xlfn.XLOOKUP(C73,Dados!$C$3:$C$329,Dados!$F$3:$F$329,"") -> 473301 | I73: =_xlfn.XLOOKUP(C73,Dados!$C$3:$C$329,Dados!$G$3:$G$329,"") -> 465411 | J73: =_xlfn.XLOOKUP(C73,Dados!$C$3:$C$329,Dados!$H$3:$H$329,"") -> 457521 | K73: =_xlfn.XLOOKUP(C73,Dados!$C$3:$C$329,Dados!$I$3:$I$329,"") -> 459083 | L73: =_xlfn.XLOOKUP(C73,Dados!$C$3:$C$329,Dados!$J$3:$J$329,"") -> 31 | M73: =_xlfn.XLOOKUP(C73,Dados!$C$3:$C$329,Dados!$K$3:$K$329,"") -> Sul | N73: =_xlfn.XLOOKUP(C73,Dados!$C$3:$C$329,Dados!$L$3:$L$329,"") -> 23 | O73: =_xlfn.XLOOKUP(C73,Dados!$C$3:$C$329,Dados!$M$3:$M$329,"") -> 0.7184593 | P73: =_xlfn.XLOOKUP(C73,Dados!$C$3:$C$329,Dados!$N$3:$N$329,"") -> 0.68585978 | Q73: =_xlfn.XLOOKUP(C73,Dados!$C$3:$C$329,Dados!$O$3:$O$329,"") -> 0.67435013 | R73: =_xlfn.XLOOKUP(C73,Dados!$C$3:$C$329,Dados!$P$3:$P$329,"") -> 0.65174549 | S73: =_xlfn.XLOOKUP(C73,Dados!$C$3:$C$329,Dados!$Q$3:$Q$329,"") -> 0.49333595 | T73: =_xlfn.XLOOKUP(C73,Dados!$C$3:$C$329,Dados!$R$3:$R$329,"") -> 0.80725775 | U73: =_xlfn.XLOOKUP(C73,Dados!$C$3:$C$329,Dados!$S$3:$S$329,"") -> 0.85401133 | V73: =_xlfn.XLOOKUP(C73,Dados!$C$3:$C$329,Dados!$T$3:$T$329,"") -> 1603.819 | W73: =_xlfn.XLOOKUP(C73,Dados!$C$3:$C$329,Dados!$U$3:$U$329,"") -> 1594.7041 | X73: =_xlfn.XLOOKUP(C73,Dados!$C$3:$C$329,Dados!$V$3:$V$329,"") -> 1359.7364 | Y73: =_xlfn.XLOOKUP(C73,Dados!$C$3:$C$329,Dados!$W$3:$W$329,"") -> 1021.7336 | Z73: =_xlfn.XLOOKUP(C73,Dados!$C$3:$C$329,Dados!$X$3:$X$329,"") -> 912.46913 | AF73: 0.51340121 | AG73: 0.16929662 | AH73: 0.054317744 | AI73: 0.072679846 | AJ73: 0.088514766 | AK73: {=_xlfn.XLOOKUP(C73,Dados!$C$3:$C$329,Dados!$Z$3:'Dados'!$Z$329,"")} -> 6.9308778 | AL73: {=_xlfn.XLOOKUP(C73,Dados!$C$3:$C$329,Dados!$AA$3:'Dados'!$AA$329,"")} -> 6.1836463 | AM73: {=_xlfn.XLOOKUP(C73,Dados!$C$3:$C$329,Dados!$AB$3:'Dados'!$AB$329,"")} -> 5.2970127 | AN73: {=_xlfn.XLOOKUP(C73,Dados!$C$3:$C$329,Dados!$AC$3:'Dados'!$AC$329,"")} -> 4.1606374 | AO73: {=_xlfn.XLOOKUP(C73,Dados!$C$3:$C$329,Dados!$AD$3:'Dados'!$AD$329,"")} -> 4.4431769
A74: 225 | B74: Consórcio Intergestores de Saúde da 5A Região de Saúde do Parana - CIS5RS | C74: 36.330.988/0001-02 | D74: Paraná | E74: Sul | F74: =_xlfn.XLOOKUP(C74,Dados!$C$3:$C$329,Dados!$D$3:$D$329,"") -> 6 | G74: =_xlfn.XLOOKUP(C74,Dados!$C$3:$C$329,Dados!$E$3:$E$329,"") -> 438166 | H74: =_xlfn.XLOOKUP(C74,Dados!$C$3:$C$329,Dados!$F$3:$F$329,"") -> 436727.67 | I74: =_xlfn.XLOOKUP(C74,Dados!$C$3:$C$329,Dados!$G$3:$G$329,"") -> 435289.33 | J74: =_xlfn.XLOOKUP(C74,Dados!$C$3:$C$329,Dados!$H$3:$H$329,"") -> 433851 | K74: =_xlfn.XLOOKUP(C74,Dados!$C$3:$C$329,Dados!$I$3:$I$329,"") -> 432931 | L74: =_xlfn.XLOOKUP(C74,Dados!$C$3:$C$329,Dados!$J$3:$J$329,"") -> 20 | M74: =_xlfn.XLOOKUP(C74,Dados!$C$3:$C$329,Dados!$K$3:$K$329,"") -> Sul | N74: =_xlfn.XLOOKUP(C74,Dados!$C$3:$C$329,Dados!$L$3:$L$329,"") -> 3 | O74: =_xlfn.XLOOKUP(C74,Dados!$C$3:$C$329,Dados!$M$3:$M$329,"") -> 0.71894663 | P74: =_xlfn.XLOOKUP(C74,Dados!$C$3:$C$329,Dados!$N$3:$N$329,"") -> 0.69070997 | Q74: =_xlfn.XLOOKUP(C74,Dados!$C$3:$C$329,Dados!$O$3:$O$329,"") -> 0.67978916 | R74: =_xlfn.XLOOKUP(C74,Dados!$C$3:$C$329,Dados!$P$3:$P$329,"") -> 0.65540554 | S74: =_xlfn.XLOOKUP(C74,Dados!$C$3:$C$329,Dados!$Q$3:$Q$329,"") -> 0.57509019 | T74: =_xlfn.XLOOKUP(C74,Dados!$C$3:$C$329,Dados!$R$3:$R$329,"") -> 0.77594424 | U74: =_xlfn.XLOOKUP(C74,Dados!$C$3:$C$329,Dados!$S$3:$S$329,"") -> 0.82951865 | V74: =_xlfn.XLOOKUP(C74,Dados!$C$3:$C$329,Dados!$T$3:$T$329,"") -> 1434.8321 | W74: =_xlfn.XLOOKUP(C74,Dados!$C$3:$C$329,Dados!$U$3:$U$329,"") -> 1321.1661 | X74: =_xlfn.XLOOKUP(C74,Dados!$C$3:$C$329,Dados!$V$3:$V$329,"") -> 1122.9833 | Y74: =_xlfn.XLOOKUP(C74,Dados!$C$3:$C$329,Dados!$W$3:$W$329,"") -> 899.55531 | Z74: =_xlfn.XLOOKUP(C74,Dados!$C$3:$C$329,Dados!$X$3:$X$329,"") -> 747.69655 | AF74: 0.27260095 | AG74: 0.414021 | AH74: 0.82486239 | AI74: #DIV/0! | AJ74: #DIV/0! | AK74: {=_xlfn.XLOOKUP(C74,Dados!$C$3:$C$329,Dados!$Z$3:'Dados'!$Z$329,"")} -> 6.9940456 | AL74: {=_xlfn.XLOOKUP(C74,Dados!$C$3:$C$329,Dados!$AA$3:'Dados'!$AA$329,"")} -> 5.7926259 | AM74: {=_xlfn.XLOOKUP(C74,Dados!$C$3:$C$329,Dados!$AB$3:'Dados'!$AB$329,"")} -> 4.8784977 | AN74: {=_xlfn.XLOOKUP(C74,Dados!$C$3:$C$329,Dados!$AC$3:'Dados'!$AC$329,"")} -> 4.5686215 | AO74: {=_xlfn.XLOOKUP(C74,Dados!$C$3:$C$329,Dados!$AD$3:'Dados'!$AD$329,"")} -> 3.7645768
A75: 226 | B75: Consórcio Intermunicipal de Saúde dos Campos Gerais - CIMSAÚDE | C75: 03.878.900/0001-24 | D75: Paraná | E75: Sul | F75: =_xlfn.XLOOKUP(C75,Dados!$C$3:$C$329,Dados!$D$3:$D$329,"") -> 23 | G75: =_xlfn.XLOOKUP(C75,Dados!$C$3:$C$329,Dados!$E$3:$E$329,"") -> 841896 | H75: =_xlfn.XLOOKUP(C75,Dados!$C$3:$C$329,Dados!$F$3:$F$329,"") -> 840870.67 | I75: =_xlfn.XLOOKUP(C75,Dados!$C$3:$C$329,Dados!$G$3:$G$329,"") -> 839845.33 | J75: =_xlfn.XLOOKUP(C75,Dados!$C$3:$C$329,Dados!$H$3:$H$329,"") -> 838820 | K75: =_xlfn.XLOOKUP(C75,Dados!$C$3:$C$329,Dados!$I$3:$I$329,"") -> 832374 | L75: =_xlfn.XLOOKUP(C75,Dados!$C$3:$C$329,Dados!$J$3:$J$329,"") -> 19 | M75: =_xlfn.XLOOKUP(C75,Dados!$C$3:$C$329,Dados!$K$3:$K$329,"") -> Sul | N75: =_xlfn.XLOOKUP(C75,Dados!$C$3:$C$329,Dados!$L$3:$L$329,"") -> 1 | O75: =_xlfn.XLOOKUP(C75,Dados!$C$3:$C$329,Dados!$M$3:$M$329,"") -> 0.77923359 | P75: =_xlfn.XLOOKUP(C75,Dados!$C$3:$C$329,Dados!$N$3:$N$329,"") -> 0.74210982 | Q75: =_xlfn.XLOOKUP(C75,Dados!$C$3:$C$329,Dados!$O$3:$O$329,"") -> 0.74426846 | R75: =_xlfn.XLOOKUP(C75,Dados!$C$3:$C$329,Dados!$P$3:$P$329,"") -> 0.70765456 | S75: =_xlfn.XLOOKUP(C75,Dados!$C$3:$C$329,Dados!$Q$3:$Q$329,"") -> 0.74540047 | T75: =_xlfn.XLOOKUP(C75,Dados!$C$3:$C$329,Dados!$R$3:$R$329,"") -> 0.87640681 | U75: =_xlfn.XLOOKUP(C75,Dados!$C$3:$C$329,Dados!$S$3:$S$329,"") -> 0.92657798 | V75: =_xlfn.XLOOKUP(C75,Dados!$C$3:$C$329,Dados!$T$3:$T$329,"") -> 1261.6173 | W75: =_xlfn.XLOOKUP(C75,Dados!$C$3:$C$329,Dados!$U$3:$U$329,"") -> 1120.9739 | X75: =_xlfn.XLOOKUP(C75,Dados!$C$3:$C$329,Dados!$V$3:$V$329,"") -> 955.60904 | Y75: =_xlfn.XLOOKUP(C75,Dados!$C$3:$C$329,Dados!$W$3:$W$329,"") -> 851.4579 | Z75: =_xlfn.XLOOKUP(C75,Dados!$C$3:$C$329,Dados!$X$3:$X$329,"") -> 742.78817 | AF75: 0.060580005 | AG75: 0.1029459 | AH75: 0.10489582 | AI75: 0.08991716 | AJ75: #DIV/0! | AK75: {=_xlfn.XLOOKUP(C75,Dados!$C$3:$C$329,Dados!$Z$3:'Dados'!$Z$329,"")} -> 5.7455838 | AL75: {=_xlfn.XLOOKUP(C75,Dados!$C$3:$C$329,Dados!$AA$3:'Dados'!$AA$329,"")} -> 4.1349688 | AM75: {=_xlfn.XLOOKUP(C75,Dados!$C$3:$C$329,Dados!$AB$3:'Dados'!$AB$329,"")} -> 3.8474787 | AN75: {=_xlfn.XLOOKUP(C75,Dados!$C$3:$C$329,Dados!$AC$3:'Dados'!$AC$329,"")} -> 2.6629229 | AO75: {=_xlfn.XLOOKUP(C75,Dados!$C$3:$C$329,Dados!$AD$3:'Dados'!$AD$329,"")} -> 3.2823647
A76: 227 | B76: Consórcio Intermunicipal de Saúde da Região Amcespar - CIS AMCESPAR | C76: 00.358.098/0001-53 | D76: Paraná | E76: Sul | F76: =_xlfn.XLOOKUP(C76,Dados!$C$3:$C$329,Dados!$D$3:$D$329,"") -> 30 | G76: =_xlfn.XLOOKUP(C76,Dados!$C$3:$C$329,Dados!$E$3:$E$329,"") -> 167738 | H76: =_xlfn.XLOOKUP(C76,Dados!$C$3:$C$329,Dados!$F$3:$F$329,"") -> 170887.33 | I76: =_xlfn.XLOOKUP(C76,Dados!$C$3:$C$329,Dados!$G$3:$G$329,"") -> 174036.67 | J76: =_xlfn.XLOOKUP(C76,Dados!$C$3:$C$329,Dados!$H$3:$H$329,"") -> 177186 | K76: =_xlfn.XLOOKUP(C76,Dados!$C$3:$C$329,Dados!$I$3:$I$329,"") -> 176074 | L76: =_xlfn.XLOOKUP(C76,Dados!$C$3:$C$329,Dados!$J$3:$J$329,"") -> 9 | M76: =_xlfn.XLOOKUP(C76,Dados!$C$3:$C$329,Dados!$K$3:$K$329,"") -> Sul | N76: =_xlfn.XLOOKUP(C76,Dados!$C$3:$C$329,Dados!$L$3:$L$329,"") -> 2 | O76: =_xlfn.XLOOKUP(C76,Dados!$C$3:$C$329,Dados!$M$3:$M$329,"") -> 0.74089904 | P76: =_xlfn.XLOOKUP(C76,Dados!$C$3:$C$329,Dados!$N$3:$N$329,"") -> 0.7114716 | Q76: =_xlfn.XLOOKUP(C76,Dados!$C$3:$C$329,Dados!$O$3:$O$329,"") -> 0.68726536 | R76: =_xlfn.XLOOKUP(C76,Dados!$C$3:$C$329,Dados!$P$3:$P$329,"") -> 0.66239548 | S76: =_xlfn.XLOOKUP(C76,Dados!$C$3:$C$329,Dados!$Q$3:$Q$329,"") -> 0.51854616 | T76: =_xlfn.XLOOKUP(C76,Dados!$C$3:$C$329,Dados!$R$3:$R$329,"") -> 0.7592688 | U76: =_xlfn.XLOOKUP(C76,Dados!$C$3:$C$329,Dados!$S$3:$S$329,"") -> 0.84139082 | V76: =_xlfn.XLOOKUP(C76,Dados!$C$3:$C$329,Dados!$T$3:$T$329,"") -> 1460.0072 | W76: =_xlfn.XLOOKUP(C76,Dados!$C$3:$C$329,Dados!$U$3:$U$329,"") -> 1225.3976 | X76: =_xlfn.XLOOKUP(C76,Dados!$C$3:$C$329,Dados!$V$3:$V$329,"") -> 1114.6208 | Y76: =_xlfn.XLOOKUP(C76,Dados!$C$3:$C$329,Dados!$W$3:$W$329,"") -> 920.29349 | Z76: =_xlfn.XLOOKUP(C76,Dados!$C$3:$C$329,Dados!$X$3:$X$329,"") -> 798.65502 | AF76: 0.082502796 | AG76: 0.099587246 | AH76: #DIV/0! | AI76: #DIV/0! | AJ76: #DIV/0! | AK76: {=_xlfn.XLOOKUP(C76,Dados!$C$3:$C$329,Dados!$Z$3:'Dados'!$Z$329,"")} -> 4.3371269 | AL76: {=_xlfn.XLOOKUP(C76,Dados!$C$3:$C$329,Dados!$AA$3:'Dados'!$AA$329,"")} -> 4.7736949 | AM76: {=_xlfn.XLOOKUP(C76,Dados!$C$3:$C$329,Dados!$AB$3:'Dados'!$AB$329,"")} -> 6.088964 | AN76: {=_xlfn.XLOOKUP(C76,Dados!$C$3:$C$329,Dados!$AC$3:'Dados'!$AC$329,"")} -> 4.4697267 | AO76: {=_xlfn.XLOOKUP(C76,Dados!$C$3:$C$329,Dados!$AD$3:'Dados'!$AD$329,"")} -> 5.6898974
A77: 229 | B77: Consórcio Intermunicipal de Saúde do Vale do Iguaçu - CISVALI | C77: 00.956.801/0001-25 | D77: Paraná | E77: Sul | F77: =_xlfn.XLOOKUP(C77,Dados!$C$3:$C$329,Dados!$D$3:$D$329,"") -> 29 | G77: =_xlfn.XLOOKUP(C77,Dados!$C$3:$C$329,Dados!$E$3:$E$329,"") -> 165037 | H77: =_xlfn.XLOOKUP(C77,Dados!$C$3:$C$329,Dados!$F$3:$F$329,"") -> 169730.33 | I77: =_xlfn.XLOOKUP(C77,Dados!$C$3:$C$329,Dados!$G$3:$G$329,"") -> 174423.67 | J77: =_xlfn.XLOOKUP(C77,Dados!$C$3:$C$329,Dados!$H$3:$H$329,"") -> 179117 | K77: =_xlfn.XLOOKUP(C77,Dados!$C$3:$C$329,Dados!$I$3:$I$329,"") -> 178227 | L77: =_xlfn.XLOOKUP(C77,Dados!$C$3:$C$329,Dados!$J$3:$J$329,"") -> 9 | M77: =_xlfn.XLOOKUP(C77,Dados!$C$3:$C$329,Dados!$K$3:$K$329,"") -> Sul | N77: =_xlfn.XLOOKUP(C77,Dados!$C$3:$C$329,Dados!$L$3:$L$329,"") -> 1 | O77: =_xlfn.XLOOKUP(C77,Dados!$C$3:$C$329,Dados!$M$3:$M$329,"") -> 0.76907622 | P77: =_xlfn.XLOOKUP(C77,Dados!$C$3:$C$329,Dados!$N$3:$N$329,"") -> 0.72463659 | Q77: =_xlfn.XLOOKUP(C77,Dados!$C$3:$C$329,Dados!$O$3:$O$329,"") -> 0.70748538 | R77: =_xlfn.XLOOKUP(C77,Dados!$C$3:$C$329,Dados!$P$3:$P$329,"") -> 0.68409803 | S77: =_xlfn.XLOOKUP(C77,Dados!$C$3:$C$329,Dados!$Q$3:$Q$329,"") -> 0.43622558 | T77: =_xlfn.XLOOKUP(C77,Dados!$C$3:$C$329,Dados!$R$3:$R$329,"") -> 0.68297035 | U77: =_xlfn.XLOOKUP(C77,Dados!$C$3:$C$329,Dados!$S$3:$S$329,"") -> 0.80554363 | V77: =_xlfn.XLOOKUP(C77,Dados!$C$3:$C$329,Dados!$T$3:$T$329,"") -> 1499.4676 | W77: =_xlfn.XLOOKUP(C77,Dados!$C$3:$C$329,Dados!$U$3:$U$329,"") -> 1217.4573 | X77: =_xlfn.XLOOKUP(C77,Dados!$C$3:$C$329,Dados!$V$3:$V$329,"") -> 1033.3918 | Y77: =_xlfn.XLOOKUP(C77,Dados!$C$3:$C$329,Dados!$W$3:$W$329,"") -> 855.5222 | Z77: =_xlfn.XLOOKUP(C77,Dados!$C$3:$C$329,Dados!$X$3:$X$329,"") -> 713.14529 | AF77: 0.049281314 | AG77: 0.048438053 | AH77: 0.04933783 | AI77: 0.044592218 | AJ77: #DIV/0! | AK77: {=_xlfn.XLOOKUP(C77,Dados!$C$3:$C$329,Dados!$Z$3:'Dados'!$Z$329,"")} -> 4.4412041 | AL77: {=_xlfn.XLOOKUP(C77,Dados!$C$3:$C$329,Dados!$AA$3:'Dados'!$AA$329,"")} -> 5.5373602 | AM77: {=_xlfn.XLOOKUP(C77,Dados!$C$3:$C$329,Dados!$AB$3:'Dados'!$AB$329,"")} -> 6.5180146 | AN77: {=_xlfn.XLOOKUP(C77,Dados!$C$3:$C$329,Dados!$AC$3:'Dados'!$AC$329,"")} -> 4.9415131 | AO77: {=_xlfn.XLOOKUP(C77,Dados!$C$3:$C$329,Dados!$AD$3:'Dados'!$AD$329,"")} -> 5.6305835
A78: 230 | B78: Consórcio Intermunicipal da Fronteira - CIF | C78: 10.865.793/0001-65 | D78: Paraná | E78: Sul | F78: =_xlfn.XLOOKUP(C78,Dados!$C$3:$C$329,Dados!$D$3:$D$329,"") -> 15 | G78: =_xlfn.XLOOKUP(C78,Dados!$C$3:$C$329,Dados!$E$3:$E$329,"") -> 29255 | H78: =_xlfn.XLOOKUP(C78,Dados!$C$3:$C$329,Dados!$F$3:$F$329,"") -> 29307 | I78: =_xlfn.XLOOKUP(C78,Dados!$C$3:$C$329,Dados!$G$3:$G$329,"") -> 29359 | J78: =_xlfn.XLOOKUP(C78,Dados!$C$3:$C$329,Dados!$H$3:$H$329,"") -> 29411 | K78: =_xlfn.XLOOKUP(C78,Dados!$C$3:$C$329,Dados!$I$3:$I$329,"") -> 29363 | L78: =_xlfn.XLOOKUP(C78,Dados!$C$3:$C$329,Dados!$J$3:$J$329,"") -> 3 | M78: =_xlfn.XLOOKUP(C78,Dados!$C$3:$C$329,Dados!$K$3:$K$329,"") -> Sul | N78: =_xlfn.XLOOKUP(C78,Dados!$C$3:$C$329,Dados!$L$3:$L$329,"") -> 31 | O78: =_xlfn.XLOOKUP(C78,Dados!$C$3:$C$329,Dados!$M$3:$M$329,"") -> 0.70034556 | P78: =_xlfn.XLOOKUP(C78,Dados!$C$3:$C$329,Dados!$N$3:$N$329,"") -> 0.66880098 | Q78: =_xlfn.XLOOKUP(C78,Dados!$C$3:$C$329,Dados!$O$3:$O$329,"") -> 0.65296595 | R78: =_xlfn.XLOOKUP(C78,Dados!$C$3:$C$329,Dados!$P$3:$P$329,"") -> 0.66005213 | S78: =_xlfn.XLOOKUP(C78,Dados!$C$3:$C$329,Dados!$Q$3:$Q$329,"") -> 0.20465425 | T78: =_xlfn.XLOOKUP(C78,Dados!$C$3:$C$329,Dados!$R$3:$R$329,"") -> 0.8326465 | U78: =_xlfn.XLOOKUP(C78,Dados!$C$3:$C$329,Dados!$S$3:$S$329,"") -> 0.78374959 | V78: =_xlfn.XLOOKUP(C78,Dados!$C$3:$C$329,Dados!$T$3:$T$329,"") -> 1870.3897 | W78: =_xlfn.XLOOKUP(C78,Dados!$C$3:$C$329,Dados!$U$3:$U$329,"") -> 1718.4585 | X78: =_xlfn.XLOOKUP(C78,Dados!$C$3:$C$329,Dados!$V$3:$V$329,"") -> 1502.3675 | Y78: =_xlfn.XLOOKUP(C78,Dados!$C$3:$C$329,Dados!$W$3:$W$329,"") -> 1009.9887 | Z78: =_xlfn.XLOOKUP(C78,Dados!$C$3:$C$329,Dados!$X$3:$X$329,"") -> 1184.6313 | AF78: 0.63009339 | AG78: 0.65753437 | AH78: 0.60944564 | AI78: 0.65814628 | AJ78: 0.61799123 | AK78: {=_xlfn.XLOOKUP(C78,Dados!$C$3:$C$329,Dados!$Z$3:'Dados'!$Z$329,"")} -> 24.58684 | AL78: {=_xlfn.XLOOKUP(C78,Dados!$C$3:$C$329,Dados!$AA$3:'Dados'!$AA$329,"")} -> 24.645511 | AM78: {=_xlfn.XLOOKUP(C78,Dados!$C$3:$C$329,Dados!$AB$3:'Dados'!$AB$329,"")} -> 21.915767 | AN78: {=_xlfn.XLOOKUP(C78,Dados!$C$3:$C$329,Dados!$AC$3:'Dados'!$AC$329,"")} -> 20.356873 | AO78: {=_xlfn.XLOOKUP(C78,Dados!$C$3:$C$329,Dados!$AD$3:'Dados'!$AD$329,"")} -> 15.067602
A79: 231 | B79: Consórcio Intermunicipal de Saúde Iguaçu - CISI | C79: 00.879.976/0001-86 | D79: Paraná | E79: Sul | F79: =_xlfn.XLOOKUP(C79,Dados!$C$3:$C$329,Dados!$D$3:$D$329,"") -> 29 | G79: =_xlfn.XLOOKUP(C79,Dados!$C$3:$C$329,Dados!$E$3:$E$329,"") -> 139056 | H79: =_xlfn.XLOOKUP(C79,Dados!$C$3:$C$329,Dados!$F$3:$F$329,"") -> 134089.33 | I79: =_xlfn.XLOOKUP(C79,Dados!$C$3:$C$329,Dados!$G$3:$G$329,"") -> 129122.67 | J79: =_xlfn.XLOOKUP(C79,Dados!$C$3:$C$329,Dados!$H$3:$H$329,"") -> 124156 | K79: =_xlfn.XLOOKUP(C79,Dados!$C$3:$C$329,Dados!$I$3:$I$329,"") -> 123299 | L79: =_xlfn.XLOOKUP(C79,Dados!$C$3:$C$329,Dados!$J$3:$J$329,"") -> 7 | M79: =_xlfn.XLOOKUP(C79,Dados!$C$3:$C$329,Dados!$K$3:$K$329,"") -> Sul | N79: =_xlfn.XLOOKUP(C79,Dados!$C$3:$C$329,Dados!$L$3:$L$329,"") -> 1 | O79: =_xlfn.XLOOKUP(C79,Dados!$C$3:$C$329,Dados!$M$3:$M$329,"") -> 0.78593649 | P79: =_xlfn.XLOOKUP(C79,Dados!$C$3:$C$329,Dados!$N$3:$N$329,"") -> 0.74470939 | Q79: =_xlfn.XLOOKUP(C79,Dados!$C$3:$C$329,Dados!$O$3:$O$329,"") -> 0.72837161 | R79: =_xlfn.XLOOKUP(C79,Dados!$C$3:$C$329,Dados!$P$3:$P$329,"") -> 0.69480582 | S79: =_xlfn.XLOOKUP(C79,Dados!$C$3:$C$329,Dados!$Q$3:$Q$329,"") -> 0.38999902 | T79: =_xlfn.XLOOKUP(C79,Dados!$C$3:$C$329,Dados!$R$3:$R$329,"") -> 0.84892152 | U79: =_xlfn.XLOOKUP(C79,Dados!$C$3:$C$329,Dados!$S$3:$S$329,"") -> 0.94177984 | V79: =_xlfn.XLOOKUP(C79,Dados!$C$3:$C$329,Dados!$T$3:$T$329,"") -> 2059.7755 | W79: =_xlfn.XLOOKUP(C79,Dados!$C$3:$C$329,Dados!$U$3:$U$329,"") -> 1889.3053 | X79: =_xlfn.XLOOKUP(C79,Dados!$C$3:$C$329,Dados!$V$3:$V$329,"") -> 1703.3212 | Y79: =_xlfn.XLOOKUP(C79,Dados!$C$3:$C$329,Dados!$W$3:$W$329,"") -> 1330.6947 | Z79: =_xlfn.XLOOKUP(C79,Dados!$C$3:$C$329,Dados!$X$3:$X$329,"") -> 1271.0572 | AF79: 0.05392603 | AG79: 0.051918651 | AH79: 0.050703495 | AI79: 0.052829053 | AJ79: 0.065580129 | AK79: {=_xlfn.XLOOKUP(C79,Dados!$C$3:$C$329,Dados!$Z$3:'Dados'!$Z$329,"")} -> 16.261556 | AL79: {=_xlfn.XLOOKUP(C79,Dados!$C$3:$C$329,Dados!$AA$3:'Dados'!$AA$329,"")} -> 15.716396 | AM79: {=_xlfn.XLOOKUP(C79,Dados!$C$3:$C$329,Dados!$AB$3:'Dados'!$AB$329,"")} -> 11.191552 | AN79: {=_xlfn.XLOOKUP(C79,Dados!$C$3:$C$329,Dados!$AC$3:'Dados'!$AC$329,"")} -> 9.0160443 | AO79: {=_xlfn.XLOOKUP(C79,Dados!$C$3:$C$329,Dados!$AD$3:'Dados'!$AD$329,"")} -> 9.9401212
A80: 240 | B80: Consórcio Público da Fronteira Noroeste - COFRON | C80: 94.188.208/0001-20 | D80: Rio Grande do Sul | E80: Sul | F80: =_xlfn.XLOOKUP(C80,Dados!$C$3:$C$329,Dados!$D$3:$D$329,"") -> 30 | G80: =_xlfn.XLOOKUP(C80,Dados!$C$3:$C$329,Dados!$E$3:$E$329,"") -> 264069 | H80: =_xlfn.XLOOKUP(C80,Dados!$C$3:$C$329,Dados!$F$3:$F$329,"") -> 259849.67 | I80: =_xlfn.XLOOKUP(C80,Dados!$C$3:$C$329,Dados!$G$3:$G$329,"") -> 255630.33 | J80: =_xlfn.XLOOKUP(C80,Dados!$C$3:$C$329,Dados!$H$3:$H$329,"") -> 251411 | K80: =_xlfn.XLOOKUP(C80,Dados!$C$3:$C$329,Dados!$I$3:$I$329,"") -> 252081 | L80: =_xlfn.XLOOKUP(C80,Dados!$C$3:$C$329,Dados!$J$3:$J$329,"") -> 25 | M80: =_xlfn.XLOOKUP(C80,Dados!$C$3:$C$329,Dados!$K$3:$K$329,"") -> Sul | N80: =_xlfn.XLOOKUP(C80,Dados!$C$3:$C$329,Dados!$L$3:$L$329,"") -> 5 | O80: =_xlfn.XLOOKUP(C80,Dados!$C$3:$C$329,Dados!$M$3:$M$329,"") -> 0.7344764 | P80: =_xlfn.XLOOKUP(C80,Dados!$C$3:$C$329,Dados!$N$3:$N$329,"") -> 0.70957907 | Q80: =_xlfn.XLOOKUP(C80,Dados!$C$3:$C$329,Dados!$O$3:$O$329,"") -> 0.69697683 | R80: =_xlfn.XLOOKUP(C80,Dados!$C$3:$C$329,Dados!$P$3:$P$329,"") -> 0.66612884 | S80: =_xlfn.XLOOKUP(C80,Dados!$C$3:$C$329,Dados!$Q$3:$Q$329,"") -> 0.1782572 | T80: =_xlfn.XLOOKUP(C80,Dados!$C$3:$C$329,Dados!$R$3:$R$329,"") -> 0.86742118 | U80: =_xlfn.XLOOKUP(C80,Dados!$C$3:$C$329,Dados!$S$3:$S$329,"") -> 0.86599564 | V80: =_xlfn.XLOOKUP(C80,Dados!$C$3:$C$329,Dados!$T$3:$T$329,"") -> 1920.9816 | W80: =_xlfn.XLOOKUP(C80,Dados!$C$3:$C$329,Dados!$U$3:$U$329,"") -> 1783.6901 | X80: =_xlfn.XLOOKUP(C80,Dados!$C$3:$C$329,Dados!$V$3:$V$329,"") -> 1604.3299 | Y80: =_xlfn.XLOOKUP(C80,Dados!$C$3:$C$329,Dados!$W$3:$W$329,"") -> 1386.8846 | Z80: =_xlfn.XLOOKUP(C80,Dados!$C$3:$C$329,Dados!$X$3:$X$329,"") -> 1280.6165 | AF80: #DIV/0! | AG80: 0.026971046 | AH80: 0.030840457 | AI80: 0.030100173 | AJ80: 0.032102275 | AK80: {=_xlfn.XLOOKUP(C80,Dados!$C$3:$C$329,Dados!$Z$3:'Dados'!$Z$329,"")} -> 17.260992 | AL80: {=_xlfn.XLOOKUP(C80,Dados!$C$3:$C$329,Dados!$AA$3:'Dados'!$AA$329,"")} -> 11.971179 | AM80: {=_xlfn.XLOOKUP(C80,Dados!$C$3:$C$329,Dados!$AB$3:'Dados'!$AB$329,"")} -> 12.65067 | AN80: {=_xlfn.XLOOKUP(C80,Dados!$C$3:$C$329,Dados!$AC$3:'Dados'!$AC$329,"")} -> 9.7232142 | AO80: {=_xlfn.XLOOKUP(C80,Dados!$C$3:$C$329,Dados!$AD$3:'Dados'!$AD$329,"")} -> 9.0466794
A81: 243 | B81: Consórcio Intermunicipal de Saúde da Microrregião de São Luiz Gonzaga - COIS | C81: 93.592.368/0001-77 | D81: Rio Grande do Sul | E81: Sul | F81: =_xlfn.XLOOKUP(C81,Dados!$C$3:$C$329,Dados!$D$3:$D$329,"") -> 33 | G81: =_xlfn.XLOOKUP(C81,Dados!$C$3:$C$329,Dados!$E$3:$E$329,"") -> 74150 | H81: =_xlfn.XLOOKUP(C81,Dados!$C$3:$C$329,Dados!$F$3:$F$329,"") -> 73016.333 | I81: =_xlfn.XLOOKUP(C81,Dados!$C$3:$C$329,Dados!$G$3:$G$329,"") -> 71882.667 | J81: =_xlfn.XLOOKUP(C81,Dados!$C$3:$C$329,Dados!$H$3:$H$329,"") -> 70749 | K81: =_xlfn.XLOOKUP(C81,Dados!$C$3:$C$329,Dados!$I$3:$I$329,"") -> 71367 | L81: =_xlfn.XLOOKUP(C81,Dados!$C$3:$C$329,Dados!$J$3:$J$329,"") -> 9 | M81: =_xlfn.XLOOKUP(C81,Dados!$C$3:$C$329,Dados!$K$3:$K$329,"") -> Sul | N81: =_xlfn.XLOOKUP(C81,Dados!$C$3:$C$329,Dados!$L$3:$L$329,"") -> 4 | O81: =_xlfn.XLOOKUP(C81,Dados!$C$3:$C$329,Dados!$M$3:$M$329,"") -> 0.63066009 | P81: =_xlfn.XLOOKUP(C81,Dados!$C$3:$C$329,Dados!$N$3:$N$329,"") -> 0.61112921 | Q81: =_xlfn.XLOOKUP(C81,Dados!$C$3:$C$329,Dados!$O$3:$O$329,"") -> 0.58199245 | R81: =_xlfn.XLOOKUP(C81,Dados!$C$3:$C$329,Dados!$P$3:$P$329,"") -> 0.56891855 | S81: =_xlfn.XLOOKUP(C81,Dados!$C$3:$C$329,Dados!$Q$3:$Q$329,"") -> 0.20798294 | T81: =_xlfn.XLOOKUP(C81,Dados!$C$3:$C$329,Dados!$R$3:$R$329,"") -> 0.85995428 | U81: =_xlfn.XLOOKUP(C81,Dados!$C$3:$C$329,Dados!$S$3:$S$329,"") -> 0.84278473 | V81: =_xlfn.XLOOKUP(C81,Dados!$C$3:$C$329,Dados!$T$3:$T$329,"") -> 1504.4235 | W81: =_xlfn.XLOOKUP(C81,Dados!$C$3:$C$329,Dados!$U$3:$U$329,"") -> 1479.1359 | X81: =_xlfn.XLOOKUP(C81,Dados!$C$3:$C$329,Dados!$V$3:$V$329,"") -> 1341.9779 | Y81: =_xlfn.XLOOKUP(C81,Dados!$C$3:$C$329,Dados!$W$3:$W$329,"") -> 1034.175 | Z81: =_xlfn.XLOOKUP(C81,Dados!$C$3:$C$329,Dados!$X$3:$X$329,"") -> 1010.6523 | AF81: #DIV/0! | AG81: #DIV/0! | AH81: 0.55642999 | AI81: 0.5991046 | AJ81: 0.99824033 | AK81: {=_xlfn.XLOOKUP(C81,Dados!$C$3:$C$329,Dados!$Z$3:'Dados'!$Z$329,"")} -> 1.1827242 | AL81: {=_xlfn.XLOOKUP(C81,Dados!$C$3:$C$329,Dados!$AA$3:'Dados'!$AA$329,"")} -> 1.3488352 | AM81: {=_xlfn.XLOOKUP(C81,Dados!$C$3:$C$329,Dados!$AB$3:'Dados'!$AB$329,"")} -> 1.2771786 | AN81: {=_xlfn.XLOOKUP(C81,Dados!$C$3:$C$329,Dados!$AC$3:'Dados'!$AC$329,"")} -> 1.3684858 | AO81: {=_xlfn.XLOOKUP(C81,Dados!$C$3:$C$329,Dados!$AD$3:'Dados'!$AD$329,"")} -> 1.3855844
A82: 247 | B82: Consórcio Público Intermunicipal Para Assuntos Estratégicos do G8 - CIPAE G8 | C82: 11.884.641/0001-72 | D82: Rio Grande do Sul | E82: Sul | F82: =_xlfn.XLOOKUP(C82,Dados!$C$3:$C$329,Dados!$D$3:$D$329,"") -> 14 | G82: =_xlfn.XLOOKUP(C82,Dados!$C$3:$C$329,Dados!$E$3:$E$329,"") -> 127365 | H82: =_xlfn.XLOOKUP(C82,Dados!$C$3:$C$329,Dados!$F$3:$F$329,"") -> 125041 | I82: =_xlfn.XLOOKUP(C82,Dados!$C$3:$C$329,Dados!$G$3:$G$329,"") -> 122717 | J82: =_xlfn.XLOOKUP(C82,Dados!$C$3:$C$329,Dados!$H$3:$H$329,"") -> 120393 | K82: =_xlfn.XLOOKUP(C82,Dados!$C$3:$C$329,Dados!$I$3:$I$329,"") -> 119718 | L82: =_xlfn.XLOOKUP(C82,Dados!$C$3:$C$329,Dados!$J$3:$J$329,"") -> 8 | M82: =_xlfn.XLOOKUP(C82,Dados!$C$3:$C$329,Dados!$K$3:$K$329,"") -> Sul | N82: =_xlfn.XLOOKUP(C82,Dados!$C$3:$C$329,Dados!$L$3:$L$329,"") -> 22 | O82: =_xlfn.XLOOKUP(C82,Dados!$C$3:$C$329,Dados!$M$3:$M$329,"") -> 0.54730847 | P82: =_xlfn.XLOOKUP(C82,Dados!$C$3:$C$329,Dados!$N$3:$N$329,"") -> 0.51186379 | Q82: =_xlfn.XLOOKUP(C82,Dados!$C$3:$C$329,Dados!$O$3:$O$329,"") -> 0.48674545 | R82: =_xlfn.XLOOKUP(C82,Dados!$C$3:$C$329,Dados!$P$3:$P$329,"") -> 0.48905222 | S82: =_xlfn.XLOOKUP(C82,Dados!$C$3:$C$329,Dados!$Q$3:$Q$329,"") -> 0.073685008 | T82: =_xlfn.XLOOKUP(C82,Dados!$C$3:$C$329,Dados!$R$3:$R$329,"") -> 0.6873591 | U82: =_xlfn.XLOOKUP(C82,Dados!$C$3:$C$329,Dados!$S$3:$S$329,"") -> 0.83758402 | V82: =_xlfn.XLOOKUP(C82,Dados!$C$3:$C$329,Dados!$T$3:$T$329,"") -> 2302.4171 | W82: =_xlfn.XLOOKUP(C82,Dados!$C$3:$C$329,Dados!$U$3:$U$329,"") -> 3375.6597 | X82: =_xlfn.XLOOKUP(C82,Dados!$C$3:$C$329,Dados!$V$3:$V$329,"") -> 1816.6567 | Y82: =_xlfn.XLOOKUP(C82,Dados!$C$3:$C$329,Dados!$W$3:$W$329,"") -> 1576.771 | Z82: =_xlfn.XLOOKUP(C82,Dados!$C$3:$C$329,Dados!$X$3:$X$329,"") -> 1485.5229 | AF82: #DIV/0! | AG82: #DIV/0! | AH82: #DIV/0! | AI82: 0 | AJ82: 0 | AK82: {=_xlfn.XLOOKUP(C82,Dados!$C$3:$C$329,Dados!$Z$3:'Dados'!$Z$329,"")} -> 5.6585404 | AL82: {=_xlfn.XLOOKUP(C82,Dados!$C$3:$C$329,Dados!$AA$3:'Dados'!$AA$329,"")} -> 4.3813069 | AM82: {=_xlfn.XLOOKUP(C82,Dados!$C$3:$C$329,Dados!$AB$3:'Dados'!$AB$329,"")} -> 3.6615302 | AN82: {=_xlfn.XLOOKUP(C82,Dados!$C$3:$C$329,Dados!$AC$3:'Dados'!$AC$329,"")} -> 4.222081 | AO82: {=_xlfn.XLOOKUP(C82,Dados!$C$3:$C$329,Dados!$AD$3:'Dados'!$AD$329,"")} -> 3.6794133
A83: 248 | B83: Consórcio Intermunicipal do Vale do Rio Caí - CISCAÍ | C83: 07.662.324/0001-34 | D83: Rio Grande do Sul | E83: Sul | F83: =_xlfn.XLOOKUP(C83,Dados!$C$3:$C$329,Dados!$D$3:$D$329,"") -> 19 | G83: =_xlfn.XLOOKUP(C83,Dados!$C$3:$C$329,Dados!$E$3:$E$329,"") -> 346413 | H83: =_xlfn.XLOOKUP(C83,Dados!$C$3:$C$329,Dados!$F$3:$F$329,"") -> 347684.67 | I83: =_xlfn.XLOOKUP(C83,Dados!$C$3:$C$329,Dados!$G$3:$G$329,"") -> 348956.33 | J83: =_xlfn.XLOOKUP(C83,Dados!$C$3:$C$329,Dados!$H$3:$H$329,"") -> 350228 | K83: =_xlfn.XLOOKUP(C83,Dados!$C$3:$C$329,Dados!$I$3:$I$329,"") -> 347751 | L83: =_xlfn.XLOOKUP(C83,Dados!$C$3:$C$329,Dados!$J$3:$J$329,"") -> 30 | M83: =_xlfn.XLOOKUP(C83,Dados!$C$3:$C$329,Dados!$K$3:$K$329,"") -> Sul | N83: =_xlfn.XLOOKUP(C83,Dados!$C$3:$C$329,Dados!$L$3:$L$329,"") -> 27 | O83: =_xlfn.XLOOKUP(C83,Dados!$C$3:$C$329,Dados!$M$3:$M$329,"") -> 0.72216893 | P83: =_xlfn.XLOOKUP(C83,Dados!$C$3:$C$329,Dados!$N$3:$N$329,"") -> 0.70473735 | Q83: =_xlfn.XLOOKUP(C83,Dados!$C$3:$C$329,Dados!$O$3:$O$329,"") -> 0.68083003 | R83: =_xlfn.XLOOKUP(C83,Dados!$C$3:$C$329,Dados!$P$3:$P$329,"") -> 0.6579211 | S83: =_xlfn.XLOOKUP(C83,Dados!$C$3:$C$329,Dados!$Q$3:$Q$329,"") -> 0.37615006 | T83: =_xlfn.XLOOKUP(C83,Dados!$C$3:$C$329,Dados!$R$3:$R$329,"") -> 0.72078251 | U83: =_xlfn.XLOOKUP(C83,Dados!$C$3:$C$329,Dados!$S$3:$S$329,"") -> 0.92639637 | V83: =_xlfn.XLOOKUP(C83,Dados!$C$3:$C$329,Dados!$T$3:$T$329,"") -> 1603.1721 | W83: =_xlfn.XLOOKUP(C83,Dados!$C$3:$C$329,Dados!$U$3:$U$329,"") -> 1349.1132 | X83: =_xlfn.XLOOKUP(C83,Dados!$C$3:$C$329,Dados!$V$3:$V$329,"") -> 1184.619 | Y83: =_xlfn.XLOOKUP(C83,Dados!$C$3:$C$329,Dados!$W$3:$W$329,"") -> 988.33829 | Z83: =_xlfn.XLOOKUP(C83,Dados!$C$3:$C$329,Dados!$X$3:$X$329,"") -> 911.14551 | AF83: #DIV/0! | AG83: #DIV/0! | AH83: #DIV/0! | AI83: 0.01077764 | AJ83: 0.012684672 | AK83: {=_xlfn.XLOOKUP(C83,Dados!$C$3:$C$329,Dados!$Z$3:'Dados'!$Z$329,"")} -> 5.7985959 | AL83: {=_xlfn.XLOOKUP(C83,Dados!$C$3:$C$329,Dados!$AA$3:'Dados'!$AA$329,"")} -> 5.825776 | AM83: {=_xlfn.XLOOKUP(C83,Dados!$C$3:$C$329,Dados!$AB$3:'Dados'!$AB$329,"")} -> 6.107896 | AN83: {=_xlfn.XLOOKUP(C83,Dados!$C$3:$C$329,Dados!$AC$3:'Dados'!$AC$329,"")} -> 4.3362324 | AO83: {=_xlfn.XLOOKUP(C83,Dados!$C$3:$C$329,Dados!$AD$3:'Dados'!$AD$329,"")} -> 3.9038622
A84: 250 | B84: Consórcio Intermunicipal Ci Centro-Sul - CI CENTRO-SUL | C84: 07.926.117/0001-40 | D84: Rio Grande do Sul | E84: Sul | F84: =_xlfn.XLOOKUP(C84,Dados!$C$3:$C$329,Dados!$D$3:$D$329,"") -> 18 | G84: =_xlfn.XLOOKUP(C84,Dados!$C$3:$C$329,Dados!$E$3:$E$329,"") -> 290403 | H84: =_xlfn.XLOOKUP(C84,Dados!$C$3:$C$329,Dados!$F$3:$F$329,"") -> 296290.67 | I84: =_xlfn.XLOOKUP(C84,Dados!$C$3:$C$329,Dados!$G$3:$G$329,"") -> 302178.33 | J84: =_xlfn.XLOOKUP(C84,Dados!$C$3:$C$329,Dados!$H$3:$H$329,"") -> 308066 | K84: =_xlfn.XLOOKUP(C84,Dados!$C$3:$C$329,Dados!$I$3:$I$329,"") -> 307273 | L84: =_xlfn.XLOOKUP(C84,Dados!$C$3:$C$329,Dados!$J$3:$J$329,"") -> 14 | M84: =_xlfn.XLOOKUP(C84,Dados!$C$3:$C$329,Dados!$K$3:$K$329,"") -> Sul | N84: =_xlfn.XLOOKUP(C84,Dados!$C$3:$C$329,Dados!$L$3:$L$329,"") -> 25 | O84: =_xlfn.XLOOKUP(C84,Dados!$C$3:$C$329,Dados!$M$3:$M$329,"") -> 0.62934697 | P84: =_xlfn.XLOOKUP(C84,Dados!$C$3:$C$329,Dados!$N$3:$N$329,"") -> 0.60489626 | Q84: =_xlfn.XLOOKUP(C84,Dados!$C$3:$C$329,Dados!$O$3:$O$329,"") -> 0.57582818 | R84: =_xlfn.XLOOKUP(C84,Dados!$C$3:$C$329,Dados!$P$3:$P$329,"") -> 0.56266128 | S84: =_xlfn.XLOOKUP(C84,Dados!$C$3:$C$329,Dados!$Q$3:$Q$329,"") -> 0.63624599 | T84: =_xlfn.XLOOKUP(C84,Dados!$C$3:$C$329,Dados!$R$3:$R$329,"") -> 0.73444943 | U84: =_xlfn.XLOOKUP(C84,Dados!$C$3:$C$329,Dados!$S$3:$S$329,"") -> 0.88869323 | V84: =_xlfn.XLOOKUP(C84,Dados!$C$3:$C$329,Dados!$T$3:$T$329,"") -> 1245.6136 | W84: =_xlfn.XLOOKUP(C84,Dados!$C$3:$C$329,Dados!$U$3:$U$329,"") -> 1005.8501 | X84: =_xlfn.XLOOKUP(C84,Dados!$C$3:$C$329,Dados!$V$3:$V$329,"") -> 883.78895 | Y84: =_xlfn.XLOOKUP(C84,Dados!$C$3:$C$329,Dados!$W$3:$W$329,"") -> 720.07479 | Z84: =_xlfn.XLOOKUP(C84,Dados!$C$3:$C$329,Dados!$X$3:$X$329,"") -> 669.37318 | AF84: #DIV/0! | AG84: 0.3782606 | AH84: 0.45469163 | AI84: 0.12416609 | AJ84: 0.039926931 | AK84: {=_xlfn.XLOOKUP(C84,Dados!$C$3:$C$329,Dados!$Z$3:'Dados'!$Z$329,"")} -> 3.0865452 | AL84: {=_xlfn.XLOOKUP(C84,Dados!$C$3:$C$329,Dados!$AA$3:'Dados'!$AA$329,"")} -> 2.1119531 | AM84: {=_xlfn.XLOOKUP(C84,Dados!$C$3:$C$329,Dados!$AB$3:'Dados'!$AB$329,"")} -> 2.3485767 | AN84: {=_xlfn.XLOOKUP(C84,Dados!$C$3:$C$329,Dados!$AC$3:'Dados'!$AC$329,"")} -> 2.1466601 | AO84: {=_xlfn.XLOOKUP(C84,Dados!$C$3:$C$329,Dados!$AD$3:'Dados'!$AD$329,"")} -> 2.4523242
A85: 254 | B85: Consórcio Intermunicipal de Saúde da Ameosc - CIS AMEOSC | C85: 02.311.972/0001-22 | D85: Santa Catarina | E85: Sul | F85: =_xlfn.XLOOKUP(C85,Dados!$C$3:$C$329,Dados!$D$3:$D$329,"") -> 27 | G85: =_xlfn.XLOOKUP(C85,Dados!$C$3:$C$329,Dados!$E$3:$E$329,"") -> 294066 | H85: =_xlfn.XLOOKUP(C85,Dados!$C$3:$C$329,Dados!$F$3:$F$329,"") -> 291997.67 | I85: =_xlfn.XLOOKUP(C85,Dados!$C$3:$C$329,Dados!$G$3:$G$329,"") -> 289929.33 | J85: =_xlfn.XLOOKUP(C85,Dados!$C$3:$C$329,Dados!$H$3:$H$329,"") -> 287861 | K85: =_xlfn.XLOOKUP(C85,Dados!$C$3:$C$329,Dados!$I$3:$I$329,"") -> 286287 | L85: =_xlfn.XLOOKUP(C85,Dados!$C$3:$C$329,Dados!$J$3:$J$329,"") -> 19 | M85: =_xlfn.XLOOKUP(C85,Dados!$C$3:$C$329,Dados!$K$3:$K$329,"") -> Sul | N85: =_xlfn.XLOOKUP(C85,Dados!$C$3:$C$329,Dados!$L$3:$L$329,"") -> 1 | O85: =_xlfn.XLOOKUP(C85,Dados!$C$3:$C$329,Dados!$M$3:$M$329,"") -> 0.67970464 | P85: =_xlfn.XLOOKUP(C85,Dados!$C$3:$C$329,Dados!$N$3:$N$329,"") -> 0.65079203 | Q85: =_xlfn.XLOOKUP(C85,Dados!$C$3:$C$329,Dados!$O$3:$O$329,"") -> 0.62491843 | R85: =_xlfn.XLOOKUP(C85,Dados!$C$3:$C$329,Dados!$P$3:$P$329,"") -> 0.61466669 | S85: =_xlfn.XLOOKUP(C85,Dados!$C$3:$C$329,Dados!$Q$3:$Q$329,"") -> 0.28174668 | T85: =_xlfn.XLOOKUP(C85,Dados!$C$3:$C$329,Dados!$R$3:$R$329,"") -> 0.68078891 | U85: =_xlfn.XLOOKUP(C85,Dados!$C$3:$C$329,Dados!$S$3:$S$329,"") -> 0.84812409 | V85: =_xlfn.XLOOKUP(C85,Dados!$C$3:$C$329,Dados!$T$3:$T$329,"") -> 1592.2174 | W85: =_xlfn.XLOOKUP(C85,Dados!$C$3:$C$329,Dados!$U$3:$U$329,"") -> 1400.2087 | X85: =_xlfn.XLOOKUP(C85,Dados!$C$3:$C$329,Dados!$V$3:$V$329,"") -> 1231.2583 | Y85: =_xlfn.XLOOKUP(C85,Dados!$C$3:$C$329,Dados!$W$3:$W$329,"") -> 1056.9475 | Z85: =_xlfn.XLOOKUP(C85,Dados!$C$3:$C$329,Dados!$X$3:$X$329,"") -> 1024.9918 | AF85: #DIV/0! | AG85: #DIV/0! | AH85: #DIV/0! | AI85: 0.037371529 | AJ85: 0.040613342 | AK85: {=_xlfn.XLOOKUP(C85,Dados!$C$3:$C$329,Dados!$Z$3:'Dados'!$Z$329,"")} -> 12.916852 | AL85: {=_xlfn.XLOOKUP(C85,Dados!$C$3:$C$329,Dados!$AA$3:'Dados'!$AA$329,"")} -> 10.974673 | AM85: {=_xlfn.XLOOKUP(C85,Dados!$C$3:$C$329,Dados!$AB$3:'Dados'!$AB$329,"")} -> 12.357291 | AN85: {=_xlfn.XLOOKUP(C85,Dados!$C$3:$C$329,Dados!$AC$3:'Dados'!$AC$329,"")} -> 9.4345535 | AO85: {=_xlfn.XLOOKUP(C85,Dados!$C$3:$C$329,Dados!$AD$3:'Dados'!$AD$329,"")} -> 7.3920646
A86: 302 | B86: Consórcio Intermunicipal de Saúde do Oeste do Paraná - CISOP | C86: 00.944.673/0001-08 | D86: Paraná | E86: Sul | F86: =_xlfn.XLOOKUP(C86,Dados!$C$3:$C$329,Dados!$D$3:$D$329,"") -> 29 | G86: =_xlfn.XLOOKUP(C86,Dados!$C$3:$C$329,Dados!$E$3:$E$329,"") -> 410246 | H86: =_xlfn.XLOOKUP(C86,Dados!$C$3:$C$329,Dados!$F$3:$F$329,"") -> 406798.33 | I86: =_xlfn.XLOOKUP(C86,Dados!$C$3:$C$329,Dados!$G$3:$G$329,"") -> 403350.67 | J86: =_xlfn.XLOOKUP(C86,Dados!$C$3:$C$329,Dados!$H$3:$H$329,"") -> 399903 | K86: =_xlfn.XLOOKUP(C86,Dados!$C$3:$C$329,Dados!$I$3:$I$329,"") -> 399401 | L86: =_xlfn.XLOOKUP(C86,Dados!$C$3:$C$329,Dados!$J$3:$J$329,"") -> 25 | M86: =_xlfn.XLOOKUP(C86,Dados!$C$3:$C$329,Dados!$K$3:$K$329,"") -> Sul | N86: =_xlfn.XLOOKUP(C86,Dados!$C$3:$C$329,Dados!$L$3:$L$329,"") -> 1 | O86: =_xlfn.XLOOKUP(C86,Dados!$C$3:$C$329,Dados!$M$3:$M$329,"") -> 0.68787969 | P86: =_xlfn.XLOOKUP(C86,Dados!$C$3:$C$329,Dados!$N$3:$N$329,"") -> 0.65890469 | Q86: =_xlfn.XLOOKUP(C86,Dados!$C$3:$C$329,Dados!$O$3:$O$329,"") -> 0.64474418 | R86: =_xlfn.XLOOKUP(C86,Dados!$C$3:$C$329,Dados!$P$3:$P$329,"") -> 0.6192435 | S86: =_xlfn.XLOOKUP(C86,Dados!$C$3:$C$329,Dados!$Q$3:$Q$329,"") -> 0.29676496 | T86: =_xlfn.XLOOKUP(C86,Dados!$C$3:$C$329,Dados!$R$3:$R$329,"") -> 0.74976574 | U86: =_xlfn.XLOOKUP(C86,Dados!$C$3:$C$329,Dados!$S$3:$S$329,"") -> 0.85526003 | V86: =_xlfn.XLOOKUP(C86,Dados!$C$3:$C$329,Dados!$T$3:$T$329,"") -> 1720.3051 | W86: =_xlfn.XLOOKUP(C86,Dados!$C$3:$C$329,Dados!$U$3:$U$329,"") -> 1380.3986 | X86: =_xlfn.XLOOKUP(C86,Dados!$C$3:$C$329,Dados!$V$3:$V$329,"") -> 1404.5715 | Y86: =_xlfn.XLOOKUP(C86,Dados!$C$3:$C$329,Dados!$W$3:$W$329,"") -> 1162.3856 | Z86: =_xlfn.XLOOKUP(C86,Dados!$C$3:$C$329,Dados!$X$3:$X$329,"") -> 972.82895 | AF86: 0.12519687 | AG86: 0.14788715 | AH86: 0.17404527 | AI86: #DIV/0! | AJ86: 0.23447675 | AK86: {=_xlfn.XLOOKUP(C86,Dados!$C$3:$C$329,Dados!$Z$3:'Dados'!$Z$329,"")} -> 8.0279345 | AL86: {=_xlfn.XLOOKUP(C86,Dados!$C$3:$C$329,Dados!$AA$3:'Dados'!$AA$329,"")} -> 7.7758013 | AM86: {=_xlfn.XLOOKUP(C86,Dados!$C$3:$C$329,Dados!$AB$3:'Dados'!$AB$329,"")} -> 7.342653 | AN86: {=_xlfn.XLOOKUP(C86,Dados!$C$3:$C$329,Dados!$AC$3:'Dados'!$AC$329,"")} -> 5.5000188 | AO86: {=_xlfn.XLOOKUP(C86,Dados!$C$3:$C$329,Dados!$AD$3:'Dados'!$AD$329,"")} -> 4.8945821
A87: 303 | B87: Consórcio Intermunicipal de Saúde do Médio Paranapanema - CISMEPAR | C87: 00.445.188/0001-81 | D87: Paraná | E87: Sul | F87: =_xlfn.XLOOKUP(C87,Dados!$C$3:$C$329,Dados!$D$3:$D$329,"") -> 30 | G87: =_xlfn.XLOOKUP(C87,Dados!$C$3:$C$329,Dados!$E$3:$E$329,"") -> 1012418 | H87: =_xlfn.XLOOKUP(C87,Dados!$C$3:$C$329,Dados!$F$3:$F$329,"") -> 1015963.7 | I87: =_xlfn.XLOOKUP(C87,Dados!$C$3:$C$329,Dados!$G$3:$G$329,"") -> 1019509.3 | J87: =_xlfn.XLOOKUP(C87,Dados!$C$3:$C$329,Dados!$H$3:$H$329,"") -> 1023055 | K87: =_xlfn.XLOOKUP(C87,Dados!$C$3:$C$329,Dados!$I$3:$I$329,"") -> 1014858 | L87: =_xlfn.XLOOKUP(C87,Dados!$C$3:$C$329,Dados!$J$3:$J$329,"") -> 21 | M87: =_xlfn.XLOOKUP(C87,Dados!$C$3:$C$329,Dados!$K$3:$K$329,"") -> Sul | N87: =_xlfn.XLOOKUP(C87,Dados!$C$3:$C$329,Dados!$L$3:$L$329,"") -> 1 | O87: =_xlfn.XLOOKUP(C87,Dados!$C$3:$C$329,Dados!$M$3:$M$329,"") -> 0.79950066 | P87: =_xlfn.XLOOKUP(C87,Dados!$C$3:$C$329,Dados!$N$3:$N$329,"") -> 0.77642674 | Q87: =_xlfn.XLOOKUP(C87,Dados!$C$3:$C$329,Dados!$O$3:$O$329,"") -> 0.76658031 | R87: =_xlfn.XLOOKUP(C87,Dados!$C$3:$C$329,Dados!$P$3:$P$329,"") -> 0.7341252 | S87: =_xlfn.XLOOKUP(C87,Dados!$C$3:$C$329,Dados!$Q$3:$Q$329,"") -> 0.8490334 | T87: =_xlfn.XLOOKUP(C87,Dados!$C$3:$C$329,Dados!$R$3:$R$329,"") -> 0.94466822 | U87: =_xlfn.XLOOKUP(C87,Dados!$C$3:$C$329,Dados!$S$3:$S$329,"") -> 0.97826782 | V87: =_xlfn.XLOOKUP(C87,Dados!$C$3:$C$329,Dados!$T$3:$T$329,"") -> 1765.6109 | W87: =_xlfn.XLOOKUP(C87,Dados!$C$3:$C$329,Dados!$U$3:$U$329,"") -> 1516.7671 | X87: =_xlfn.XLOOKUP(C87,Dados!$C$3:$C$329,Dados!$V$3:$V$329,"") -> 1338.6201 | Y87: =_xlfn.XLOOKUP(C87,Dados!$C$3:$C$329,Dados!$W$3:$W$329,"") -> 1275.1238 | Z87: =_xlfn.XLOOKUP(C87,Dados!$C$3:$C$329,Dados!$X$3:$X$329,"") -> 1188.8111 | AF87: 0.15390404 | AG87: 0.15883743 | AH87: 0.19053437 | AI87: 0.22650314 | AJ87: 0.27171654 | AK87: {=_xlfn.XLOOKUP(C87,Dados!$C$3:$C$329,Dados!$Z$3:'Dados'!$Z$329,"")} -> 14.638563 | AL87: {=_xlfn.XLOOKUP(C87,Dados!$C$3:$C$329,Dados!$AA$3:'Dados'!$AA$329,"")} -> 14.422504 | AM87: {=_xlfn.XLOOKUP(C87,Dados!$C$3:$C$329,Dados!$AB$3:'Dados'!$AB$329,"")} -> 13.471579 | AN87: {=_xlfn.XLOOKUP(C87,Dados!$C$3:$C$329,Dados!$AC$3:'Dados'!$AC$329,"")} -> 10.843423 | AO87: {=_xlfn.XLOOKUP(C87,Dados!$C$3:$C$329,Dados!$AD$3:'Dados'!$AD$329,"")} -> 10.972829
A88: 304 | B88: Associação Intermunicipal de Saúde do Centro Oeste do Parana-Assiscop - ASSISCOP | C88: 02.322.413/0001-18 | D88: Paraná | E88: Sul | F88: =_xlfn.XLOOKUP(C88,Dados!$C$3:$C$329,Dados!$D$3:$D$329,"") -> 27 | G88: =_xlfn.XLOOKUP(C88,Dados!$C$3:$C$329,Dados!$E$3:$E$329,"") -> 71065 | H88: =_xlfn.XLOOKUP(C88,Dados!$C$3:$C$329,Dados!$F$3:$F$329,"") -> 70155.333 | I88: =_xlfn.XLOOKUP(C88,Dados!$C$3:$C$329,Dados!$G$3:$G$329,"") -> 69245.667 | J88: =_xlfn.XLOOKUP(C88,Dados!$C$3:$C$329,Dados!$H$3:$H$329,"") -> 68336 | K88: =_xlfn.XLOOKUP(C88,Dados!$C$3:$C$329,Dados!$I$3:$I$329,"") -> 68447 | L88: =_xlfn.XLOOKUP(C88,Dados!$C$3:$C$329,Dados!$J$3:$J$329,"") -> 6 | M88: =_xlfn.XLOOKUP(C88,Dados!$C$3:$C$329,Dados!$K$3:$K$329,"") -> Sul | N88: =_xlfn.XLOOKUP(C88,Dados!$C$3:$C$329,Dados!$L$3:$L$329,"") -> 1 | O88: =_xlfn.XLOOKUP(C88,Dados!$C$3:$C$329,Dados!$M$3:$M$329,"") -> 0.65409558 | P88: =_xlfn.XLOOKUP(C88,Dados!$C$3:$C$329,Dados!$N$3:$N$329,"") -> 0.6418029 | Q88: =_xlfn.XLOOKUP(C88,Dados!$C$3:$C$329,Dados!$O$3:$O$329,"") -> 0.61132646 | R88: =_xlfn.XLOOKUP(C88,Dados!$C$3:$C$329,Dados!$P$3:$P$329,"") -> 0.57813167 | S88: =_xlfn.XLOOKUP(C88,Dados!$C$3:$C$329,Dados!$Q$3:$Q$329,"") -> 0.25096735 | T88: =_xlfn.XLOOKUP(C88,Dados!$C$3:$C$329,Dados!$R$3:$R$329,"") -> 0.63194869 | U88: =_xlfn.XLOOKUP(C88,Dados!$C$3:$C$329,Dados!$S$3:$S$329,"") -> 0.66375209 | V88: =_xlfn.XLOOKUP(C88,Dados!$C$3:$C$329,Dados!$T$3:$T$329,"") -> 1614.1647 | W88: =_xlfn.XLOOKUP(C88,Dados!$C$3:$C$329,Dados!$U$3:$U$329,"") -> 1255.4016 | X88: =_xlfn.XLOOKUP(C88,Dados!$C$3:$C$329,Dados!$V$3:$V$329,"") -> 1112.5802 | Y88: =_xlfn.XLOOKUP(C88,Dados!$C$3:$C$329,Dados!$W$3:$W$329,"") -> 888.76443 | Z88: =_xlfn.XLOOKUP(C88,Dados!$C$3:$C$329,Dados!$X$3:$X$329,"") -> 773.29477 | AF88: 0.07312346 | AG88: 0.083219787 | AH88: 0.098182474 | AI88: 0.12845174 | AJ88: 0.1464578 | AK88: {=_xlfn.XLOOKUP(C88,Dados!$C$3:$C$329,Dados!$Z$3:'Dados'!$Z$329,"")} -> 1.8775628 | AL88: {=_xlfn.XLOOKUP(C88,Dados!$C$3:$C$329,Dados!$AA$3:'Dados'!$AA$329,"")} -> 1.8071185 | AM88: {=_xlfn.XLOOKUP(C88,Dados!$C$3:$C$329,Dados!$AB$3:'Dados'!$AB$329,"")} -> 1.7518786 | AN88: {=_xlfn.XLOOKUP(C88,Dados!$C$3:$C$329,Dados!$AC$3:'Dados'!$AC$329,"")} -> 2.8153535 | AO88: {=_xlfn.XLOOKUP(C88,Dados!$C$3:$C$329,Dados!$AD$3:'Dados'!$AD$329,"")} -> 2.7509606
